canonical_version,reading_stage,rs_name,p_level,competency,observable_oral_behavior,measurement,p_level_target,p10_success_rule,threshold_status,readiness_evidence_rule,readiness_status_rule,p10_confirmation_policy,equivalent_form_policy,attempt_policy,readiness_cycle_status_rule,matched_form_contract_version,form_equivalence_matrix_reference,equivalence_model_version,equivalence_tolerance_status,form_family_lifecycle,comprehension_model_version,p10_comprehension_readiness_rule,recency_model_version,readiness_recency_rule,revalidation_rule,minimum_evidence_model,minimum_evidence_rule,comprehension_coverage_model,p10_dimension_blueprint,p10_planned_opportunity_count,p10_opportunity_construction_rule,opportunity_pooling_rule,normative_authority,normative_source,precedence_rule,form_supply_model,form_supply_source,runtime_generation_policy,third_coverage_minimum_rule,rs10_feasibility_model,content_feasibility_rule,state_model_version,progress_descriptor_rule,readiness_state_rule_v025,readiness_evidence_subtype_rule,baseline_mastery_non_bypass_rule
v0.25,RS01,Word-recognition accuracy,P1,Recognise and say each expected word accurately while remaining in one-word visual mode.,"The spoken token matches the expected word; substitutions and omissions are rare, and a corrected word is distinguished from a first-pass correct word.",first_pass_accuracy = first-pass correct expected words / assessable expected words; final_accuracy = correct words after accepted self-corrections / assessable expected words.,Baseline on familiar high-frequency words.,"At P10: final_accuracy ≥97% and first_pass_accuracy ≥95%. Before P10, use the passage-specific target; oral results coach rather than block during Sessions 1–100.",PROVISIONAL_PILOT,Use same-RS valid P10 evidence under the canonical readiness specification.,"Use readiness_state only: PRIMARY_PENDING → PRIMARY_PASS/CONFIRMATION_PENDING → CONFIRMED_READY, or cause-specific NOT_YET / DISCORDANT_NOT_YET / REASSESS_TECHNICAL / INSUFFICIENT_EVIDENCE / INVALID_FORM / DIAGNOSTIC_HOLD. Only CONFIRMED_READY initially closes readiness; BASELINE_MASTERY is progress reporting only.","CONFIRM-1.0: A single valid P10 pass never closes an RS. Each RS readiness cycle uses two fresh unseen equivalent P10 forms: PRIMARY then CONFIRMATION. No coaching, hints, scored-result disclosure, or targeted practice may occur between a passing PRIMARY and its CONFIRMATION. Both valid forms must satisfy the same RS P10 readiness rule. If PRIMARY fails, stop the cycle and remediate before a new cycle. If PRIMARY passes but CONFIRMATION fails, mark DISCORDANT_NOT_YET and remediate before a new cycle. Technical-invalid forms are REASSESS_TECHNICAL and do not count as valid attempts. All valid forms remain in the audit record; the system may never cherry-pick the best historical pass.","EQUIV-2.1: exact 100 COUNT-100 words; World 1 one-word display; same RS/P10, scoring version, threshold version/status, comprehension blueprint class and safety/accessibility gates; fresh unseen content; non-compensatory global + RS-specific matching; candidate must pass all tolerances embedded in the canonical v0.22 Markdown specification.","ATTEMPT-1.0: A readiness cycle is PRIMARY→CONFIRMATION. A valid failure ends that cycle. A new cycle may begin only after an intervening targeted learning block for that RS. After two consecutive failed/discordant valid cycles, set DIAGNOSTIC_HOLD and require at least two targeted non-readiness practice passages plus a documented diagnostic review before another readiness cycle. There is no unlimited back-to-back retry loop. Genuine later learning may reopen assessment after the required learning block.",PRIMARY_PENDING; PRIMARY_PASS; CONFIRMATION_PENDING; CONFIRMED_READY; NOT_YET; DISCORDANT_NOT_YET; REASSESS_TECHNICAL; INSUFFICIENT_EVIDENCE; INVALID_FORM; DIAGNOSTIC_HOLD; REVALIDATION_DUE; REVALIDATION_PENDING; CURRENT_REVALIDATED; NOT_YET_AFTER_REVALIDATION; VERSION_INVALIDATED. Only CONFIRMED_READY initially closes readiness.,EQUIV-2.1,SpeedReader_W1_BandA_Form_Equivalence_v0.22.csv,EQUIV-2.1,PROVISIONAL_STRUCTURAL,PROVISIONAL_STRUCTURAL → EMPIRICAL_REVIEW → PRODUCTION_APPROVED; SUSPENDED_RECALIBRATE on material change.,COMP-P10-1.0,,RECENCY-1.0,,,EVIDENCE-MIN-1.2,,COMP-COVERAGE-1.0,,,,,MIRROR_ONLY,SpeedReader_W1_BandA_Spec_v0.25.md,SpeedReader_W1_BandA_Spec_v0.25.md is sole normative source; v0.25 CSVs are mirrors only.,FORM-SUPPLY-1.0,PRE_GENERATED_QA_APPROVED_BANK,PROHIBITED,,,,STATE-SEP-1.0,Progress descriptors report P1/current trajectory only and cannot close readiness. BASELINE_MASTERY is allowed here.,"Use readiness_state only: PRIMARY_PENDING → PRIMARY_PASS/CONFIRMATION_PENDING → CONFIRMED_READY, or cause-specific NOT_YET / DISCORDANT_NOT_YET / REASSESS_TECHNICAL / INSUFFICIENT_EVIDENCE / INVALID_FORM / DIAGNOSTIC_HOLD. Only CONFIRMED_READY initially closes readiness; BASELINE_MASTERY is progress reporting only.",NONE,"Even if P1 meets the eventual P10 target, final readiness requires fresh P10 PRIMARY + matched CONFIRMATION."
v0.25,RS01,Word-recognition accuracy,P2,Recognise and say each expected word accurately while remaining in one-word visual mode.,"The spoken token matches the expected word; substitutions and omissions are rare, and a corrected word is distinguished from a first-pass correct word.",first_pass_accuracy = first-pass correct expected words / assessable expected words; final_accuracy = correct words after accepted self-corrections / assessable expected words.,Final accuracy ≥90%.,"At P10: final_accuracy ≥97% and first_pass_accuracy ≥95%. Before P10, use the passage-specific target; oral results coach rather than block during Sessions 1–100.",PROVISIONAL_PILOT,Use same-RS valid P10 evidence under the canonical readiness specification.,"Use readiness_state only: PRIMARY_PENDING → PRIMARY_PASS/CONFIRMATION_PENDING → CONFIRMED_READY, or cause-specific NOT_YET / DISCORDANT_NOT_YET / REASSESS_TECHNICAL / INSUFFICIENT_EVIDENCE / INVALID_FORM / DIAGNOSTIC_HOLD. Only CONFIRMED_READY initially closes readiness; BASELINE_MASTERY is progress reporting only.","CONFIRM-1.0: A single valid P10 pass never closes an RS. Each RS readiness cycle uses two fresh unseen equivalent P10 forms: PRIMARY then CONFIRMATION. No coaching, hints, scored-result disclosure, or targeted practice may occur between a passing PRIMARY and its CONFIRMATION. Both valid forms must satisfy the same RS P10 readiness rule. If PRIMARY fails, stop the cycle and remediate before a new cycle. If PRIMARY passes but CONFIRMATION fails, mark DISCORDANT_NOT_YET and remediate before a new cycle. Technical-invalid forms are REASSESS_TECHNICAL and do not count as valid attempts. All valid forms remain in the audit record; the system may never cherry-pick the best historical pass.","EQUIV-2.1: exact 100 COUNT-100 words; World 1 one-word display; same RS/P10, scoring version, threshold version/status, comprehension blueprint class and safety/accessibility gates; fresh unseen content; non-compensatory global + RS-specific matching; candidate must pass all tolerances embedded in the canonical v0.22 Markdown specification.","ATTEMPT-1.0: A readiness cycle is PRIMARY→CONFIRMATION. A valid failure ends that cycle. A new cycle may begin only after an intervening targeted learning block for that RS. After two consecutive failed/discordant valid cycles, set DIAGNOSTIC_HOLD and require at least two targeted non-readiness practice passages plus a documented diagnostic review before another readiness cycle. There is no unlimited back-to-back retry loop. Genuine later learning may reopen assessment after the required learning block.",PRIMARY_PENDING; PRIMARY_PASS; CONFIRMATION_PENDING; CONFIRMED_READY; NOT_YET; DISCORDANT_NOT_YET; REASSESS_TECHNICAL; INSUFFICIENT_EVIDENCE; INVALID_FORM; DIAGNOSTIC_HOLD; REVALIDATION_DUE; REVALIDATION_PENDING; CURRENT_REVALIDATED; NOT_YET_AFTER_REVALIDATION; VERSION_INVALIDATED. Only CONFIRMED_READY initially closes readiness.,EQUIV-2.1,SpeedReader_W1_BandA_Form_Equivalence_v0.22.csv,EQUIV-2.1,PROVISIONAL_STRUCTURAL,PROVISIONAL_STRUCTURAL → EMPIRICAL_REVIEW → PRODUCTION_APPROVED; SUSPENDED_RECALIBRATE on material change.,COMP-P10-1.0,,RECENCY-1.0,,,EVIDENCE-MIN-1.2,,COMP-COVERAGE-1.0,,,,,MIRROR_ONLY,SpeedReader_W1_BandA_Spec_v0.25.md,SpeedReader_W1_BandA_Spec_v0.25.md is sole normative source; v0.25 CSVs are mirrors only.,FORM-SUPPLY-1.0,PRE_GENERATED_QA_APPROVED_BANK,PROHIBITED,,,,STATE-SEP-1.0,Progress descriptors report P1/current trajectory only and cannot close readiness. BASELINE_MASTERY is allowed here.,"Use readiness_state only: PRIMARY_PENDING → PRIMARY_PASS/CONFIRMATION_PENDING → CONFIRMED_READY, or cause-specific NOT_YET / DISCORDANT_NOT_YET / REASSESS_TECHNICAL / INSUFFICIENT_EVIDENCE / INVALID_FORM / DIAGNOSTIC_HOLD. Only CONFIRMED_READY initially closes readiness; BASELINE_MASTERY is progress reporting only.",NONE,"Even if P1 meets the eventual P10 target, final readiness requires fresh P10 PRIMARY + matched CONFIRMATION."
v0.25,RS01,Word-recognition accuracy,P3,Recognise and say each expected word accurately while remaining in one-word visual mode.,"The spoken token matches the expected word; substitutions and omissions are rare, and a corrected word is distinguished from a first-pass correct word.",first_pass_accuracy = first-pass correct expected words / assessable expected words; final_accuracy = correct words after accepted self-corrections / assessable expected words.,Final accuracy ≥91%.,"At P10: final_accuracy ≥97% and first_pass_accuracy ≥95%. Before P10, use the passage-specific target; oral results coach rather than block during Sessions 1–100.",PROVISIONAL_PILOT,Use same-RS valid P10 evidence under the canonical readiness specification.,"Use readiness_state only: PRIMARY_PENDING → PRIMARY_PASS/CONFIRMATION_PENDING → CONFIRMED_READY, or cause-specific NOT_YET / DISCORDANT_NOT_YET / REASSESS_TECHNICAL / INSUFFICIENT_EVIDENCE / INVALID_FORM / DIAGNOSTIC_HOLD. Only CONFIRMED_READY initially closes readiness; BASELINE_MASTERY is progress reporting only.","CONFIRM-1.0: A single valid P10 pass never closes an RS. Each RS readiness cycle uses two fresh unseen equivalent P10 forms: PRIMARY then CONFIRMATION. No coaching, hints, scored-result disclosure, or targeted practice may occur between a passing PRIMARY and its CONFIRMATION. Both valid forms must satisfy the same RS P10 readiness rule. If PRIMARY fails, stop the cycle and remediate before a new cycle. If PRIMARY passes but CONFIRMATION fails, mark DISCORDANT_NOT_YET and remediate before a new cycle. Technical-invalid forms are REASSESS_TECHNICAL and do not count as valid attempts. All valid forms remain in the audit record; the system may never cherry-pick the best historical pass.","EQUIV-2.1: exact 100 COUNT-100 words; World 1 one-word display; same RS/P10, scoring version, threshold version/status, comprehension blueprint class and safety/accessibility gates; fresh unseen content; non-compensatory global + RS-specific matching; candidate must pass all tolerances embedded in the canonical v0.22 Markdown specification.","ATTEMPT-1.0: A readiness cycle is PRIMARY→CONFIRMATION. A valid failure ends that cycle. A new cycle may begin only after an intervening targeted learning block for that RS. After two consecutive failed/discordant valid cycles, set DIAGNOSTIC_HOLD and require at least two targeted non-readiness practice passages plus a documented diagnostic review before another readiness cycle. There is no unlimited back-to-back retry loop. Genuine later learning may reopen assessment after the required learning block.",PRIMARY_PENDING; PRIMARY_PASS; CONFIRMATION_PENDING; CONFIRMED_READY; NOT_YET; DISCORDANT_NOT_YET; REASSESS_TECHNICAL; INSUFFICIENT_EVIDENCE; INVALID_FORM; DIAGNOSTIC_HOLD; REVALIDATION_DUE; REVALIDATION_PENDING; CURRENT_REVALIDATED; NOT_YET_AFTER_REVALIDATION; VERSION_INVALIDATED. Only CONFIRMED_READY initially closes readiness.,EQUIV-2.1,SpeedReader_W1_BandA_Form_Equivalence_v0.22.csv,EQUIV-2.1,PROVISIONAL_STRUCTURAL,PROVISIONAL_STRUCTURAL → EMPIRICAL_REVIEW → PRODUCTION_APPROVED; SUSPENDED_RECALIBRATE on material change.,COMP-P10-1.0,,RECENCY-1.0,,,EVIDENCE-MIN-1.2,,COMP-COVERAGE-1.0,,,,,MIRROR_ONLY,SpeedReader_W1_BandA_Spec_v0.25.md,SpeedReader_W1_BandA_Spec_v0.25.md is sole normative source; v0.25 CSVs are mirrors only.,FORM-SUPPLY-1.0,PRE_GENERATED_QA_APPROVED_BANK,PROHIBITED,,,,STATE-SEP-1.0,Progress descriptors report P1/current trajectory only and cannot close readiness. BASELINE_MASTERY is allowed here.,"Use readiness_state only: PRIMARY_PENDING → PRIMARY_PASS/CONFIRMATION_PENDING → CONFIRMED_READY, or cause-specific NOT_YET / DISCORDANT_NOT_YET / REASSESS_TECHNICAL / INSUFFICIENT_EVIDENCE / INVALID_FORM / DIAGNOSTIC_HOLD. Only CONFIRMED_READY initially closes readiness; BASELINE_MASTERY is progress reporting only.",NONE,"Even if P1 meets the eventual P10 target, final readiness requires fresh P10 PRIMARY + matched CONFIRMATION."
v0.25,RS01,Word-recognition accuracy,P4,Recognise and say each expected word accurately while remaining in one-word visual mode.,"The spoken token matches the expected word; substitutions and omissions are rare, and a corrected word is distinguished from a first-pass correct word.",first_pass_accuracy = first-pass correct expected words / assessable expected words; final_accuracy = correct words after accepted self-corrections / assessable expected words.,Final accuracy ≥92%.,"At P10: final_accuracy ≥97% and first_pass_accuracy ≥95%. Before P10, use the passage-specific target; oral results coach rather than block during Sessions 1–100.",PROVISIONAL_PILOT,Use same-RS valid P10 evidence under the canonical readiness specification.,"Use readiness_state only: PRIMARY_PENDING → PRIMARY_PASS/CONFIRMATION_PENDING → CONFIRMED_READY, or cause-specific NOT_YET / DISCORDANT_NOT_YET / REASSESS_TECHNICAL / INSUFFICIENT_EVIDENCE / INVALID_FORM / DIAGNOSTIC_HOLD. Only CONFIRMED_READY initially closes readiness; BASELINE_MASTERY is progress reporting only.","CONFIRM-1.0: A single valid P10 pass never closes an RS. Each RS readiness cycle uses two fresh unseen equivalent P10 forms: PRIMARY then CONFIRMATION. No coaching, hints, scored-result disclosure, or targeted practice may occur between a passing PRIMARY and its CONFIRMATION. Both valid forms must satisfy the same RS P10 readiness rule. If PRIMARY fails, stop the cycle and remediate before a new cycle. If PRIMARY passes but CONFIRMATION fails, mark DISCORDANT_NOT_YET and remediate before a new cycle. Technical-invalid forms are REASSESS_TECHNICAL and do not count as valid attempts. All valid forms remain in the audit record; the system may never cherry-pick the best historical pass.","EQUIV-2.1: exact 100 COUNT-100 words; World 1 one-word display; same RS/P10, scoring version, threshold version/status, comprehension blueprint class and safety/accessibility gates; fresh unseen content; non-compensatory global + RS-specific matching; candidate must pass all tolerances embedded in the canonical v0.22 Markdown specification.","ATTEMPT-1.0: A readiness cycle is PRIMARY→CONFIRMATION. A valid failure ends that cycle. A new cycle may begin only after an intervening targeted learning block for that RS. After two consecutive failed/discordant valid cycles, set DIAGNOSTIC_HOLD and require at least two targeted non-readiness practice passages plus a documented diagnostic review before another readiness cycle. There is no unlimited back-to-back retry loop. Genuine later learning may reopen assessment after the required learning block.",PRIMARY_PENDING; PRIMARY_PASS; CONFIRMATION_PENDING; CONFIRMED_READY; NOT_YET; DISCORDANT_NOT_YET; REASSESS_TECHNICAL; INSUFFICIENT_EVIDENCE; INVALID_FORM; DIAGNOSTIC_HOLD; REVALIDATION_DUE; REVALIDATION_PENDING; CURRENT_REVALIDATED; NOT_YET_AFTER_REVALIDATION; VERSION_INVALIDATED. Only CONFIRMED_READY initially closes readiness.,EQUIV-2.1,SpeedReader_W1_BandA_Form_Equivalence_v0.22.csv,EQUIV-2.1,PROVISIONAL_STRUCTURAL,PROVISIONAL_STRUCTURAL → EMPIRICAL_REVIEW → PRODUCTION_APPROVED; SUSPENDED_RECALIBRATE on material change.,COMP-P10-1.0,,RECENCY-1.0,,,EVIDENCE-MIN-1.2,,COMP-COVERAGE-1.0,,,,,MIRROR_ONLY,SpeedReader_W1_BandA_Spec_v0.25.md,SpeedReader_W1_BandA_Spec_v0.25.md is sole normative source; v0.25 CSVs are mirrors only.,FORM-SUPPLY-1.0,PRE_GENERATED_QA_APPROVED_BANK,PROHIBITED,,,,STATE-SEP-1.0,Progress descriptors report P1/current trajectory only and cannot close readiness. BASELINE_MASTERY is allowed here.,"Use readiness_state only: PRIMARY_PENDING → PRIMARY_PASS/CONFIRMATION_PENDING → CONFIRMED_READY, or cause-specific NOT_YET / DISCORDANT_NOT_YET / REASSESS_TECHNICAL / INSUFFICIENT_EVIDENCE / INVALID_FORM / DIAGNOSTIC_HOLD. Only CONFIRMED_READY initially closes readiness; BASELINE_MASTERY is progress reporting only.",NONE,"Even if P1 meets the eventual P10 target, final readiness requires fresh P10 PRIMARY + matched CONFIRMATION."
v0.25,RS01,Word-recognition accuracy,P5,Recognise and say each expected word accurately while remaining in one-word visual mode.,"The spoken token matches the expected word; substitutions and omissions are rare, and a corrected word is distinguished from a first-pass correct word.",first_pass_accuracy = first-pass correct expected words / assessable expected words; final_accuracy = correct words after accepted self-corrections / assessable expected words.,Final accuracy ≥93%.,"At P10: final_accuracy ≥97% and first_pass_accuracy ≥95%. Before P10, use the passage-specific target; oral results coach rather than block during Sessions 1–100.",PROVISIONAL_PILOT,Use same-RS valid P10 evidence under the canonical readiness specification.,"Use readiness_state only: PRIMARY_PENDING → PRIMARY_PASS/CONFIRMATION_PENDING → CONFIRMED_READY, or cause-specific NOT_YET / DISCORDANT_NOT_YET / REASSESS_TECHNICAL / INSUFFICIENT_EVIDENCE / INVALID_FORM / DIAGNOSTIC_HOLD. Only CONFIRMED_READY initially closes readiness; BASELINE_MASTERY is progress reporting only.","CONFIRM-1.0: A single valid P10 pass never closes an RS. Each RS readiness cycle uses two fresh unseen equivalent P10 forms: PRIMARY then CONFIRMATION. No coaching, hints, scored-result disclosure, or targeted practice may occur between a passing PRIMARY and its CONFIRMATION. Both valid forms must satisfy the same RS P10 readiness rule. If PRIMARY fails, stop the cycle and remediate before a new cycle. If PRIMARY passes but CONFIRMATION fails, mark DISCORDANT_NOT_YET and remediate before a new cycle. Technical-invalid forms are REASSESS_TECHNICAL and do not count as valid attempts. All valid forms remain in the audit record; the system may never cherry-pick the best historical pass.","EQUIV-2.1: exact 100 COUNT-100 words; World 1 one-word display; same RS/P10, scoring version, threshold version/status, comprehension blueprint class and safety/accessibility gates; fresh unseen content; non-compensatory global + RS-specific matching; candidate must pass all tolerances embedded in the canonical v0.22 Markdown specification.","ATTEMPT-1.0: A readiness cycle is PRIMARY→CONFIRMATION. A valid failure ends that cycle. A new cycle may begin only after an intervening targeted learning block for that RS. After two consecutive failed/discordant valid cycles, set DIAGNOSTIC_HOLD and require at least two targeted non-readiness practice passages plus a documented diagnostic review before another readiness cycle. There is no unlimited back-to-back retry loop. Genuine later learning may reopen assessment after the required learning block.",PRIMARY_PENDING; PRIMARY_PASS; CONFIRMATION_PENDING; CONFIRMED_READY; NOT_YET; DISCORDANT_NOT_YET; REASSESS_TECHNICAL; INSUFFICIENT_EVIDENCE; INVALID_FORM; DIAGNOSTIC_HOLD; REVALIDATION_DUE; REVALIDATION_PENDING; CURRENT_REVALIDATED; NOT_YET_AFTER_REVALIDATION; VERSION_INVALIDATED. Only CONFIRMED_READY initially closes readiness.,EQUIV-2.1,SpeedReader_W1_BandA_Form_Equivalence_v0.22.csv,EQUIV-2.1,PROVISIONAL_STRUCTURAL,PROVISIONAL_STRUCTURAL → EMPIRICAL_REVIEW → PRODUCTION_APPROVED; SUSPENDED_RECALIBRATE on material change.,COMP-P10-1.0,,RECENCY-1.0,,,EVIDENCE-MIN-1.2,,COMP-COVERAGE-1.0,,,,,MIRROR_ONLY,SpeedReader_W1_BandA_Spec_v0.25.md,SpeedReader_W1_BandA_Spec_v0.25.md is sole normative source; v0.25 CSVs are mirrors only.,FORM-SUPPLY-1.0,PRE_GENERATED_QA_APPROVED_BANK,PROHIBITED,,,,STATE-SEP-1.0,Progress descriptors report P1/current trajectory only and cannot close readiness. BASELINE_MASTERY is allowed here.,"Use readiness_state only: PRIMARY_PENDING → PRIMARY_PASS/CONFIRMATION_PENDING → CONFIRMED_READY, or cause-specific NOT_YET / DISCORDANT_NOT_YET / REASSESS_TECHNICAL / INSUFFICIENT_EVIDENCE / INVALID_FORM / DIAGNOSTIC_HOLD. Only CONFIRMED_READY initially closes readiness; BASELINE_MASTERY is progress reporting only.",NONE,"Even if P1 meets the eventual P10 target, final readiness requires fresh P10 PRIMARY + matched CONFIRMATION."
v0.25,RS01,Word-recognition accuracy,P6,Recognise and say each expected word accurately while remaining in one-word visual mode.,"The spoken token matches the expected word; substitutions and omissions are rare, and a corrected word is distinguished from a first-pass correct word.",first_pass_accuracy = first-pass correct expected words / assessable expected words; final_accuracy = correct words after accepted self-corrections / assessable expected words.,Final accuracy ≥94%.,"At P10: final_accuracy ≥97% and first_pass_accuracy ≥95%. Before P10, use the passage-specific target; oral results coach rather than block during Sessions 1–100.",PROVISIONAL_PILOT,Use same-RS valid P10 evidence under the canonical readiness specification.,"Use readiness_state only: PRIMARY_PENDING → PRIMARY_PASS/CONFIRMATION_PENDING → CONFIRMED_READY, or cause-specific NOT_YET / DISCORDANT_NOT_YET / REASSESS_TECHNICAL / INSUFFICIENT_EVIDENCE / INVALID_FORM / DIAGNOSTIC_HOLD. Only CONFIRMED_READY initially closes readiness; BASELINE_MASTERY is progress reporting only.","CONFIRM-1.0: A single valid P10 pass never closes an RS. Each RS readiness cycle uses two fresh unseen equivalent P10 forms: PRIMARY then CONFIRMATION. No coaching, hints, scored-result disclosure, or targeted practice may occur between a passing PRIMARY and its CONFIRMATION. Both valid forms must satisfy the same RS P10 readiness rule. If PRIMARY fails, stop the cycle and remediate before a new cycle. If PRIMARY passes but CONFIRMATION fails, mark DISCORDANT_NOT_YET and remediate before a new cycle. Technical-invalid forms are REASSESS_TECHNICAL and do not count as valid attempts. All valid forms remain in the audit record; the system may never cherry-pick the best historical pass.","EQUIV-2.1: exact 100 COUNT-100 words; World 1 one-word display; same RS/P10, scoring version, threshold version/status, comprehension blueprint class and safety/accessibility gates; fresh unseen content; non-compensatory global + RS-specific matching; candidate must pass all tolerances embedded in the canonical v0.22 Markdown specification.","ATTEMPT-1.0: A readiness cycle is PRIMARY→CONFIRMATION. A valid failure ends that cycle. A new cycle may begin only after an intervening targeted learning block for that RS. After two consecutive failed/discordant valid cycles, set DIAGNOSTIC_HOLD and require at least two targeted non-readiness practice passages plus a documented diagnostic review before another readiness cycle. There is no unlimited back-to-back retry loop. Genuine later learning may reopen assessment after the required learning block.",PRIMARY_PENDING; PRIMARY_PASS; CONFIRMATION_PENDING; CONFIRMED_READY; NOT_YET; DISCORDANT_NOT_YET; REASSESS_TECHNICAL; INSUFFICIENT_EVIDENCE; INVALID_FORM; DIAGNOSTIC_HOLD; REVALIDATION_DUE; REVALIDATION_PENDING; CURRENT_REVALIDATED; NOT_YET_AFTER_REVALIDATION; VERSION_INVALIDATED. Only CONFIRMED_READY initially closes readiness.,EQUIV-2.1,SpeedReader_W1_BandA_Form_Equivalence_v0.22.csv,EQUIV-2.1,PROVISIONAL_STRUCTURAL,PROVISIONAL_STRUCTURAL → EMPIRICAL_REVIEW → PRODUCTION_APPROVED; SUSPENDED_RECALIBRATE on material change.,COMP-P10-1.0,,RECENCY-1.0,,,EVIDENCE-MIN-1.2,,COMP-COVERAGE-1.0,,,,,MIRROR_ONLY,SpeedReader_W1_BandA_Spec_v0.25.md,SpeedReader_W1_BandA_Spec_v0.25.md is sole normative source; v0.25 CSVs are mirrors only.,FORM-SUPPLY-1.0,PRE_GENERATED_QA_APPROVED_BANK,PROHIBITED,,,,STATE-SEP-1.0,Progress descriptors report P1/current trajectory only and cannot close readiness. BASELINE_MASTERY is allowed here.,"Use readiness_state only: PRIMARY_PENDING → PRIMARY_PASS/CONFIRMATION_PENDING → CONFIRMED_READY, or cause-specific NOT_YET / DISCORDANT_NOT_YET / REASSESS_TECHNICAL / INSUFFICIENT_EVIDENCE / INVALID_FORM / DIAGNOSTIC_HOLD. Only CONFIRMED_READY initially closes readiness; BASELINE_MASTERY is progress reporting only.",NONE,"Even if P1 meets the eventual P10 target, final readiness requires fresh P10 PRIMARY + matched CONFIRMATION."
v0.25,RS01,Word-recognition accuracy,P7,Recognise and say each expected word accurately while remaining in one-word visual mode.,"The spoken token matches the expected word; substitutions and omissions are rare, and a corrected word is distinguished from a first-pass correct word.",first_pass_accuracy = first-pass correct expected words / assessable expected words; final_accuracy = correct words after accepted self-corrections / assessable expected words.,Final accuracy ≥95%.,"At P10: final_accuracy ≥97% and first_pass_accuracy ≥95%. Before P10, use the passage-specific target; oral results coach rather than block during Sessions 1–100.",PROVISIONAL_PILOT,Use same-RS valid P10 evidence under the canonical readiness specification.,"Use readiness_state only: PRIMARY_PENDING → PRIMARY_PASS/CONFIRMATION_PENDING → CONFIRMED_READY, or cause-specific NOT_YET / DISCORDANT_NOT_YET / REASSESS_TECHNICAL / INSUFFICIENT_EVIDENCE / INVALID_FORM / DIAGNOSTIC_HOLD. Only CONFIRMED_READY initially closes readiness; BASELINE_MASTERY is progress reporting only.","CONFIRM-1.0: A single valid P10 pass never closes an RS. Each RS readiness cycle uses two fresh unseen equivalent P10 forms: PRIMARY then CONFIRMATION. No coaching, hints, scored-result disclosure, or targeted practice may occur between a passing PRIMARY and its CONFIRMATION. Both valid forms must satisfy the same RS P10 readiness rule. If PRIMARY fails, stop the cycle and remediate before a new cycle. If PRIMARY passes but CONFIRMATION fails, mark DISCORDANT_NOT_YET and remediate before a new cycle. Technical-invalid forms are REASSESS_TECHNICAL and do not count as valid attempts. All valid forms remain in the audit record; the system may never cherry-pick the best historical pass.","EQUIV-2.1: exact 100 COUNT-100 words; World 1 one-word display; same RS/P10, scoring version, threshold version/status, comprehension blueprint class and safety/accessibility gates; fresh unseen content; non-compensatory global + RS-specific matching; candidate must pass all tolerances embedded in the canonical v0.22 Markdown specification.","ATTEMPT-1.0: A readiness cycle is PRIMARY→CONFIRMATION. A valid failure ends that cycle. A new cycle may begin only after an intervening targeted learning block for that RS. After two consecutive failed/discordant valid cycles, set DIAGNOSTIC_HOLD and require at least two targeted non-readiness practice passages plus a documented diagnostic review before another readiness cycle. There is no unlimited back-to-back retry loop. Genuine later learning may reopen assessment after the required learning block.",PRIMARY_PENDING; PRIMARY_PASS; CONFIRMATION_PENDING; CONFIRMED_READY; NOT_YET; DISCORDANT_NOT_YET; REASSESS_TECHNICAL; INSUFFICIENT_EVIDENCE; INVALID_FORM; DIAGNOSTIC_HOLD; REVALIDATION_DUE; REVALIDATION_PENDING; CURRENT_REVALIDATED; NOT_YET_AFTER_REVALIDATION; VERSION_INVALIDATED. Only CONFIRMED_READY initially closes readiness.,EQUIV-2.1,SpeedReader_W1_BandA_Form_Equivalence_v0.22.csv,EQUIV-2.1,PROVISIONAL_STRUCTURAL,PROVISIONAL_STRUCTURAL → EMPIRICAL_REVIEW → PRODUCTION_APPROVED; SUSPENDED_RECALIBRATE on material change.,COMP-P10-1.0,,RECENCY-1.0,,,EVIDENCE-MIN-1.2,,COMP-COVERAGE-1.0,,,,,MIRROR_ONLY,SpeedReader_W1_BandA_Spec_v0.25.md,SpeedReader_W1_BandA_Spec_v0.25.md is sole normative source; v0.25 CSVs are mirrors only.,FORM-SUPPLY-1.0,PRE_GENERATED_QA_APPROVED_BANK,PROHIBITED,,,,STATE-SEP-1.0,Progress descriptors report P1/current trajectory only and cannot close readiness. BASELINE_MASTERY is allowed here.,"Use readiness_state only: PRIMARY_PENDING → PRIMARY_PASS/CONFIRMATION_PENDING → CONFIRMED_READY, or cause-specific NOT_YET / DISCORDANT_NOT_YET / REASSESS_TECHNICAL / INSUFFICIENT_EVIDENCE / INVALID_FORM / DIAGNOSTIC_HOLD. Only CONFIRMED_READY initially closes readiness; BASELINE_MASTERY is progress reporting only.",NONE,"Even if P1 meets the eventual P10 target, final readiness requires fresh P10 PRIMARY + matched CONFIRMATION."
v0.25,RS01,Word-recognition accuracy,P8,Recognise and say each expected word accurately while remaining in one-word visual mode.,"The spoken token matches the expected word; substitutions and omissions are rare, and a corrected word is distinguished from a first-pass correct word.",first_pass_accuracy = first-pass correct expected words / assessable expected words; final_accuracy = correct words after accepted self-corrections / assessable expected words.,Final accuracy ≥95% with one gentle low-frequency word.,"At P10: final_accuracy ≥97% and first_pass_accuracy ≥95%. Before P10, use the passage-specific target; oral results coach rather than block during Sessions 1–100.",PROVISIONAL_PILOT,Use same-RS valid P10 evidence under the canonical readiness specification.,"Use readiness_state only: PRIMARY_PENDING → PRIMARY_PASS/CONFIRMATION_PENDING → CONFIRMED_READY, or cause-specific NOT_YET / DISCORDANT_NOT_YET / REASSESS_TECHNICAL / INSUFFICIENT_EVIDENCE / INVALID_FORM / DIAGNOSTIC_HOLD. Only CONFIRMED_READY initially closes readiness; BASELINE_MASTERY is progress reporting only.","CONFIRM-1.0: A single valid P10 pass never closes an RS. Each RS readiness cycle uses two fresh unseen equivalent P10 forms: PRIMARY then CONFIRMATION. No coaching, hints, scored-result disclosure, or targeted practice may occur between a passing PRIMARY and its CONFIRMATION. Both valid forms must satisfy the same RS P10 readiness rule. If PRIMARY fails, stop the cycle and remediate before a new cycle. If PRIMARY passes but CONFIRMATION fails, mark DISCORDANT_NOT_YET and remediate before a new cycle. Technical-invalid forms are REASSESS_TECHNICAL and do not count as valid attempts. All valid forms remain in the audit record; the system may never cherry-pick the best historical pass.","EQUIV-2.1: exact 100 COUNT-100 words; World 1 one-word display; same RS/P10, scoring version, threshold version/status, comprehension blueprint class and safety/accessibility gates; fresh unseen content; non-compensatory global + RS-specific matching; candidate must pass all tolerances embedded in the canonical v0.22 Markdown specification.","ATTEMPT-1.0: A readiness cycle is PRIMARY→CONFIRMATION. A valid failure ends that cycle. A new cycle may begin only after an intervening targeted learning block for that RS. After two consecutive failed/discordant valid cycles, set DIAGNOSTIC_HOLD and require at least two targeted non-readiness practice passages plus a documented diagnostic review before another readiness cycle. There is no unlimited back-to-back retry loop. Genuine later learning may reopen assessment after the required learning block.",PRIMARY_PENDING; PRIMARY_PASS; CONFIRMATION_PENDING; CONFIRMED_READY; NOT_YET; DISCORDANT_NOT_YET; REASSESS_TECHNICAL; INSUFFICIENT_EVIDENCE; INVALID_FORM; DIAGNOSTIC_HOLD; REVALIDATION_DUE; REVALIDATION_PENDING; CURRENT_REVALIDATED; NOT_YET_AFTER_REVALIDATION; VERSION_INVALIDATED. Only CONFIRMED_READY initially closes readiness.,EQUIV-2.1,SpeedReader_W1_BandA_Form_Equivalence_v0.22.csv,EQUIV-2.1,PROVISIONAL_STRUCTURAL,PROVISIONAL_STRUCTURAL → EMPIRICAL_REVIEW → PRODUCTION_APPROVED; SUSPENDED_RECALIBRATE on material change.,COMP-P10-1.0,,RECENCY-1.0,,,EVIDENCE-MIN-1.2,,COMP-COVERAGE-1.0,,,,,MIRROR_ONLY,SpeedReader_W1_BandA_Spec_v0.25.md,SpeedReader_W1_BandA_Spec_v0.25.md is sole normative source; v0.25 CSVs are mirrors only.,FORM-SUPPLY-1.0,PRE_GENERATED_QA_APPROVED_BANK,PROHIBITED,,,,STATE-SEP-1.0,Progress descriptors report P1/current trajectory only and cannot close readiness. BASELINE_MASTERY is allowed here.,"Use readiness_state only: PRIMARY_PENDING → PRIMARY_PASS/CONFIRMATION_PENDING → CONFIRMED_READY, or cause-specific NOT_YET / DISCORDANT_NOT_YET / REASSESS_TECHNICAL / INSUFFICIENT_EVIDENCE / INVALID_FORM / DIAGNOSTIC_HOLD. Only CONFIRMED_READY initially closes readiness; BASELINE_MASTERY is progress reporting only.",NONE,"Even if P1 meets the eventual P10 target, final readiness requires fresh P10 PRIMARY + matched CONFIRMATION."
v0.25,RS01,Word-recognition accuracy,P9,Recognise and say each expected word accurately while remaining in one-word visual mode.,"The spoken token matches the expected word; substitutions and omissions are rare, and a corrected word is distinguished from a first-pass correct word.",first_pass_accuracy = first-pass correct expected words / assessable expected words; final_accuracy = correct words after accepted self-corrections / assessable expected words.,Final accuracy ≥96% and first-pass accuracy ≥94%.,"At P10: final_accuracy ≥97% and first_pass_accuracy ≥95%. Before P10, use the passage-specific target; oral results coach rather than block during Sessions 1–100.",PROVISIONAL_PILOT,Use same-RS valid P10 evidence under the canonical readiness specification.,"Use readiness_state only: PRIMARY_PENDING → PRIMARY_PASS/CONFIRMATION_PENDING → CONFIRMED_READY, or cause-specific NOT_YET / DISCORDANT_NOT_YET / REASSESS_TECHNICAL / INSUFFICIENT_EVIDENCE / INVALID_FORM / DIAGNOSTIC_HOLD. Only CONFIRMED_READY initially closes readiness; BASELINE_MASTERY is progress reporting only.","CONFIRM-1.0: A single valid P10 pass never closes an RS. Each RS readiness cycle uses two fresh unseen equivalent P10 forms: PRIMARY then CONFIRMATION. No coaching, hints, scored-result disclosure, or targeted practice may occur between a passing PRIMARY and its CONFIRMATION. Both valid forms must satisfy the same RS P10 readiness rule. If PRIMARY fails, stop the cycle and remediate before a new cycle. If PRIMARY passes but CONFIRMATION fails, mark DISCORDANT_NOT_YET and remediate before a new cycle. Technical-invalid forms are REASSESS_TECHNICAL and do not count as valid attempts. All valid forms remain in the audit record; the system may never cherry-pick the best historical pass.","EQUIV-2.1: exact 100 COUNT-100 words; World 1 one-word display; same RS/P10, scoring version, threshold version/status, comprehension blueprint class and safety/accessibility gates; fresh unseen content; non-compensatory global + RS-specific matching; candidate must pass all tolerances embedded in the canonical v0.22 Markdown specification.","ATTEMPT-1.0: A readiness cycle is PRIMARY→CONFIRMATION. A valid failure ends that cycle. A new cycle may begin only after an intervening targeted learning block for that RS. After two consecutive failed/discordant valid cycles, set DIAGNOSTIC_HOLD and require at least two targeted non-readiness practice passages plus a documented diagnostic review before another readiness cycle. There is no unlimited back-to-back retry loop. Genuine later learning may reopen assessment after the required learning block.",PRIMARY_PENDING; PRIMARY_PASS; CONFIRMATION_PENDING; CONFIRMED_READY; NOT_YET; DISCORDANT_NOT_YET; REASSESS_TECHNICAL; INSUFFICIENT_EVIDENCE; INVALID_FORM; DIAGNOSTIC_HOLD; REVALIDATION_DUE; REVALIDATION_PENDING; CURRENT_REVALIDATED; NOT_YET_AFTER_REVALIDATION; VERSION_INVALIDATED. Only CONFIRMED_READY initially closes readiness.,EQUIV-2.1,SpeedReader_W1_BandA_Form_Equivalence_v0.22.csv,EQUIV-2.1,PROVISIONAL_STRUCTURAL,PROVISIONAL_STRUCTURAL → EMPIRICAL_REVIEW → PRODUCTION_APPROVED; SUSPENDED_RECALIBRATE on material change.,COMP-P10-1.0,,RECENCY-1.0,,,EVIDENCE-MIN-1.2,,COMP-COVERAGE-1.0,,,,,MIRROR_ONLY,SpeedReader_W1_BandA_Spec_v0.25.md,SpeedReader_W1_BandA_Spec_v0.25.md is sole normative source; v0.25 CSVs are mirrors only.,FORM-SUPPLY-1.0,PRE_GENERATED_QA_APPROVED_BANK,PROHIBITED,,,,STATE-SEP-1.0,Progress descriptors report P1/current trajectory only and cannot close readiness. BASELINE_MASTERY is allowed here.,"Use readiness_state only: PRIMARY_PENDING → PRIMARY_PASS/CONFIRMATION_PENDING → CONFIRMED_READY, or cause-specific NOT_YET / DISCORDANT_NOT_YET / REASSESS_TECHNICAL / INSUFFICIENT_EVIDENCE / INVALID_FORM / DIAGNOSTIC_HOLD. Only CONFIRMED_READY initially closes readiness; BASELINE_MASTERY is progress reporting only.",NONE,"Even if P1 meets the eventual P10 target, final readiness requires fresh P10 PRIMARY + matched CONFIRMATION."
v0.25,RS01,Word-recognition accuracy,P10,Recognise and say each expected word accurately while remaining in one-word visual mode.,"The spoken token matches the expected word; substitutions and omissions are rare, and a corrected word is distinguished from a first-pass correct word.",first_pass_accuracy = first-pass correct expected words / assessable expected words; final_accuracy = correct words after accepted self-corrections / assessable expected words.,Final accuracy ≥97% and first-pass accuracy ≥95%.,"At P10: final_accuracy ≥97% and first_pass_accuracy ≥95%. Before P10, use the passage-specific target; oral results coach rather than block during Sessions 1–100.",PROVISIONAL_PILOT,Use same-RS valid P10 evidence under the canonical readiness specification.,"Use readiness_state only: PRIMARY_PENDING → PRIMARY_PASS/CONFIRMATION_PENDING → CONFIRMED_READY, or cause-specific NOT_YET / DISCORDANT_NOT_YET / REASSESS_TECHNICAL / INSUFFICIENT_EVIDENCE / INVALID_FORM / DIAGNOSTIC_HOLD. Only CONFIRMED_READY initially closes readiness; BASELINE_MASTERY is progress reporting only.","CONFIRM-1.0: A single valid P10 pass never closes an RS. Each RS readiness cycle uses two fresh unseen equivalent P10 forms: PRIMARY then CONFIRMATION. No coaching, hints, scored-result disclosure, or targeted practice may occur between a passing PRIMARY and its CONFIRMATION. Both valid forms must satisfy the same RS P10 readiness rule. If PRIMARY fails, stop the cycle and remediate before a new cycle. If PRIMARY passes but CONFIRMATION fails, mark DISCORDANT_NOT_YET and remediate before a new cycle. Technical-invalid forms are REASSESS_TECHNICAL and do not count as valid attempts. All valid forms remain in the audit record; the system may never cherry-pick the best historical pass.","EQUIV-2.1: exact 100 COUNT-100 words; World 1 one-word display; same RS/P10, scoring version, threshold version/status, comprehension blueprint class and safety/accessibility gates; fresh unseen content; non-compensatory global + RS-specific matching; candidate must pass all tolerances embedded in the canonical v0.22 Markdown specification.","ATTEMPT-1.0: A readiness cycle is PRIMARY→CONFIRMATION. A valid failure ends that cycle. A new cycle may begin only after an intervening targeted learning block for that RS. After two consecutive failed/discordant valid cycles, set DIAGNOSTIC_HOLD and require at least two targeted non-readiness practice passages plus a documented diagnostic review before another readiness cycle. There is no unlimited back-to-back retry loop. Genuine later learning may reopen assessment after the required learning block.",PRIMARY_PENDING; PRIMARY_PASS; CONFIRMATION_PENDING; CONFIRMED_READY; NOT_YET; DISCORDANT_NOT_YET; REASSESS_TECHNICAL; INSUFFICIENT_EVIDENCE; INVALID_FORM; DIAGNOSTIC_HOLD; REVALIDATION_DUE; REVALIDATION_PENDING; CURRENT_REVALIDATED; NOT_YET_AFTER_REVALIDATION; VERSION_INVALIDATED. Only CONFIRMED_READY initially closes readiness.,EQUIV-2.1,SpeedReader_W1_BandA_Form_Equivalence_v0.22.csv,EQUIV-2.1,PROVISIONAL_STRUCTURAL,PROVISIONAL_STRUCTURAL → EMPIRICAL_REVIEW → PRODUCTION_APPROVED; SUSPENDED_RECALIBRATE on material change.,COMP-P10-1.0,"First-attempt independent mastery = at least 3/4 correct AND the designated primary-skill item correct, before any hint, targeted reread, answer feedback, narrowing, worked example, or remediation. Comprehension readiness requires two independent first-attempt passes on fresh matched forms: COMP_PRIMARY_PASS then COMP_CONFIRMATION_PASS. No targeted comprehension coaching, hinting, answer explanation, or missed-item disclosure occurs between a passing PRIMARY and its CONFIRMATION. Both forms use the same P10 blueprint class but fresh passage evidence and fresh question wording. Only COMPREHENSION_CONFIRMED contributes to Band-A readiness.",RECENCY-1.0,Readiness evidence remains CURRENT until the first of: >56 calendar days since the latest passing same-RS confirmation/revalidation; >16 subsequent valid Band-A assessment/remediation sessions; or >28 consecutive calendar days with no SpeedReader learning session. Material scoring/threshold-version changes invalidate evidence immediately rather than merely making it stale. These numeric limits are PROVISIONAL_PILOT and require later calibration.,"When evidence is REVALIDATION_DUE only because of recency/inactivity, use one fresh unseen EQUIV-2.1 same-RS P10 revalidation form. Score oral and comprehension streams independently before any targeted feedback. A passing stream renews only that stream's freshness anchor. A valid failing stream becomes NOT_YET and requires targeted remediation followed by a new full PRIMARY→CONFIRMATION cycle for that stream. Technical invalidity does not count as failure and does not reset freshness until valid evidence is obtained.",EVIDENCE-MIN-1.2,At least 90 assessable expected words from the 100-word passage.,COMP-COVERAGE-1.0,Q1 D1: Direct recall | Q2 D6: Main idea | Q3 D5: Feelings/motivation | Q4 D9: Judgment/application,,,,MIRROR_ONLY,SpeedReader_W1_BandA_Spec_v0.25.md,SpeedReader_W1_BandA_Spec_v0.25.md is sole normative source; v0.25 CSVs are mirrors only.,FORM-SUPPLY-1.0,PRE_GENERATED_QA_APPROVED_BANK,PROHIBITED,,,,STATE-SEP-1.0,Progress descriptors report P1/current trajectory only and cannot close readiness. BASELINE_MASTERY is allowed here.,"Use readiness_state only: PRIMARY_PENDING → PRIMARY_PASS/CONFIRMATION_PENDING → CONFIRMED_READY, or cause-specific NOT_YET / DISCORDANT_NOT_YET / REASSESS_TECHNICAL / INSUFFICIENT_EVIDENCE / INVALID_FORM / DIAGNOSTIC_HOLD. Only CONFIRMED_READY initially closes readiness; BASELINE_MASTERY is progress reporting only.",NONE,"Even if P1 meets the eventual P10 target, final readiness requires fresh P10 PRIMARY + matched CONFIRMATION."
v0.25,RS02,Sequential place-keeping,P1,Keep the exact left-to-right word sequence without losing place.,"The learner avoids skipped words, inserted words and order changes, including immediately after punctuation or a difficult word.",sequence_errors = confirmed omissions + insertions + reorderings; also record longest consecutive-word skip.,Baseline sequence-error count.,At P10: ≤2 sequence errors per 100 assessable words and no skip of 2+ consecutive expected words.,PROVISIONAL_PILOT,Use same-RS valid P10 evidence under the canonical readiness specification.,"Use readiness_state only: PRIMARY_PENDING → PRIMARY_PASS/CONFIRMATION_PENDING → CONFIRMED_READY, or cause-specific NOT_YET / DISCORDANT_NOT_YET / REASSESS_TECHNICAL / INSUFFICIENT_EVIDENCE / INVALID_FORM / DIAGNOSTIC_HOLD. Only CONFIRMED_READY initially closes readiness; BASELINE_MASTERY is progress reporting only.","CONFIRM-1.0: A single valid P10 pass never closes an RS. Each RS readiness cycle uses two fresh unseen equivalent P10 forms: PRIMARY then CONFIRMATION. No coaching, hints, scored-result disclosure, or targeted practice may occur between a passing PRIMARY and its CONFIRMATION. Both valid forms must satisfy the same RS P10 readiness rule. If PRIMARY fails, stop the cycle and remediate before a new cycle. If PRIMARY passes but CONFIRMATION fails, mark DISCORDANT_NOT_YET and remediate before a new cycle. Technical-invalid forms are REASSESS_TECHNICAL and do not count as valid attempts. All valid forms remain in the audit record; the system may never cherry-pick the best historical pass.","EQUIV-2.1: exact 100 COUNT-100 words; World 1 one-word display; same RS/P10, scoring version, threshold version/status, comprehension blueprint class and safety/accessibility gates; fresh unseen content; non-compensatory global + RS-specific matching; candidate must pass all tolerances embedded in the canonical v0.22 Markdown specification.","ATTEMPT-1.0: A readiness cycle is PRIMARY→CONFIRMATION. A valid failure ends that cycle. A new cycle may begin only after an intervening targeted learning block for that RS. After two consecutive failed/discordant valid cycles, set DIAGNOSTIC_HOLD and require at least two targeted non-readiness practice passages plus a documented diagnostic review before another readiness cycle. There is no unlimited back-to-back retry loop. Genuine later learning may reopen assessment after the required learning block.",PRIMARY_PENDING; PRIMARY_PASS; CONFIRMATION_PENDING; CONFIRMED_READY; NOT_YET; DISCORDANT_NOT_YET; REASSESS_TECHNICAL; INSUFFICIENT_EVIDENCE; INVALID_FORM; DIAGNOSTIC_HOLD; REVALIDATION_DUE; REVALIDATION_PENDING; CURRENT_REVALIDATED; NOT_YET_AFTER_REVALIDATION; VERSION_INVALIDATED. Only CONFIRMED_READY initially closes readiness.,EQUIV-2.1,SpeedReader_W1_BandA_Form_Equivalence_v0.22.csv,EQUIV-2.1,PROVISIONAL_STRUCTURAL,PROVISIONAL_STRUCTURAL → EMPIRICAL_REVIEW → PRODUCTION_APPROVED; SUSPENDED_RECALIBRATE on material change.,COMP-P10-1.0,,RECENCY-1.0,,,EVIDENCE-MIN-1.2,,COMP-COVERAGE-1.0,,,,,MIRROR_ONLY,SpeedReader_W1_BandA_Spec_v0.25.md,SpeedReader_W1_BandA_Spec_v0.25.md is sole normative source; v0.25 CSVs are mirrors only.,FORM-SUPPLY-1.0,PRE_GENERATED_QA_APPROVED_BANK,PROHIBITED,,,,STATE-SEP-1.0,Progress descriptors report P1/current trajectory only and cannot close readiness. BASELINE_MASTERY is allowed here.,"Use readiness_state only: PRIMARY_PENDING → PRIMARY_PASS/CONFIRMATION_PENDING → CONFIRMED_READY, or cause-specific NOT_YET / DISCORDANT_NOT_YET / REASSESS_TECHNICAL / INSUFFICIENT_EVIDENCE / INVALID_FORM / DIAGNOSTIC_HOLD. Only CONFIRMED_READY initially closes readiness; BASELINE_MASTERY is progress reporting only.",NONE,"Even if P1 meets the eventual P10 target, final readiness requires fresh P10 PRIMARY + matched CONFIRMATION."
v0.25,RS02,Sequential place-keeping,P2,Keep the exact left-to-right word sequence without losing place.,"The learner avoids skipped words, inserted words and order changes, including immediately after punctuation or a difficult word.",sequence_errors = confirmed omissions + insertions + reorderings; also record longest consecutive-word skip.,≤7 sequence errors or clear improvement from RS02 baseline.,At P10: ≤2 sequence errors per 100 assessable words and no skip of 2+ consecutive expected words.,PROVISIONAL_PILOT,Use same-RS valid P10 evidence under the canonical readiness specification.,"Use readiness_state only: PRIMARY_PENDING → PRIMARY_PASS/CONFIRMATION_PENDING → CONFIRMED_READY, or cause-specific NOT_YET / DISCORDANT_NOT_YET / REASSESS_TECHNICAL / INSUFFICIENT_EVIDENCE / INVALID_FORM / DIAGNOSTIC_HOLD. Only CONFIRMED_READY initially closes readiness; BASELINE_MASTERY is progress reporting only.","CONFIRM-1.0: A single valid P10 pass never closes an RS. Each RS readiness cycle uses two fresh unseen equivalent P10 forms: PRIMARY then CONFIRMATION. No coaching, hints, scored-result disclosure, or targeted practice may occur between a passing PRIMARY and its CONFIRMATION. Both valid forms must satisfy the same RS P10 readiness rule. If PRIMARY fails, stop the cycle and remediate before a new cycle. If PRIMARY passes but CONFIRMATION fails, mark DISCORDANT_NOT_YET and remediate before a new cycle. Technical-invalid forms are REASSESS_TECHNICAL and do not count as valid attempts. All valid forms remain in the audit record; the system may never cherry-pick the best historical pass.","EQUIV-2.1: exact 100 COUNT-100 words; World 1 one-word display; same RS/P10, scoring version, threshold version/status, comprehension blueprint class and safety/accessibility gates; fresh unseen content; non-compensatory global + RS-specific matching; candidate must pass all tolerances embedded in the canonical v0.22 Markdown specification.","ATTEMPT-1.0: A readiness cycle is PRIMARY→CONFIRMATION. A valid failure ends that cycle. A new cycle may begin only after an intervening targeted learning block for that RS. After two consecutive failed/discordant valid cycles, set DIAGNOSTIC_HOLD and require at least two targeted non-readiness practice passages plus a documented diagnostic review before another readiness cycle. There is no unlimited back-to-back retry loop. Genuine later learning may reopen assessment after the required learning block.",PRIMARY_PENDING; PRIMARY_PASS; CONFIRMATION_PENDING; CONFIRMED_READY; NOT_YET; DISCORDANT_NOT_YET; REASSESS_TECHNICAL; INSUFFICIENT_EVIDENCE; INVALID_FORM; DIAGNOSTIC_HOLD; REVALIDATION_DUE; REVALIDATION_PENDING; CURRENT_REVALIDATED; NOT_YET_AFTER_REVALIDATION; VERSION_INVALIDATED. Only CONFIRMED_READY initially closes readiness.,EQUIV-2.1,SpeedReader_W1_BandA_Form_Equivalence_v0.22.csv,EQUIV-2.1,PROVISIONAL_STRUCTURAL,PROVISIONAL_STRUCTURAL → EMPIRICAL_REVIEW → PRODUCTION_APPROVED; SUSPENDED_RECALIBRATE on material change.,COMP-P10-1.0,,RECENCY-1.0,,,EVIDENCE-MIN-1.2,,COMP-COVERAGE-1.0,,,,,MIRROR_ONLY,SpeedReader_W1_BandA_Spec_v0.25.md,SpeedReader_W1_BandA_Spec_v0.25.md is sole normative source; v0.25 CSVs are mirrors only.,FORM-SUPPLY-1.0,PRE_GENERATED_QA_APPROVED_BANK,PROHIBITED,,,,STATE-SEP-1.0,Progress descriptors report P1/current trajectory only and cannot close readiness. BASELINE_MASTERY is allowed here.,"Use readiness_state only: PRIMARY_PENDING → PRIMARY_PASS/CONFIRMATION_PENDING → CONFIRMED_READY, or cause-specific NOT_YET / DISCORDANT_NOT_YET / REASSESS_TECHNICAL / INSUFFICIENT_EVIDENCE / INVALID_FORM / DIAGNOSTIC_HOLD. Only CONFIRMED_READY initially closes readiness; BASELINE_MASTERY is progress reporting only.",NONE,"Even if P1 meets the eventual P10 target, final readiness requires fresh P10 PRIMARY + matched CONFIRMATION."
v0.25,RS02,Sequential place-keeping,P3,Keep the exact left-to-right word sequence without losing place.,"The learner avoids skipped words, inserted words and order changes, including immediately after punctuation or a difficult word.",sequence_errors = confirmed omissions + insertions + reorderings; also record longest consecutive-word skip.,≤6 sequence errors.,At P10: ≤2 sequence errors per 100 assessable words and no skip of 2+ consecutive expected words.,PROVISIONAL_PILOT,Use same-RS valid P10 evidence under the canonical readiness specification.,"Use readiness_state only: PRIMARY_PENDING → PRIMARY_PASS/CONFIRMATION_PENDING → CONFIRMED_READY, or cause-specific NOT_YET / DISCORDANT_NOT_YET / REASSESS_TECHNICAL / INSUFFICIENT_EVIDENCE / INVALID_FORM / DIAGNOSTIC_HOLD. Only CONFIRMED_READY initially closes readiness; BASELINE_MASTERY is progress reporting only.","CONFIRM-1.0: A single valid P10 pass never closes an RS. Each RS readiness cycle uses two fresh unseen equivalent P10 forms: PRIMARY then CONFIRMATION. No coaching, hints, scored-result disclosure, or targeted practice may occur between a passing PRIMARY and its CONFIRMATION. Both valid forms must satisfy the same RS P10 readiness rule. If PRIMARY fails, stop the cycle and remediate before a new cycle. If PRIMARY passes but CONFIRMATION fails, mark DISCORDANT_NOT_YET and remediate before a new cycle. Technical-invalid forms are REASSESS_TECHNICAL and do not count as valid attempts. All valid forms remain in the audit record; the system may never cherry-pick the best historical pass.","EQUIV-2.1: exact 100 COUNT-100 words; World 1 one-word display; same RS/P10, scoring version, threshold version/status, comprehension blueprint class and safety/accessibility gates; fresh unseen content; non-compensatory global + RS-specific matching; candidate must pass all tolerances embedded in the canonical v0.22 Markdown specification.","ATTEMPT-1.0: A readiness cycle is PRIMARY→CONFIRMATION. A valid failure ends that cycle. A new cycle may begin only after an intervening targeted learning block for that RS. After two consecutive failed/discordant valid cycles, set DIAGNOSTIC_HOLD and require at least two targeted non-readiness practice passages plus a documented diagnostic review before another readiness cycle. There is no unlimited back-to-back retry loop. Genuine later learning may reopen assessment after the required learning block.",PRIMARY_PENDING; PRIMARY_PASS; CONFIRMATION_PENDING; CONFIRMED_READY; NOT_YET; DISCORDANT_NOT_YET; REASSESS_TECHNICAL; INSUFFICIENT_EVIDENCE; INVALID_FORM; DIAGNOSTIC_HOLD; REVALIDATION_DUE; REVALIDATION_PENDING; CURRENT_REVALIDATED; NOT_YET_AFTER_REVALIDATION; VERSION_INVALIDATED. Only CONFIRMED_READY initially closes readiness.,EQUIV-2.1,SpeedReader_W1_BandA_Form_Equivalence_v0.22.csv,EQUIV-2.1,PROVISIONAL_STRUCTURAL,PROVISIONAL_STRUCTURAL → EMPIRICAL_REVIEW → PRODUCTION_APPROVED; SUSPENDED_RECALIBRATE on material change.,COMP-P10-1.0,,RECENCY-1.0,,,EVIDENCE-MIN-1.2,,COMP-COVERAGE-1.0,,,,,MIRROR_ONLY,SpeedReader_W1_BandA_Spec_v0.25.md,SpeedReader_W1_BandA_Spec_v0.25.md is sole normative source; v0.25 CSVs are mirrors only.,FORM-SUPPLY-1.0,PRE_GENERATED_QA_APPROVED_BANK,PROHIBITED,,,,STATE-SEP-1.0,Progress descriptors report P1/current trajectory only and cannot close readiness. BASELINE_MASTERY is allowed here.,"Use readiness_state only: PRIMARY_PENDING → PRIMARY_PASS/CONFIRMATION_PENDING → CONFIRMED_READY, or cause-specific NOT_YET / DISCORDANT_NOT_YET / REASSESS_TECHNICAL / INSUFFICIENT_EVIDENCE / INVALID_FORM / DIAGNOSTIC_HOLD. Only CONFIRMED_READY initially closes readiness; BASELINE_MASTERY is progress reporting only.",NONE,"Even if P1 meets the eventual P10 target, final readiness requires fresh P10 PRIMARY + matched CONFIRMATION."
v0.25,RS02,Sequential place-keeping,P4,Keep the exact left-to-right word sequence without losing place.,"The learner avoids skipped words, inserted words and order changes, including immediately after punctuation or a difficult word.",sequence_errors = confirmed omissions + insertions + reorderings; also record longest consecutive-word skip.,≤5 sequence errors; no 3-word skip.,At P10: ≤2 sequence errors per 100 assessable words and no skip of 2+ consecutive expected words.,PROVISIONAL_PILOT,Use same-RS valid P10 evidence under the canonical readiness specification.,"Use readiness_state only: PRIMARY_PENDING → PRIMARY_PASS/CONFIRMATION_PENDING → CONFIRMED_READY, or cause-specific NOT_YET / DISCORDANT_NOT_YET / REASSESS_TECHNICAL / INSUFFICIENT_EVIDENCE / INVALID_FORM / DIAGNOSTIC_HOLD. Only CONFIRMED_READY initially closes readiness; BASELINE_MASTERY is progress reporting only.","CONFIRM-1.0: A single valid P10 pass never closes an RS. Each RS readiness cycle uses two fresh unseen equivalent P10 forms: PRIMARY then CONFIRMATION. No coaching, hints, scored-result disclosure, or targeted practice may occur between a passing PRIMARY and its CONFIRMATION. Both valid forms must satisfy the same RS P10 readiness rule. If PRIMARY fails, stop the cycle and remediate before a new cycle. If PRIMARY passes but CONFIRMATION fails, mark DISCORDANT_NOT_YET and remediate before a new cycle. Technical-invalid forms are REASSESS_TECHNICAL and do not count as valid attempts. All valid forms remain in the audit record; the system may never cherry-pick the best historical pass.","EQUIV-2.1: exact 100 COUNT-100 words; World 1 one-word display; same RS/P10, scoring version, threshold version/status, comprehension blueprint class and safety/accessibility gates; fresh unseen content; non-compensatory global + RS-specific matching; candidate must pass all tolerances embedded in the canonical v0.22 Markdown specification.","ATTEMPT-1.0: A readiness cycle is PRIMARY→CONFIRMATION. A valid failure ends that cycle. A new cycle may begin only after an intervening targeted learning block for that RS. After two consecutive failed/discordant valid cycles, set DIAGNOSTIC_HOLD and require at least two targeted non-readiness practice passages plus a documented diagnostic review before another readiness cycle. There is no unlimited back-to-back retry loop. Genuine later learning may reopen assessment after the required learning block.",PRIMARY_PENDING; PRIMARY_PASS; CONFIRMATION_PENDING; CONFIRMED_READY; NOT_YET; DISCORDANT_NOT_YET; REASSESS_TECHNICAL; INSUFFICIENT_EVIDENCE; INVALID_FORM; DIAGNOSTIC_HOLD; REVALIDATION_DUE; REVALIDATION_PENDING; CURRENT_REVALIDATED; NOT_YET_AFTER_REVALIDATION; VERSION_INVALIDATED. Only CONFIRMED_READY initially closes readiness.,EQUIV-2.1,SpeedReader_W1_BandA_Form_Equivalence_v0.22.csv,EQUIV-2.1,PROVISIONAL_STRUCTURAL,PROVISIONAL_STRUCTURAL → EMPIRICAL_REVIEW → PRODUCTION_APPROVED; SUSPENDED_RECALIBRATE on material change.,COMP-P10-1.0,,RECENCY-1.0,,,EVIDENCE-MIN-1.2,,COMP-COVERAGE-1.0,,,,,MIRROR_ONLY,SpeedReader_W1_BandA_Spec_v0.25.md,SpeedReader_W1_BandA_Spec_v0.25.md is sole normative source; v0.25 CSVs are mirrors only.,FORM-SUPPLY-1.0,PRE_GENERATED_QA_APPROVED_BANK,PROHIBITED,,,,STATE-SEP-1.0,Progress descriptors report P1/current trajectory only and cannot close readiness. BASELINE_MASTERY is allowed here.,"Use readiness_state only: PRIMARY_PENDING → PRIMARY_PASS/CONFIRMATION_PENDING → CONFIRMED_READY, or cause-specific NOT_YET / DISCORDANT_NOT_YET / REASSESS_TECHNICAL / INSUFFICIENT_EVIDENCE / INVALID_FORM / DIAGNOSTIC_HOLD. Only CONFIRMED_READY initially closes readiness; BASELINE_MASTERY is progress reporting only.",NONE,"Even if P1 meets the eventual P10 target, final readiness requires fresh P10 PRIMARY + matched CONFIRMATION."
v0.25,RS02,Sequential place-keeping,P5,Keep the exact left-to-right word sequence without losing place.,"The learner avoids skipped words, inserted words and order changes, including immediately after punctuation or a difficult word.",sequence_errors = confirmed omissions + insertions + reorderings; also record longest consecutive-word skip.,≤5 sequence errors with clean sentence transitions.,At P10: ≤2 sequence errors per 100 assessable words and no skip of 2+ consecutive expected words.,PROVISIONAL_PILOT,Use same-RS valid P10 evidence under the canonical readiness specification.,"Use readiness_state only: PRIMARY_PENDING → PRIMARY_PASS/CONFIRMATION_PENDING → CONFIRMED_READY, or cause-specific NOT_YET / DISCORDANT_NOT_YET / REASSESS_TECHNICAL / INSUFFICIENT_EVIDENCE / INVALID_FORM / DIAGNOSTIC_HOLD. Only CONFIRMED_READY initially closes readiness; BASELINE_MASTERY is progress reporting only.","CONFIRM-1.0: A single valid P10 pass never closes an RS. Each RS readiness cycle uses two fresh unseen equivalent P10 forms: PRIMARY then CONFIRMATION. No coaching, hints, scored-result disclosure, or targeted practice may occur between a passing PRIMARY and its CONFIRMATION. Both valid forms must satisfy the same RS P10 readiness rule. If PRIMARY fails, stop the cycle and remediate before a new cycle. If PRIMARY passes but CONFIRMATION fails, mark DISCORDANT_NOT_YET and remediate before a new cycle. Technical-invalid forms are REASSESS_TECHNICAL and do not count as valid attempts. All valid forms remain in the audit record; the system may never cherry-pick the best historical pass.","EQUIV-2.1: exact 100 COUNT-100 words; World 1 one-word display; same RS/P10, scoring version, threshold version/status, comprehension blueprint class and safety/accessibility gates; fresh unseen content; non-compensatory global + RS-specific matching; candidate must pass all tolerances embedded in the canonical v0.22 Markdown specification.","ATTEMPT-1.0: A readiness cycle is PRIMARY→CONFIRMATION. A valid failure ends that cycle. A new cycle may begin only after an intervening targeted learning block for that RS. After two consecutive failed/discordant valid cycles, set DIAGNOSTIC_HOLD and require at least two targeted non-readiness practice passages plus a documented diagnostic review before another readiness cycle. There is no unlimited back-to-back retry loop. Genuine later learning may reopen assessment after the required learning block.",PRIMARY_PENDING; PRIMARY_PASS; CONFIRMATION_PENDING; CONFIRMED_READY; NOT_YET; DISCORDANT_NOT_YET; REASSESS_TECHNICAL; INSUFFICIENT_EVIDENCE; INVALID_FORM; DIAGNOSTIC_HOLD; REVALIDATION_DUE; REVALIDATION_PENDING; CURRENT_REVALIDATED; NOT_YET_AFTER_REVALIDATION; VERSION_INVALIDATED. Only CONFIRMED_READY initially closes readiness.,EQUIV-2.1,SpeedReader_W1_BandA_Form_Equivalence_v0.22.csv,EQUIV-2.1,PROVISIONAL_STRUCTURAL,PROVISIONAL_STRUCTURAL → EMPIRICAL_REVIEW → PRODUCTION_APPROVED; SUSPENDED_RECALIBRATE on material change.,COMP-P10-1.0,,RECENCY-1.0,,,EVIDENCE-MIN-1.2,,COMP-COVERAGE-1.0,,,,,MIRROR_ONLY,SpeedReader_W1_BandA_Spec_v0.25.md,SpeedReader_W1_BandA_Spec_v0.25.md is sole normative source; v0.25 CSVs are mirrors only.,FORM-SUPPLY-1.0,PRE_GENERATED_QA_APPROVED_BANK,PROHIBITED,,,,STATE-SEP-1.0,Progress descriptors report P1/current trajectory only and cannot close readiness. BASELINE_MASTERY is allowed here.,"Use readiness_state only: PRIMARY_PENDING → PRIMARY_PASS/CONFIRMATION_PENDING → CONFIRMED_READY, or cause-specific NOT_YET / DISCORDANT_NOT_YET / REASSESS_TECHNICAL / INSUFFICIENT_EVIDENCE / INVALID_FORM / DIAGNOSTIC_HOLD. Only CONFIRMED_READY initially closes readiness; BASELINE_MASTERY is progress reporting only.",NONE,"Even if P1 meets the eventual P10 target, final readiness requires fresh P10 PRIMARY + matched CONFIRMATION."
v0.25,RS02,Sequential place-keeping,P6,Keep the exact left-to-right word sequence without losing place.,"The learner avoids skipped words, inserted words and order changes, including immediately after punctuation or a difficult word.",sequence_errors = confirmed omissions + insertions + reorderings; also record longest consecutive-word skip.,≤4 sequence errors.,At P10: ≤2 sequence errors per 100 assessable words and no skip of 2+ consecutive expected words.,PROVISIONAL_PILOT,Use same-RS valid P10 evidence under the canonical readiness specification.,"Use readiness_state only: PRIMARY_PENDING → PRIMARY_PASS/CONFIRMATION_PENDING → CONFIRMED_READY, or cause-specific NOT_YET / DISCORDANT_NOT_YET / REASSESS_TECHNICAL / INSUFFICIENT_EVIDENCE / INVALID_FORM / DIAGNOSTIC_HOLD. Only CONFIRMED_READY initially closes readiness; BASELINE_MASTERY is progress reporting only.","CONFIRM-1.0: A single valid P10 pass never closes an RS. Each RS readiness cycle uses two fresh unseen equivalent P10 forms: PRIMARY then CONFIRMATION. No coaching, hints, scored-result disclosure, or targeted practice may occur between a passing PRIMARY and its CONFIRMATION. Both valid forms must satisfy the same RS P10 readiness rule. If PRIMARY fails, stop the cycle and remediate before a new cycle. If PRIMARY passes but CONFIRMATION fails, mark DISCORDANT_NOT_YET and remediate before a new cycle. Technical-invalid forms are REASSESS_TECHNICAL and do not count as valid attempts. All valid forms remain in the audit record; the system may never cherry-pick the best historical pass.","EQUIV-2.1: exact 100 COUNT-100 words; World 1 one-word display; same RS/P10, scoring version, threshold version/status, comprehension blueprint class and safety/accessibility gates; fresh unseen content; non-compensatory global + RS-specific matching; candidate must pass all tolerances embedded in the canonical v0.22 Markdown specification.","ATTEMPT-1.0: A readiness cycle is PRIMARY→CONFIRMATION. A valid failure ends that cycle. A new cycle may begin only after an intervening targeted learning block for that RS. After two consecutive failed/discordant valid cycles, set DIAGNOSTIC_HOLD and require at least two targeted non-readiness practice passages plus a documented diagnostic review before another readiness cycle. There is no unlimited back-to-back retry loop. Genuine later learning may reopen assessment after the required learning block.",PRIMARY_PENDING; PRIMARY_PASS; CONFIRMATION_PENDING; CONFIRMED_READY; NOT_YET; DISCORDANT_NOT_YET; REASSESS_TECHNICAL; INSUFFICIENT_EVIDENCE; INVALID_FORM; DIAGNOSTIC_HOLD; REVALIDATION_DUE; REVALIDATION_PENDING; CURRENT_REVALIDATED; NOT_YET_AFTER_REVALIDATION; VERSION_INVALIDATED. Only CONFIRMED_READY initially closes readiness.,EQUIV-2.1,SpeedReader_W1_BandA_Form_Equivalence_v0.22.csv,EQUIV-2.1,PROVISIONAL_STRUCTURAL,PROVISIONAL_STRUCTURAL → EMPIRICAL_REVIEW → PRODUCTION_APPROVED; SUSPENDED_RECALIBRATE on material change.,COMP-P10-1.0,,RECENCY-1.0,,,EVIDENCE-MIN-1.2,,COMP-COVERAGE-1.0,,,,,MIRROR_ONLY,SpeedReader_W1_BandA_Spec_v0.25.md,SpeedReader_W1_BandA_Spec_v0.25.md is sole normative source; v0.25 CSVs are mirrors only.,FORM-SUPPLY-1.0,PRE_GENERATED_QA_APPROVED_BANK,PROHIBITED,,,,STATE-SEP-1.0,Progress descriptors report P1/current trajectory only and cannot close readiness. BASELINE_MASTERY is allowed here.,"Use readiness_state only: PRIMARY_PENDING → PRIMARY_PASS/CONFIRMATION_PENDING → CONFIRMED_READY, or cause-specific NOT_YET / DISCORDANT_NOT_YET / REASSESS_TECHNICAL / INSUFFICIENT_EVIDENCE / INVALID_FORM / DIAGNOSTIC_HOLD. Only CONFIRMED_READY initially closes readiness; BASELINE_MASTERY is progress reporting only.",NONE,"Even if P1 meets the eventual P10 target, final readiness requires fresh P10 PRIMARY + matched CONFIRMATION."
v0.25,RS02,Sequential place-keeping,P7,Keep the exact left-to-right word sequence without losing place.,"The learner avoids skipped words, inserted words and order changes, including immediately after punctuation or a difficult word.",sequence_errors = confirmed omissions + insertions + reorderings; also record longest consecutive-word skip.,≤4 sequence errors after one challenge word.,At P10: ≤2 sequence errors per 100 assessable words and no skip of 2+ consecutive expected words.,PROVISIONAL_PILOT,Use same-RS valid P10 evidence under the canonical readiness specification.,"Use readiness_state only: PRIMARY_PENDING → PRIMARY_PASS/CONFIRMATION_PENDING → CONFIRMED_READY, or cause-specific NOT_YET / DISCORDANT_NOT_YET / REASSESS_TECHNICAL / INSUFFICIENT_EVIDENCE / INVALID_FORM / DIAGNOSTIC_HOLD. Only CONFIRMED_READY initially closes readiness; BASELINE_MASTERY is progress reporting only.","CONFIRM-1.0: A single valid P10 pass never closes an RS. Each RS readiness cycle uses two fresh unseen equivalent P10 forms: PRIMARY then CONFIRMATION. No coaching, hints, scored-result disclosure, or targeted practice may occur between a passing PRIMARY and its CONFIRMATION. Both valid forms must satisfy the same RS P10 readiness rule. If PRIMARY fails, stop the cycle and remediate before a new cycle. If PRIMARY passes but CONFIRMATION fails, mark DISCORDANT_NOT_YET and remediate before a new cycle. Technical-invalid forms are REASSESS_TECHNICAL and do not count as valid attempts. All valid forms remain in the audit record; the system may never cherry-pick the best historical pass.","EQUIV-2.1: exact 100 COUNT-100 words; World 1 one-word display; same RS/P10, scoring version, threshold version/status, comprehension blueprint class and safety/accessibility gates; fresh unseen content; non-compensatory global + RS-specific matching; candidate must pass all tolerances embedded in the canonical v0.22 Markdown specification.","ATTEMPT-1.0: A readiness cycle is PRIMARY→CONFIRMATION. A valid failure ends that cycle. A new cycle may begin only after an intervening targeted learning block for that RS. After two consecutive failed/discordant valid cycles, set DIAGNOSTIC_HOLD and require at least two targeted non-readiness practice passages plus a documented diagnostic review before another readiness cycle. There is no unlimited back-to-back retry loop. Genuine later learning may reopen assessment after the required learning block.",PRIMARY_PENDING; PRIMARY_PASS; CONFIRMATION_PENDING; CONFIRMED_READY; NOT_YET; DISCORDANT_NOT_YET; REASSESS_TECHNICAL; INSUFFICIENT_EVIDENCE; INVALID_FORM; DIAGNOSTIC_HOLD; REVALIDATION_DUE; REVALIDATION_PENDING; CURRENT_REVALIDATED; NOT_YET_AFTER_REVALIDATION; VERSION_INVALIDATED. Only CONFIRMED_READY initially closes readiness.,EQUIV-2.1,SpeedReader_W1_BandA_Form_Equivalence_v0.22.csv,EQUIV-2.1,PROVISIONAL_STRUCTURAL,PROVISIONAL_STRUCTURAL → EMPIRICAL_REVIEW → PRODUCTION_APPROVED; SUSPENDED_RECALIBRATE on material change.,COMP-P10-1.0,,RECENCY-1.0,,,EVIDENCE-MIN-1.2,,COMP-COVERAGE-1.0,,,,,MIRROR_ONLY,SpeedReader_W1_BandA_Spec_v0.25.md,SpeedReader_W1_BandA_Spec_v0.25.md is sole normative source; v0.25 CSVs are mirrors only.,FORM-SUPPLY-1.0,PRE_GENERATED_QA_APPROVED_BANK,PROHIBITED,,,,STATE-SEP-1.0,Progress descriptors report P1/current trajectory only and cannot close readiness. BASELINE_MASTERY is allowed here.,"Use readiness_state only: PRIMARY_PENDING → PRIMARY_PASS/CONFIRMATION_PENDING → CONFIRMED_READY, or cause-specific NOT_YET / DISCORDANT_NOT_YET / REASSESS_TECHNICAL / INSUFFICIENT_EVIDENCE / INVALID_FORM / DIAGNOSTIC_HOLD. Only CONFIRMED_READY initially closes readiness; BASELINE_MASTERY is progress reporting only.",NONE,"Even if P1 meets the eventual P10 target, final readiness requires fresh P10 PRIMARY + matched CONFIRMATION."
v0.25,RS02,Sequential place-keeping,P8,Keep the exact left-to-right word sequence without losing place.,"The learner avoids skipped words, inserted words and order changes, including immediately after punctuation or a difficult word.",sequence_errors = confirmed omissions + insertions + reorderings; also record longest consecutive-word skip.,≤3 sequence errors.,At P10: ≤2 sequence errors per 100 assessable words and no skip of 2+ consecutive expected words.,PROVISIONAL_PILOT,Use same-RS valid P10 evidence under the canonical readiness specification.,"Use readiness_state only: PRIMARY_PENDING → PRIMARY_PASS/CONFIRMATION_PENDING → CONFIRMED_READY, or cause-specific NOT_YET / DISCORDANT_NOT_YET / REASSESS_TECHNICAL / INSUFFICIENT_EVIDENCE / INVALID_FORM / DIAGNOSTIC_HOLD. Only CONFIRMED_READY initially closes readiness; BASELINE_MASTERY is progress reporting only.","CONFIRM-1.0: A single valid P10 pass never closes an RS. Each RS readiness cycle uses two fresh unseen equivalent P10 forms: PRIMARY then CONFIRMATION. No coaching, hints, scored-result disclosure, or targeted practice may occur between a passing PRIMARY and its CONFIRMATION. Both valid forms must satisfy the same RS P10 readiness rule. If PRIMARY fails, stop the cycle and remediate before a new cycle. If PRIMARY passes but CONFIRMATION fails, mark DISCORDANT_NOT_YET and remediate before a new cycle. Technical-invalid forms are REASSESS_TECHNICAL and do not count as valid attempts. All valid forms remain in the audit record; the system may never cherry-pick the best historical pass.","EQUIV-2.1: exact 100 COUNT-100 words; World 1 one-word display; same RS/P10, scoring version, threshold version/status, comprehension blueprint class and safety/accessibility gates; fresh unseen content; non-compensatory global + RS-specific matching; candidate must pass all tolerances embedded in the canonical v0.22 Markdown specification.","ATTEMPT-1.0: A readiness cycle is PRIMARY→CONFIRMATION. A valid failure ends that cycle. A new cycle may begin only after an intervening targeted learning block for that RS. After two consecutive failed/discordant valid cycles, set DIAGNOSTIC_HOLD and require at least two targeted non-readiness practice passages plus a documented diagnostic review before another readiness cycle. There is no unlimited back-to-back retry loop. Genuine later learning may reopen assessment after the required learning block.",PRIMARY_PENDING; PRIMARY_PASS; CONFIRMATION_PENDING; CONFIRMED_READY; NOT_YET; DISCORDANT_NOT_YET; REASSESS_TECHNICAL; INSUFFICIENT_EVIDENCE; INVALID_FORM; DIAGNOSTIC_HOLD; REVALIDATION_DUE; REVALIDATION_PENDING; CURRENT_REVALIDATED; NOT_YET_AFTER_REVALIDATION; VERSION_INVALIDATED. Only CONFIRMED_READY initially closes readiness.,EQUIV-2.1,SpeedReader_W1_BandA_Form_Equivalence_v0.22.csv,EQUIV-2.1,PROVISIONAL_STRUCTURAL,PROVISIONAL_STRUCTURAL → EMPIRICAL_REVIEW → PRODUCTION_APPROVED; SUSPENDED_RECALIBRATE on material change.,COMP-P10-1.0,,RECENCY-1.0,,,EVIDENCE-MIN-1.2,,COMP-COVERAGE-1.0,,,,,MIRROR_ONLY,SpeedReader_W1_BandA_Spec_v0.25.md,SpeedReader_W1_BandA_Spec_v0.25.md is sole normative source; v0.25 CSVs are mirrors only.,FORM-SUPPLY-1.0,PRE_GENERATED_QA_APPROVED_BANK,PROHIBITED,,,,STATE-SEP-1.0,Progress descriptors report P1/current trajectory only and cannot close readiness. BASELINE_MASTERY is allowed here.,"Use readiness_state only: PRIMARY_PENDING → PRIMARY_PASS/CONFIRMATION_PENDING → CONFIRMED_READY, or cause-specific NOT_YET / DISCORDANT_NOT_YET / REASSESS_TECHNICAL / INSUFFICIENT_EVIDENCE / INVALID_FORM / DIAGNOSTIC_HOLD. Only CONFIRMED_READY initially closes readiness; BASELINE_MASTERY is progress reporting only.",NONE,"Even if P1 meets the eventual P10 target, final readiness requires fresh P10 PRIMARY + matched CONFIRMATION."
v0.25,RS02,Sequential place-keeping,P9,Keep the exact left-to-right word sequence without losing place.,"The learner avoids skipped words, inserted words and order changes, including immediately after punctuation or a difficult word.",sequence_errors = confirmed omissions + insertions + reorderings; also record longest consecutive-word skip.,≤3 sequence errors; no 2-word skip.,At P10: ≤2 sequence errors per 100 assessable words and no skip of 2+ consecutive expected words.,PROVISIONAL_PILOT,Use same-RS valid P10 evidence under the canonical readiness specification.,"Use readiness_state only: PRIMARY_PENDING → PRIMARY_PASS/CONFIRMATION_PENDING → CONFIRMED_READY, or cause-specific NOT_YET / DISCORDANT_NOT_YET / REASSESS_TECHNICAL / INSUFFICIENT_EVIDENCE / INVALID_FORM / DIAGNOSTIC_HOLD. Only CONFIRMED_READY initially closes readiness; BASELINE_MASTERY is progress reporting only.","CONFIRM-1.0: A single valid P10 pass never closes an RS. Each RS readiness cycle uses two fresh unseen equivalent P10 forms: PRIMARY then CONFIRMATION. No coaching, hints, scored-result disclosure, or targeted practice may occur between a passing PRIMARY and its CONFIRMATION. Both valid forms must satisfy the same RS P10 readiness rule. If PRIMARY fails, stop the cycle and remediate before a new cycle. If PRIMARY passes but CONFIRMATION fails, mark DISCORDANT_NOT_YET and remediate before a new cycle. Technical-invalid forms are REASSESS_TECHNICAL and do not count as valid attempts. All valid forms remain in the audit record; the system may never cherry-pick the best historical pass.","EQUIV-2.1: exact 100 COUNT-100 words; World 1 one-word display; same RS/P10, scoring version, threshold version/status, comprehension blueprint class and safety/accessibility gates; fresh unseen content; non-compensatory global + RS-specific matching; candidate must pass all tolerances embedded in the canonical v0.22 Markdown specification.","ATTEMPT-1.0: A readiness cycle is PRIMARY→CONFIRMATION. A valid failure ends that cycle. A new cycle may begin only after an intervening targeted learning block for that RS. After two consecutive failed/discordant valid cycles, set DIAGNOSTIC_HOLD and require at least two targeted non-readiness practice passages plus a documented diagnostic review before another readiness cycle. There is no unlimited back-to-back retry loop. Genuine later learning may reopen assessment after the required learning block.",PRIMARY_PENDING; PRIMARY_PASS; CONFIRMATION_PENDING; CONFIRMED_READY; NOT_YET; DISCORDANT_NOT_YET; REASSESS_TECHNICAL; INSUFFICIENT_EVIDENCE; INVALID_FORM; DIAGNOSTIC_HOLD; REVALIDATION_DUE; REVALIDATION_PENDING; CURRENT_REVALIDATED; NOT_YET_AFTER_REVALIDATION; VERSION_INVALIDATED. Only CONFIRMED_READY initially closes readiness.,EQUIV-2.1,SpeedReader_W1_BandA_Form_Equivalence_v0.22.csv,EQUIV-2.1,PROVISIONAL_STRUCTURAL,PROVISIONAL_STRUCTURAL → EMPIRICAL_REVIEW → PRODUCTION_APPROVED; SUSPENDED_RECALIBRATE on material change.,COMP-P10-1.0,,RECENCY-1.0,,,EVIDENCE-MIN-1.2,,COMP-COVERAGE-1.0,,,,,MIRROR_ONLY,SpeedReader_W1_BandA_Spec_v0.25.md,SpeedReader_W1_BandA_Spec_v0.25.md is sole normative source; v0.25 CSVs are mirrors only.,FORM-SUPPLY-1.0,PRE_GENERATED_QA_APPROVED_BANK,PROHIBITED,,,,STATE-SEP-1.0,Progress descriptors report P1/current trajectory only and cannot close readiness. BASELINE_MASTERY is allowed here.,"Use readiness_state only: PRIMARY_PENDING → PRIMARY_PASS/CONFIRMATION_PENDING → CONFIRMED_READY, or cause-specific NOT_YET / DISCORDANT_NOT_YET / REASSESS_TECHNICAL / INSUFFICIENT_EVIDENCE / INVALID_FORM / DIAGNOSTIC_HOLD. Only CONFIRMED_READY initially closes readiness; BASELINE_MASTERY is progress reporting only.",NONE,"Even if P1 meets the eventual P10 target, final readiness requires fresh P10 PRIMARY + matched CONFIRMATION."
v0.25,RS02,Sequential place-keeping,P10,Keep the exact left-to-right word sequence without losing place.,"The learner avoids skipped words, inserted words and order changes, including immediately after punctuation or a difficult word.",sequence_errors = confirmed omissions + insertions + reorderings; also record longest consecutive-word skip.,≤2 sequence errors; no 2+ word skip.,At P10: ≤2 sequence errors per 100 assessable words and no skip of 2+ consecutive expected words.,PROVISIONAL_PILOT,Use same-RS valid P10 evidence under the canonical readiness specification.,"Use readiness_state only: PRIMARY_PENDING → PRIMARY_PASS/CONFIRMATION_PENDING → CONFIRMED_READY, or cause-specific NOT_YET / DISCORDANT_NOT_YET / REASSESS_TECHNICAL / INSUFFICIENT_EVIDENCE / INVALID_FORM / DIAGNOSTIC_HOLD. Only CONFIRMED_READY initially closes readiness; BASELINE_MASTERY is progress reporting only.","CONFIRM-1.0: A single valid P10 pass never closes an RS. Each RS readiness cycle uses two fresh unseen equivalent P10 forms: PRIMARY then CONFIRMATION. No coaching, hints, scored-result disclosure, or targeted practice may occur between a passing PRIMARY and its CONFIRMATION. Both valid forms must satisfy the same RS P10 readiness rule. If PRIMARY fails, stop the cycle and remediate before a new cycle. If PRIMARY passes but CONFIRMATION fails, mark DISCORDANT_NOT_YET and remediate before a new cycle. Technical-invalid forms are REASSESS_TECHNICAL and do not count as valid attempts. All valid forms remain in the audit record; the system may never cherry-pick the best historical pass.","EQUIV-2.1: exact 100 COUNT-100 words; World 1 one-word display; same RS/P10, scoring version, threshold version/status, comprehension blueprint class and safety/accessibility gates; fresh unseen content; non-compensatory global + RS-specific matching; candidate must pass all tolerances embedded in the canonical v0.22 Markdown specification.","ATTEMPT-1.0: A readiness cycle is PRIMARY→CONFIRMATION. A valid failure ends that cycle. A new cycle may begin only after an intervening targeted learning block for that RS. After two consecutive failed/discordant valid cycles, set DIAGNOSTIC_HOLD and require at least two targeted non-readiness practice passages plus a documented diagnostic review before another readiness cycle. There is no unlimited back-to-back retry loop. Genuine later learning may reopen assessment after the required learning block.",PRIMARY_PENDING; PRIMARY_PASS; CONFIRMATION_PENDING; CONFIRMED_READY; NOT_YET; DISCORDANT_NOT_YET; REASSESS_TECHNICAL; INSUFFICIENT_EVIDENCE; INVALID_FORM; DIAGNOSTIC_HOLD; REVALIDATION_DUE; REVALIDATION_PENDING; CURRENT_REVALIDATED; NOT_YET_AFTER_REVALIDATION; VERSION_INVALIDATED. Only CONFIRMED_READY initially closes readiness.,EQUIV-2.1,SpeedReader_W1_BandA_Form_Equivalence_v0.22.csv,EQUIV-2.1,PROVISIONAL_STRUCTURAL,PROVISIONAL_STRUCTURAL → EMPIRICAL_REVIEW → PRODUCTION_APPROVED; SUSPENDED_RECALIBRATE on material change.,COMP-P10-1.0,"First-attempt independent mastery = at least 3/4 correct AND the designated primary-skill item correct, before any hint, targeted reread, answer feedback, narrowing, worked example, or remediation. Comprehension readiness requires two independent first-attempt passes on fresh matched forms: COMP_PRIMARY_PASS then COMP_CONFIRMATION_PASS. No targeted comprehension coaching, hinting, answer explanation, or missed-item disclosure occurs between a passing PRIMARY and its CONFIRMATION. Both forms use the same P10 blueprint class but fresh passage evidence and fresh question wording. Only COMPREHENSION_CONFIRMED contributes to Band-A readiness.",RECENCY-1.0,Readiness evidence remains CURRENT until the first of: >56 calendar days since the latest passing same-RS confirmation/revalidation; >16 subsequent valid Band-A assessment/remediation sessions; or >28 consecutive calendar days with no SpeedReader learning session. Material scoring/threshold-version changes invalidate evidence immediately rather than merely making it stale. These numeric limits are PROVISIONAL_PILOT and require later calibration.,"When evidence is REVALIDATION_DUE only because of recency/inactivity, use one fresh unseen EQUIV-2.1 same-RS P10 revalidation form. Score oral and comprehension streams independently before any targeted feedback. A passing stream renews only that stream's freshness anchor. A valid failing stream becomes NOT_YET and requires targeted remediation followed by a new full PRIMARY→CONFIRMATION cycle for that stream. Technical invalidity does not count as failure and does not reset freshness until valid evidence is obtained.",EVIDENCE-MIN-1.2,At least 90 assessable words total AND at least 28 assessable words in each passage third.,COMP-COVERAGE-1.0,Q1 D1: Direct recall | Q2 D7: Simple inference | Q3 D6: Main idea | Q4 D4: Prediction,,,,MIRROR_ONLY,SpeedReader_W1_BandA_Spec_v0.25.md,SpeedReader_W1_BandA_Spec_v0.25.md is sole normative source; v0.25 CSVs are mirrors only.,FORM-SUPPLY-1.0,PRE_GENERATED_QA_APPROVED_BANK,PROHIBITED,first≥28; middle≥28; final≥28; total≥90.,,,STATE-SEP-1.0,Progress descriptors report P1/current trajectory only and cannot close readiness. BASELINE_MASTERY is allowed here.,"Use readiness_state only: PRIMARY_PENDING → PRIMARY_PASS/CONFIRMATION_PENDING → CONFIRMED_READY, or cause-specific NOT_YET / DISCORDANT_NOT_YET / REASSESS_TECHNICAL / INSUFFICIENT_EVIDENCE / INVALID_FORM / DIAGNOSTIC_HOLD. Only CONFIRMED_READY initially closes readiness; BASELINE_MASTERY is progress reporting only.",NONE,"Even if P1 meets the eventual P10 target, final readiness requires fresh P10 PRIMARY + matched CONFIRMATION."
v0.25,RS03,Function-word fidelity,P1,Read short grammatical words accurately instead of skipping or replacing them.,"Words such as a, an, the, of, to, in, on, is, was, are, and, but are spoken when present and are not casually substituted.",function_word_accuracy = correct tagged function words / assessable tagged function words; track function-word omissions separately.,Baseline on naturally occurring function words.,At P10: function_word_accuracy ≥98% with zero repeated omission pattern for the same common function word.,PROVISIONAL_PILOT,Use same-RS valid P10 evidence under the canonical readiness specification.,"Use readiness_state only: PRIMARY_PENDING → PRIMARY_PASS/CONFIRMATION_PENDING → CONFIRMED_READY, or cause-specific NOT_YET / DISCORDANT_NOT_YET / REASSESS_TECHNICAL / INSUFFICIENT_EVIDENCE / INVALID_FORM / DIAGNOSTIC_HOLD. Only CONFIRMED_READY initially closes readiness; BASELINE_MASTERY is progress reporting only.","CONFIRM-1.0: A single valid P10 pass never closes an RS. Each RS readiness cycle uses two fresh unseen equivalent P10 forms: PRIMARY then CONFIRMATION. No coaching, hints, scored-result disclosure, or targeted practice may occur between a passing PRIMARY and its CONFIRMATION. Both valid forms must satisfy the same RS P10 readiness rule. If PRIMARY fails, stop the cycle and remediate before a new cycle. If PRIMARY passes but CONFIRMATION fails, mark DISCORDANT_NOT_YET and remediate before a new cycle. Technical-invalid forms are REASSESS_TECHNICAL and do not count as valid attempts. All valid forms remain in the audit record; the system may never cherry-pick the best historical pass.","EQUIV-2.1: exact 100 COUNT-100 words; World 1 one-word display; same RS/P10, scoring version, threshold version/status, comprehension blueprint class and safety/accessibility gates; fresh unseen content; non-compensatory global + RS-specific matching; candidate must pass all tolerances embedded in the canonical v0.22 Markdown specification.","ATTEMPT-1.0: A readiness cycle is PRIMARY→CONFIRMATION. A valid failure ends that cycle. A new cycle may begin only after an intervening targeted learning block for that RS. After two consecutive failed/discordant valid cycles, set DIAGNOSTIC_HOLD and require at least two targeted non-readiness practice passages plus a documented diagnostic review before another readiness cycle. There is no unlimited back-to-back retry loop. Genuine later learning may reopen assessment after the required learning block.",PRIMARY_PENDING; PRIMARY_PASS; CONFIRMATION_PENDING; CONFIRMED_READY; NOT_YET; DISCORDANT_NOT_YET; REASSESS_TECHNICAL; INSUFFICIENT_EVIDENCE; INVALID_FORM; DIAGNOSTIC_HOLD; REVALIDATION_DUE; REVALIDATION_PENDING; CURRENT_REVALIDATED; NOT_YET_AFTER_REVALIDATION; VERSION_INVALIDATED. Only CONFIRMED_READY initially closes readiness.,EQUIV-2.1,SpeedReader_W1_BandA_Form_Equivalence_v0.22.csv,EQUIV-2.1,PROVISIONAL_STRUCTURAL,PROVISIONAL_STRUCTURAL → EMPIRICAL_REVIEW → PRODUCTION_APPROVED; SUSPENDED_RECALIBRATE on material change.,COMP-P10-1.0,,RECENCY-1.0,,,EVIDENCE-MIN-1.2,,COMP-COVERAGE-1.0,,,,,MIRROR_ONLY,SpeedReader_W1_BandA_Spec_v0.25.md,SpeedReader_W1_BandA_Spec_v0.25.md is sole normative source; v0.25 CSVs are mirrors only.,FORM-SUPPLY-1.0,PRE_GENERATED_QA_APPROVED_BANK,PROHIBITED,,,,STATE-SEP-1.0,Progress descriptors report P1/current trajectory only and cannot close readiness. BASELINE_MASTERY is allowed here.,"Use readiness_state only: PRIMARY_PENDING → PRIMARY_PASS/CONFIRMATION_PENDING → CONFIRMED_READY, or cause-specific NOT_YET / DISCORDANT_NOT_YET / REASSESS_TECHNICAL / INSUFFICIENT_EVIDENCE / INVALID_FORM / DIAGNOSTIC_HOLD. Only CONFIRMED_READY initially closes readiness; BASELINE_MASTERY is progress reporting only.",NONE,"Even if P1 meets the eventual P10 target, final readiness requires fresh P10 PRIMARY + matched CONFIRMATION."
v0.25,RS03,Function-word fidelity,P2,Read short grammatical words accurately instead of skipping or replacing them.,"Words such as a, an, the, of, to, in, on, is, was, are, and, but are spoken when present and are not casually substituted.",function_word_accuracy = correct tagged function words / assessable tagged function words; track function-word omissions separately.,Function-word accuracy ≥90%.,At P10: function_word_accuracy ≥98% with zero repeated omission pattern for the same common function word.,PROVISIONAL_PILOT,Use same-RS valid P10 evidence under the canonical readiness specification.,"Use readiness_state only: PRIMARY_PENDING → PRIMARY_PASS/CONFIRMATION_PENDING → CONFIRMED_READY, or cause-specific NOT_YET / DISCORDANT_NOT_YET / REASSESS_TECHNICAL / INSUFFICIENT_EVIDENCE / INVALID_FORM / DIAGNOSTIC_HOLD. Only CONFIRMED_READY initially closes readiness; BASELINE_MASTERY is progress reporting only.","CONFIRM-1.0: A single valid P10 pass never closes an RS. Each RS readiness cycle uses two fresh unseen equivalent P10 forms: PRIMARY then CONFIRMATION. No coaching, hints, scored-result disclosure, or targeted practice may occur between a passing PRIMARY and its CONFIRMATION. Both valid forms must satisfy the same RS P10 readiness rule. If PRIMARY fails, stop the cycle and remediate before a new cycle. If PRIMARY passes but CONFIRMATION fails, mark DISCORDANT_NOT_YET and remediate before a new cycle. Technical-invalid forms are REASSESS_TECHNICAL and do not count as valid attempts. All valid forms remain in the audit record; the system may never cherry-pick the best historical pass.","EQUIV-2.1: exact 100 COUNT-100 words; World 1 one-word display; same RS/P10, scoring version, threshold version/status, comprehension blueprint class and safety/accessibility gates; fresh unseen content; non-compensatory global + RS-specific matching; candidate must pass all tolerances embedded in the canonical v0.22 Markdown specification.","ATTEMPT-1.0: A readiness cycle is PRIMARY→CONFIRMATION. A valid failure ends that cycle. A new cycle may begin only after an intervening targeted learning block for that RS. After two consecutive failed/discordant valid cycles, set DIAGNOSTIC_HOLD and require at least two targeted non-readiness practice passages plus a documented diagnostic review before another readiness cycle. There is no unlimited back-to-back retry loop. Genuine later learning may reopen assessment after the required learning block.",PRIMARY_PENDING; PRIMARY_PASS; CONFIRMATION_PENDING; CONFIRMED_READY; NOT_YET; DISCORDANT_NOT_YET; REASSESS_TECHNICAL; INSUFFICIENT_EVIDENCE; INVALID_FORM; DIAGNOSTIC_HOLD; REVALIDATION_DUE; REVALIDATION_PENDING; CURRENT_REVALIDATED; NOT_YET_AFTER_REVALIDATION; VERSION_INVALIDATED. Only CONFIRMED_READY initially closes readiness.,EQUIV-2.1,SpeedReader_W1_BandA_Form_Equivalence_v0.22.csv,EQUIV-2.1,PROVISIONAL_STRUCTURAL,PROVISIONAL_STRUCTURAL → EMPIRICAL_REVIEW → PRODUCTION_APPROVED; SUSPENDED_RECALIBRATE on material change.,COMP-P10-1.0,,RECENCY-1.0,,,EVIDENCE-MIN-1.2,,COMP-COVERAGE-1.0,,,,,MIRROR_ONLY,SpeedReader_W1_BandA_Spec_v0.25.md,SpeedReader_W1_BandA_Spec_v0.25.md is sole normative source; v0.25 CSVs are mirrors only.,FORM-SUPPLY-1.0,PRE_GENERATED_QA_APPROVED_BANK,PROHIBITED,,,,STATE-SEP-1.0,Progress descriptors report P1/current trajectory only and cannot close readiness. BASELINE_MASTERY is allowed here.,"Use readiness_state only: PRIMARY_PENDING → PRIMARY_PASS/CONFIRMATION_PENDING → CONFIRMED_READY, or cause-specific NOT_YET / DISCORDANT_NOT_YET / REASSESS_TECHNICAL / INSUFFICIENT_EVIDENCE / INVALID_FORM / DIAGNOSTIC_HOLD. Only CONFIRMED_READY initially closes readiness; BASELINE_MASTERY is progress reporting only.",NONE,"Even if P1 meets the eventual P10 target, final readiness requires fresh P10 PRIMARY + matched CONFIRMATION."
v0.25,RS03,Function-word fidelity,P3,Read short grammatical words accurately instead of skipping or replacing them.,"Words such as a, an, the, of, to, in, on, is, was, are, and, but are spoken when present and are not casually substituted.",function_word_accuracy = correct tagged function words / assessable tagged function words; track function-word omissions separately.,≥92%.,At P10: function_word_accuracy ≥98% with zero repeated omission pattern for the same common function word.,PROVISIONAL_PILOT,Use same-RS valid P10 evidence under the canonical readiness specification.,"Use readiness_state only: PRIMARY_PENDING → PRIMARY_PASS/CONFIRMATION_PENDING → CONFIRMED_READY, or cause-specific NOT_YET / DISCORDANT_NOT_YET / REASSESS_TECHNICAL / INSUFFICIENT_EVIDENCE / INVALID_FORM / DIAGNOSTIC_HOLD. Only CONFIRMED_READY initially closes readiness; BASELINE_MASTERY is progress reporting only.","CONFIRM-1.0: A single valid P10 pass never closes an RS. Each RS readiness cycle uses two fresh unseen equivalent P10 forms: PRIMARY then CONFIRMATION. No coaching, hints, scored-result disclosure, or targeted practice may occur between a passing PRIMARY and its CONFIRMATION. Both valid forms must satisfy the same RS P10 readiness rule. If PRIMARY fails, stop the cycle and remediate before a new cycle. If PRIMARY passes but CONFIRMATION fails, mark DISCORDANT_NOT_YET and remediate before a new cycle. Technical-invalid forms are REASSESS_TECHNICAL and do not count as valid attempts. All valid forms remain in the audit record; the system may never cherry-pick the best historical pass.","EQUIV-2.1: exact 100 COUNT-100 words; World 1 one-word display; same RS/P10, scoring version, threshold version/status, comprehension blueprint class and safety/accessibility gates; fresh unseen content; non-compensatory global + RS-specific matching; candidate must pass all tolerances embedded in the canonical v0.22 Markdown specification.","ATTEMPT-1.0: A readiness cycle is PRIMARY→CONFIRMATION. A valid failure ends that cycle. A new cycle may begin only after an intervening targeted learning block for that RS. After two consecutive failed/discordant valid cycles, set DIAGNOSTIC_HOLD and require at least two targeted non-readiness practice passages plus a documented diagnostic review before another readiness cycle. There is no unlimited back-to-back retry loop. Genuine later learning may reopen assessment after the required learning block.",PRIMARY_PENDING; PRIMARY_PASS; CONFIRMATION_PENDING; CONFIRMED_READY; NOT_YET; DISCORDANT_NOT_YET; REASSESS_TECHNICAL; INSUFFICIENT_EVIDENCE; INVALID_FORM; DIAGNOSTIC_HOLD; REVALIDATION_DUE; REVALIDATION_PENDING; CURRENT_REVALIDATED; NOT_YET_AFTER_REVALIDATION; VERSION_INVALIDATED. Only CONFIRMED_READY initially closes readiness.,EQUIV-2.1,SpeedReader_W1_BandA_Form_Equivalence_v0.22.csv,EQUIV-2.1,PROVISIONAL_STRUCTURAL,PROVISIONAL_STRUCTURAL → EMPIRICAL_REVIEW → PRODUCTION_APPROVED; SUSPENDED_RECALIBRATE on material change.,COMP-P10-1.0,,RECENCY-1.0,,,EVIDENCE-MIN-1.2,,COMP-COVERAGE-1.0,,,,,MIRROR_ONLY,SpeedReader_W1_BandA_Spec_v0.25.md,SpeedReader_W1_BandA_Spec_v0.25.md is sole normative source; v0.25 CSVs are mirrors only.,FORM-SUPPLY-1.0,PRE_GENERATED_QA_APPROVED_BANK,PROHIBITED,,,,STATE-SEP-1.0,Progress descriptors report P1/current trajectory only and cannot close readiness. BASELINE_MASTERY is allowed here.,"Use readiness_state only: PRIMARY_PENDING → PRIMARY_PASS/CONFIRMATION_PENDING → CONFIRMED_READY, or cause-specific NOT_YET / DISCORDANT_NOT_YET / REASSESS_TECHNICAL / INSUFFICIENT_EVIDENCE / INVALID_FORM / DIAGNOSTIC_HOLD. Only CONFIRMED_READY initially closes readiness; BASELINE_MASTERY is progress reporting only.",NONE,"Even if P1 meets the eventual P10 target, final readiness requires fresh P10 PRIMARY + matched CONFIRMATION."
v0.25,RS03,Function-word fidelity,P4,Read short grammatical words accurately instead of skipping or replacing them.,"Words such as a, an, the, of, to, in, on, is, was, are, and, but are spoken when present and are not casually substituted.",function_word_accuracy = correct tagged function words / assessable tagged function words; track function-word omissions separately.,≥93%; no repeated omission of the same function word.,At P10: function_word_accuracy ≥98% with zero repeated omission pattern for the same common function word.,PROVISIONAL_PILOT,Use same-RS valid P10 evidence under the canonical readiness specification.,"Use readiness_state only: PRIMARY_PENDING → PRIMARY_PASS/CONFIRMATION_PENDING → CONFIRMED_READY, or cause-specific NOT_YET / DISCORDANT_NOT_YET / REASSESS_TECHNICAL / INSUFFICIENT_EVIDENCE / INVALID_FORM / DIAGNOSTIC_HOLD. Only CONFIRMED_READY initially closes readiness; BASELINE_MASTERY is progress reporting only.","CONFIRM-1.0: A single valid P10 pass never closes an RS. Each RS readiness cycle uses two fresh unseen equivalent P10 forms: PRIMARY then CONFIRMATION. No coaching, hints, scored-result disclosure, or targeted practice may occur between a passing PRIMARY and its CONFIRMATION. Both valid forms must satisfy the same RS P10 readiness rule. If PRIMARY fails, stop the cycle and remediate before a new cycle. If PRIMARY passes but CONFIRMATION fails, mark DISCORDANT_NOT_YET and remediate before a new cycle. Technical-invalid forms are REASSESS_TECHNICAL and do not count as valid attempts. All valid forms remain in the audit record; the system may never cherry-pick the best historical pass.","EQUIV-2.1: exact 100 COUNT-100 words; World 1 one-word display; same RS/P10, scoring version, threshold version/status, comprehension blueprint class and safety/accessibility gates; fresh unseen content; non-compensatory global + RS-specific matching; candidate must pass all tolerances embedded in the canonical v0.22 Markdown specification.","ATTEMPT-1.0: A readiness cycle is PRIMARY→CONFIRMATION. A valid failure ends that cycle. A new cycle may begin only after an intervening targeted learning block for that RS. After two consecutive failed/discordant valid cycles, set DIAGNOSTIC_HOLD and require at least two targeted non-readiness practice passages plus a documented diagnostic review before another readiness cycle. There is no unlimited back-to-back retry loop. Genuine later learning may reopen assessment after the required learning block.",PRIMARY_PENDING; PRIMARY_PASS; CONFIRMATION_PENDING; CONFIRMED_READY; NOT_YET; DISCORDANT_NOT_YET; REASSESS_TECHNICAL; INSUFFICIENT_EVIDENCE; INVALID_FORM; DIAGNOSTIC_HOLD; REVALIDATION_DUE; REVALIDATION_PENDING; CURRENT_REVALIDATED; NOT_YET_AFTER_REVALIDATION; VERSION_INVALIDATED. Only CONFIRMED_READY initially closes readiness.,EQUIV-2.1,SpeedReader_W1_BandA_Form_Equivalence_v0.22.csv,EQUIV-2.1,PROVISIONAL_STRUCTURAL,PROVISIONAL_STRUCTURAL → EMPIRICAL_REVIEW → PRODUCTION_APPROVED; SUSPENDED_RECALIBRATE on material change.,COMP-P10-1.0,,RECENCY-1.0,,,EVIDENCE-MIN-1.2,,COMP-COVERAGE-1.0,,,,,MIRROR_ONLY,SpeedReader_W1_BandA_Spec_v0.25.md,SpeedReader_W1_BandA_Spec_v0.25.md is sole normative source; v0.25 CSVs are mirrors only.,FORM-SUPPLY-1.0,PRE_GENERATED_QA_APPROVED_BANK,PROHIBITED,,,,STATE-SEP-1.0,Progress descriptors report P1/current trajectory only and cannot close readiness. BASELINE_MASTERY is allowed here.,"Use readiness_state only: PRIMARY_PENDING → PRIMARY_PASS/CONFIRMATION_PENDING → CONFIRMED_READY, or cause-specific NOT_YET / DISCORDANT_NOT_YET / REASSESS_TECHNICAL / INSUFFICIENT_EVIDENCE / INVALID_FORM / DIAGNOSTIC_HOLD. Only CONFIRMED_READY initially closes readiness; BASELINE_MASTERY is progress reporting only.",NONE,"Even if P1 meets the eventual P10 target, final readiness requires fresh P10 PRIMARY + matched CONFIRMATION."
v0.25,RS03,Function-word fidelity,P5,Read short grammatical words accurately instead of skipping or replacing them.,"Words such as a, an, the, of, to, in, on, is, was, are, and, but are spoken when present and are not casually substituted.",function_word_accuracy = correct tagged function words / assessable tagged function words; track function-word omissions separately.,≥94%.,At P10: function_word_accuracy ≥98% with zero repeated omission pattern for the same common function word.,PROVISIONAL_PILOT,Use same-RS valid P10 evidence under the canonical readiness specification.,"Use readiness_state only: PRIMARY_PENDING → PRIMARY_PASS/CONFIRMATION_PENDING → CONFIRMED_READY, or cause-specific NOT_YET / DISCORDANT_NOT_YET / REASSESS_TECHNICAL / INSUFFICIENT_EVIDENCE / INVALID_FORM / DIAGNOSTIC_HOLD. Only CONFIRMED_READY initially closes readiness; BASELINE_MASTERY is progress reporting only.","CONFIRM-1.0: A single valid P10 pass never closes an RS. Each RS readiness cycle uses two fresh unseen equivalent P10 forms: PRIMARY then CONFIRMATION. No coaching, hints, scored-result disclosure, or targeted practice may occur between a passing PRIMARY and its CONFIRMATION. Both valid forms must satisfy the same RS P10 readiness rule. If PRIMARY fails, stop the cycle and remediate before a new cycle. If PRIMARY passes but CONFIRMATION fails, mark DISCORDANT_NOT_YET and remediate before a new cycle. Technical-invalid forms are REASSESS_TECHNICAL and do not count as valid attempts. All valid forms remain in the audit record; the system may never cherry-pick the best historical pass.","EQUIV-2.1: exact 100 COUNT-100 words; World 1 one-word display; same RS/P10, scoring version, threshold version/status, comprehension blueprint class and safety/accessibility gates; fresh unseen content; non-compensatory global + RS-specific matching; candidate must pass all tolerances embedded in the canonical v0.22 Markdown specification.","ATTEMPT-1.0: A readiness cycle is PRIMARY→CONFIRMATION. A valid failure ends that cycle. A new cycle may begin only after an intervening targeted learning block for that RS. After two consecutive failed/discordant valid cycles, set DIAGNOSTIC_HOLD and require at least two targeted non-readiness practice passages plus a documented diagnostic review before another readiness cycle. There is no unlimited back-to-back retry loop. Genuine later learning may reopen assessment after the required learning block.",PRIMARY_PENDING; PRIMARY_PASS; CONFIRMATION_PENDING; CONFIRMED_READY; NOT_YET; DISCORDANT_NOT_YET; REASSESS_TECHNICAL; INSUFFICIENT_EVIDENCE; INVALID_FORM; DIAGNOSTIC_HOLD; REVALIDATION_DUE; REVALIDATION_PENDING; CURRENT_REVALIDATED; NOT_YET_AFTER_REVALIDATION; VERSION_INVALIDATED. Only CONFIRMED_READY initially closes readiness.,EQUIV-2.1,SpeedReader_W1_BandA_Form_Equivalence_v0.22.csv,EQUIV-2.1,PROVISIONAL_STRUCTURAL,PROVISIONAL_STRUCTURAL → EMPIRICAL_REVIEW → PRODUCTION_APPROVED; SUSPENDED_RECALIBRATE on material change.,COMP-P10-1.0,,RECENCY-1.0,,,EVIDENCE-MIN-1.2,,COMP-COVERAGE-1.0,,,,,MIRROR_ONLY,SpeedReader_W1_BandA_Spec_v0.25.md,SpeedReader_W1_BandA_Spec_v0.25.md is sole normative source; v0.25 CSVs are mirrors only.,FORM-SUPPLY-1.0,PRE_GENERATED_QA_APPROVED_BANK,PROHIBITED,,,,STATE-SEP-1.0,Progress descriptors report P1/current trajectory only and cannot close readiness. BASELINE_MASTERY is allowed here.,"Use readiness_state only: PRIMARY_PENDING → PRIMARY_PASS/CONFIRMATION_PENDING → CONFIRMED_READY, or cause-specific NOT_YET / DISCORDANT_NOT_YET / REASSESS_TECHNICAL / INSUFFICIENT_EVIDENCE / INVALID_FORM / DIAGNOSTIC_HOLD. Only CONFIRMED_READY initially closes readiness; BASELINE_MASTERY is progress reporting only.",NONE,"Even if P1 meets the eventual P10 target, final readiness requires fresh P10 PRIMARY + matched CONFIRMATION."
v0.25,RS03,Function-word fidelity,P6,Read short grammatical words accurately instead of skipping or replacing them.,"Words such as a, an, the, of, to, in, on, is, was, are, and, but are spoken when present and are not casually substituted.",function_word_accuracy = correct tagged function words / assessable tagged function words; track function-word omissions separately.,≥95%.,At P10: function_word_accuracy ≥98% with zero repeated omission pattern for the same common function word.,PROVISIONAL_PILOT,Use same-RS valid P10 evidence under the canonical readiness specification.,"Use readiness_state only: PRIMARY_PENDING → PRIMARY_PASS/CONFIRMATION_PENDING → CONFIRMED_READY, or cause-specific NOT_YET / DISCORDANT_NOT_YET / REASSESS_TECHNICAL / INSUFFICIENT_EVIDENCE / INVALID_FORM / DIAGNOSTIC_HOLD. Only CONFIRMED_READY initially closes readiness; BASELINE_MASTERY is progress reporting only.","CONFIRM-1.0: A single valid P10 pass never closes an RS. Each RS readiness cycle uses two fresh unseen equivalent P10 forms: PRIMARY then CONFIRMATION. No coaching, hints, scored-result disclosure, or targeted practice may occur between a passing PRIMARY and its CONFIRMATION. Both valid forms must satisfy the same RS P10 readiness rule. If PRIMARY fails, stop the cycle and remediate before a new cycle. If PRIMARY passes but CONFIRMATION fails, mark DISCORDANT_NOT_YET and remediate before a new cycle. Technical-invalid forms are REASSESS_TECHNICAL and do not count as valid attempts. All valid forms remain in the audit record; the system may never cherry-pick the best historical pass.","EQUIV-2.1: exact 100 COUNT-100 words; World 1 one-word display; same RS/P10, scoring version, threshold version/status, comprehension blueprint class and safety/accessibility gates; fresh unseen content; non-compensatory global + RS-specific matching; candidate must pass all tolerances embedded in the canonical v0.22 Markdown specification.","ATTEMPT-1.0: A readiness cycle is PRIMARY→CONFIRMATION. A valid failure ends that cycle. A new cycle may begin only after an intervening targeted learning block for that RS. After two consecutive failed/discordant valid cycles, set DIAGNOSTIC_HOLD and require at least two targeted non-readiness practice passages plus a documented diagnostic review before another readiness cycle. There is no unlimited back-to-back retry loop. Genuine later learning may reopen assessment after the required learning block.",PRIMARY_PENDING; PRIMARY_PASS; CONFIRMATION_PENDING; CONFIRMED_READY; NOT_YET; DISCORDANT_NOT_YET; REASSESS_TECHNICAL; INSUFFICIENT_EVIDENCE; INVALID_FORM; DIAGNOSTIC_HOLD; REVALIDATION_DUE; REVALIDATION_PENDING; CURRENT_REVALIDATED; NOT_YET_AFTER_REVALIDATION; VERSION_INVALIDATED. Only CONFIRMED_READY initially closes readiness.,EQUIV-2.1,SpeedReader_W1_BandA_Form_Equivalence_v0.22.csv,EQUIV-2.1,PROVISIONAL_STRUCTURAL,PROVISIONAL_STRUCTURAL → EMPIRICAL_REVIEW → PRODUCTION_APPROVED; SUSPENDED_RECALIBRATE on material change.,COMP-P10-1.0,,RECENCY-1.0,,,EVIDENCE-MIN-1.2,,COMP-COVERAGE-1.0,,,,,MIRROR_ONLY,SpeedReader_W1_BandA_Spec_v0.25.md,SpeedReader_W1_BandA_Spec_v0.25.md is sole normative source; v0.25 CSVs are mirrors only.,FORM-SUPPLY-1.0,PRE_GENERATED_QA_APPROVED_BANK,PROHIBITED,,,,STATE-SEP-1.0,Progress descriptors report P1/current trajectory only and cannot close readiness. BASELINE_MASTERY is allowed here.,"Use readiness_state only: PRIMARY_PENDING → PRIMARY_PASS/CONFIRMATION_PENDING → CONFIRMED_READY, or cause-specific NOT_YET / DISCORDANT_NOT_YET / REASSESS_TECHNICAL / INSUFFICIENT_EVIDENCE / INVALID_FORM / DIAGNOSTIC_HOLD. Only CONFIRMED_READY initially closes readiness; BASELINE_MASTERY is progress reporting only.",NONE,"Even if P1 meets the eventual P10 target, final readiness requires fresh P10 PRIMARY + matched CONFIRMATION."
v0.25,RS03,Function-word fidelity,P7,Read short grammatical words accurately instead of skipping or replacing them.,"Words such as a, an, the, of, to, in, on, is, was, are, and, but are spoken when present and are not casually substituted.",function_word_accuracy = correct tagged function words / assessable tagged function words; track function-word omissions separately.,≥96% through sentence transitions.,At P10: function_word_accuracy ≥98% with zero repeated omission pattern for the same common function word.,PROVISIONAL_PILOT,Use same-RS valid P10 evidence under the canonical readiness specification.,"Use readiness_state only: PRIMARY_PENDING → PRIMARY_PASS/CONFIRMATION_PENDING → CONFIRMED_READY, or cause-specific NOT_YET / DISCORDANT_NOT_YET / REASSESS_TECHNICAL / INSUFFICIENT_EVIDENCE / INVALID_FORM / DIAGNOSTIC_HOLD. Only CONFIRMED_READY initially closes readiness; BASELINE_MASTERY is progress reporting only.","CONFIRM-1.0: A single valid P10 pass never closes an RS. Each RS readiness cycle uses two fresh unseen equivalent P10 forms: PRIMARY then CONFIRMATION. No coaching, hints, scored-result disclosure, or targeted practice may occur between a passing PRIMARY and its CONFIRMATION. Both valid forms must satisfy the same RS P10 readiness rule. If PRIMARY fails, stop the cycle and remediate before a new cycle. If PRIMARY passes but CONFIRMATION fails, mark DISCORDANT_NOT_YET and remediate before a new cycle. Technical-invalid forms are REASSESS_TECHNICAL and do not count as valid attempts. All valid forms remain in the audit record; the system may never cherry-pick the best historical pass.","EQUIV-2.1: exact 100 COUNT-100 words; World 1 one-word display; same RS/P10, scoring version, threshold version/status, comprehension blueprint class and safety/accessibility gates; fresh unseen content; non-compensatory global + RS-specific matching; candidate must pass all tolerances embedded in the canonical v0.22 Markdown specification.","ATTEMPT-1.0: A readiness cycle is PRIMARY→CONFIRMATION. A valid failure ends that cycle. A new cycle may begin only after an intervening targeted learning block for that RS. After two consecutive failed/discordant valid cycles, set DIAGNOSTIC_HOLD and require at least two targeted non-readiness practice passages plus a documented diagnostic review before another readiness cycle. There is no unlimited back-to-back retry loop. Genuine later learning may reopen assessment after the required learning block.",PRIMARY_PENDING; PRIMARY_PASS; CONFIRMATION_PENDING; CONFIRMED_READY; NOT_YET; DISCORDANT_NOT_YET; REASSESS_TECHNICAL; INSUFFICIENT_EVIDENCE; INVALID_FORM; DIAGNOSTIC_HOLD; REVALIDATION_DUE; REVALIDATION_PENDING; CURRENT_REVALIDATED; NOT_YET_AFTER_REVALIDATION; VERSION_INVALIDATED. Only CONFIRMED_READY initially closes readiness.,EQUIV-2.1,SpeedReader_W1_BandA_Form_Equivalence_v0.22.csv,EQUIV-2.1,PROVISIONAL_STRUCTURAL,PROVISIONAL_STRUCTURAL → EMPIRICAL_REVIEW → PRODUCTION_APPROVED; SUSPENDED_RECALIBRATE on material change.,COMP-P10-1.0,,RECENCY-1.0,,,EVIDENCE-MIN-1.2,,COMP-COVERAGE-1.0,,,,,MIRROR_ONLY,SpeedReader_W1_BandA_Spec_v0.25.md,SpeedReader_W1_BandA_Spec_v0.25.md is sole normative source; v0.25 CSVs are mirrors only.,FORM-SUPPLY-1.0,PRE_GENERATED_QA_APPROVED_BANK,PROHIBITED,,,,STATE-SEP-1.0,Progress descriptors report P1/current trajectory only and cannot close readiness. BASELINE_MASTERY is allowed here.,"Use readiness_state only: PRIMARY_PENDING → PRIMARY_PASS/CONFIRMATION_PENDING → CONFIRMED_READY, or cause-specific NOT_YET / DISCORDANT_NOT_YET / REASSESS_TECHNICAL / INSUFFICIENT_EVIDENCE / INVALID_FORM / DIAGNOSTIC_HOLD. Only CONFIRMED_READY initially closes readiness; BASELINE_MASTERY is progress reporting only.",NONE,"Even if P1 meets the eventual P10 target, final readiness requires fresh P10 PRIMARY + matched CONFIRMATION."
v0.25,RS03,Function-word fidelity,P8,Read short grammatical words accurately instead of skipping or replacing them.,"Words such as a, an, the, of, to, in, on, is, was, are, and, but are spoken when present and are not casually substituted.",function_word_accuracy = correct tagged function words / assessable tagged function words; track function-word omissions separately.,≥96% with denser connective words.,At P10: function_word_accuracy ≥98% with zero repeated omission pattern for the same common function word.,PROVISIONAL_PILOT,Use same-RS valid P10 evidence under the canonical readiness specification.,"Use readiness_state only: PRIMARY_PENDING → PRIMARY_PASS/CONFIRMATION_PENDING → CONFIRMED_READY, or cause-specific NOT_YET / DISCORDANT_NOT_YET / REASSESS_TECHNICAL / INSUFFICIENT_EVIDENCE / INVALID_FORM / DIAGNOSTIC_HOLD. Only CONFIRMED_READY initially closes readiness; BASELINE_MASTERY is progress reporting only.","CONFIRM-1.0: A single valid P10 pass never closes an RS. Each RS readiness cycle uses two fresh unseen equivalent P10 forms: PRIMARY then CONFIRMATION. No coaching, hints, scored-result disclosure, or targeted practice may occur between a passing PRIMARY and its CONFIRMATION. Both valid forms must satisfy the same RS P10 readiness rule. If PRIMARY fails, stop the cycle and remediate before a new cycle. If PRIMARY passes but CONFIRMATION fails, mark DISCORDANT_NOT_YET and remediate before a new cycle. Technical-invalid forms are REASSESS_TECHNICAL and do not count as valid attempts. All valid forms remain in the audit record; the system may never cherry-pick the best historical pass.","EQUIV-2.1: exact 100 COUNT-100 words; World 1 one-word display; same RS/P10, scoring version, threshold version/status, comprehension blueprint class and safety/accessibility gates; fresh unseen content; non-compensatory global + RS-specific matching; candidate must pass all tolerances embedded in the canonical v0.22 Markdown specification.","ATTEMPT-1.0: A readiness cycle is PRIMARY→CONFIRMATION. A valid failure ends that cycle. A new cycle may begin only after an intervening targeted learning block for that RS. After two consecutive failed/discordant valid cycles, set DIAGNOSTIC_HOLD and require at least two targeted non-readiness practice passages plus a documented diagnostic review before another readiness cycle. There is no unlimited back-to-back retry loop. Genuine later learning may reopen assessment after the required learning block.",PRIMARY_PENDING; PRIMARY_PASS; CONFIRMATION_PENDING; CONFIRMED_READY; NOT_YET; DISCORDANT_NOT_YET; REASSESS_TECHNICAL; INSUFFICIENT_EVIDENCE; INVALID_FORM; DIAGNOSTIC_HOLD; REVALIDATION_DUE; REVALIDATION_PENDING; CURRENT_REVALIDATED; NOT_YET_AFTER_REVALIDATION; VERSION_INVALIDATED. Only CONFIRMED_READY initially closes readiness.,EQUIV-2.1,SpeedReader_W1_BandA_Form_Equivalence_v0.22.csv,EQUIV-2.1,PROVISIONAL_STRUCTURAL,PROVISIONAL_STRUCTURAL → EMPIRICAL_REVIEW → PRODUCTION_APPROVED; SUSPENDED_RECALIBRATE on material change.,COMP-P10-1.0,,RECENCY-1.0,,,EVIDENCE-MIN-1.2,,COMP-COVERAGE-1.0,,,,,MIRROR_ONLY,SpeedReader_W1_BandA_Spec_v0.25.md,SpeedReader_W1_BandA_Spec_v0.25.md is sole normative source; v0.25 CSVs are mirrors only.,FORM-SUPPLY-1.0,PRE_GENERATED_QA_APPROVED_BANK,PROHIBITED,,,,STATE-SEP-1.0,Progress descriptors report P1/current trajectory only and cannot close readiness. BASELINE_MASTERY is allowed here.,"Use readiness_state only: PRIMARY_PENDING → PRIMARY_PASS/CONFIRMATION_PENDING → CONFIRMED_READY, or cause-specific NOT_YET / DISCORDANT_NOT_YET / REASSESS_TECHNICAL / INSUFFICIENT_EVIDENCE / INVALID_FORM / DIAGNOSTIC_HOLD. Only CONFIRMED_READY initially closes readiness; BASELINE_MASTERY is progress reporting only.",NONE,"Even if P1 meets the eventual P10 target, final readiness requires fresh P10 PRIMARY + matched CONFIRMATION."
v0.25,RS03,Function-word fidelity,P9,Read short grammatical words accurately instead of skipping or replacing them.,"Words such as a, an, the, of, to, in, on, is, was, are, and, but are spoken when present and are not casually substituted.",function_word_accuracy = correct tagged function words / assessable tagged function words; track function-word omissions separately.,≥97%.,At P10: function_word_accuracy ≥98% with zero repeated omission pattern for the same common function word.,PROVISIONAL_PILOT,Use same-RS valid P10 evidence under the canonical readiness specification.,"Use readiness_state only: PRIMARY_PENDING → PRIMARY_PASS/CONFIRMATION_PENDING → CONFIRMED_READY, or cause-specific NOT_YET / DISCORDANT_NOT_YET / REASSESS_TECHNICAL / INSUFFICIENT_EVIDENCE / INVALID_FORM / DIAGNOSTIC_HOLD. Only CONFIRMED_READY initially closes readiness; BASELINE_MASTERY is progress reporting only.","CONFIRM-1.0: A single valid P10 pass never closes an RS. Each RS readiness cycle uses two fresh unseen equivalent P10 forms: PRIMARY then CONFIRMATION. No coaching, hints, scored-result disclosure, or targeted practice may occur between a passing PRIMARY and its CONFIRMATION. Both valid forms must satisfy the same RS P10 readiness rule. If PRIMARY fails, stop the cycle and remediate before a new cycle. If PRIMARY passes but CONFIRMATION fails, mark DISCORDANT_NOT_YET and remediate before a new cycle. Technical-invalid forms are REASSESS_TECHNICAL and do not count as valid attempts. All valid forms remain in the audit record; the system may never cherry-pick the best historical pass.","EQUIV-2.1: exact 100 COUNT-100 words; World 1 one-word display; same RS/P10, scoring version, threshold version/status, comprehension blueprint class and safety/accessibility gates; fresh unseen content; non-compensatory global + RS-specific matching; candidate must pass all tolerances embedded in the canonical v0.22 Markdown specification.","ATTEMPT-1.0: A readiness cycle is PRIMARY→CONFIRMATION. A valid failure ends that cycle. A new cycle may begin only after an intervening targeted learning block for that RS. After two consecutive failed/discordant valid cycles, set DIAGNOSTIC_HOLD and require at least two targeted non-readiness practice passages plus a documented diagnostic review before another readiness cycle. There is no unlimited back-to-back retry loop. Genuine later learning may reopen assessment after the required learning block.",PRIMARY_PENDING; PRIMARY_PASS; CONFIRMATION_PENDING; CONFIRMED_READY; NOT_YET; DISCORDANT_NOT_YET; REASSESS_TECHNICAL; INSUFFICIENT_EVIDENCE; INVALID_FORM; DIAGNOSTIC_HOLD; REVALIDATION_DUE; REVALIDATION_PENDING; CURRENT_REVALIDATED; NOT_YET_AFTER_REVALIDATION; VERSION_INVALIDATED. Only CONFIRMED_READY initially closes readiness.,EQUIV-2.1,SpeedReader_W1_BandA_Form_Equivalence_v0.22.csv,EQUIV-2.1,PROVISIONAL_STRUCTURAL,PROVISIONAL_STRUCTURAL → EMPIRICAL_REVIEW → PRODUCTION_APPROVED; SUSPENDED_RECALIBRATE on material change.,COMP-P10-1.0,,RECENCY-1.0,,,EVIDENCE-MIN-1.2,,COMP-COVERAGE-1.0,,,,,MIRROR_ONLY,SpeedReader_W1_BandA_Spec_v0.25.md,SpeedReader_W1_BandA_Spec_v0.25.md is sole normative source; v0.25 CSVs are mirrors only.,FORM-SUPPLY-1.0,PRE_GENERATED_QA_APPROVED_BANK,PROHIBITED,,,,STATE-SEP-1.0,Progress descriptors report P1/current trajectory only and cannot close readiness. BASELINE_MASTERY is allowed here.,"Use readiness_state only: PRIMARY_PENDING → PRIMARY_PASS/CONFIRMATION_PENDING → CONFIRMED_READY, or cause-specific NOT_YET / DISCORDANT_NOT_YET / REASSESS_TECHNICAL / INSUFFICIENT_EVIDENCE / INVALID_FORM / DIAGNOSTIC_HOLD. Only CONFIRMED_READY initially closes readiness; BASELINE_MASTERY is progress reporting only.",NONE,"Even if P1 meets the eventual P10 target, final readiness requires fresh P10 PRIMARY + matched CONFIRMATION."
v0.25,RS03,Function-word fidelity,P10,Read short grammatical words accurately instead of skipping or replacing them.,"Words such as a, an, the, of, to, in, on, is, was, are, and, but are spoken when present and are not casually substituted.",function_word_accuracy = correct tagged function words / assessable tagged function words; track function-word omissions separately.,≥98% and no repeated omission pattern.,At P10: function_word_accuracy ≥98% with zero repeated omission pattern for the same common function word.,PROVISIONAL_PILOT,Use same-RS valid P10 evidence under the canonical readiness specification.,"Use readiness_state only: PRIMARY_PENDING → PRIMARY_PASS/CONFIRMATION_PENDING → CONFIRMED_READY, or cause-specific NOT_YET / DISCORDANT_NOT_YET / REASSESS_TECHNICAL / INSUFFICIENT_EVIDENCE / INVALID_FORM / DIAGNOSTIC_HOLD. Only CONFIRMED_READY initially closes readiness; BASELINE_MASTERY is progress reporting only.","CONFIRM-1.0: A single valid P10 pass never closes an RS. Each RS readiness cycle uses two fresh unseen equivalent P10 forms: PRIMARY then CONFIRMATION. No coaching, hints, scored-result disclosure, or targeted practice may occur between a passing PRIMARY and its CONFIRMATION. Both valid forms must satisfy the same RS P10 readiness rule. If PRIMARY fails, stop the cycle and remediate before a new cycle. If PRIMARY passes but CONFIRMATION fails, mark DISCORDANT_NOT_YET and remediate before a new cycle. Technical-invalid forms are REASSESS_TECHNICAL and do not count as valid attempts. All valid forms remain in the audit record; the system may never cherry-pick the best historical pass.","EQUIV-2.1: exact 100 COUNT-100 words; World 1 one-word display; same RS/P10, scoring version, threshold version/status, comprehension blueprint class and safety/accessibility gates; fresh unseen content; non-compensatory global + RS-specific matching; candidate must pass all tolerances embedded in the canonical v0.22 Markdown specification.","ATTEMPT-1.0: A readiness cycle is PRIMARY→CONFIRMATION. A valid failure ends that cycle. A new cycle may begin only after an intervening targeted learning block for that RS. After two consecutive failed/discordant valid cycles, set DIAGNOSTIC_HOLD and require at least two targeted non-readiness practice passages plus a documented diagnostic review before another readiness cycle. There is no unlimited back-to-back retry loop. Genuine later learning may reopen assessment after the required learning block.",PRIMARY_PENDING; PRIMARY_PASS; CONFIRMATION_PENDING; CONFIRMED_READY; NOT_YET; DISCORDANT_NOT_YET; REASSESS_TECHNICAL; INSUFFICIENT_EVIDENCE; INVALID_FORM; DIAGNOSTIC_HOLD; REVALIDATION_DUE; REVALIDATION_PENDING; CURRENT_REVALIDATED; NOT_YET_AFTER_REVALIDATION; VERSION_INVALIDATED. Only CONFIRMED_READY initially closes readiness.,EQUIV-2.1,SpeedReader_W1_BandA_Form_Equivalence_v0.22.csv,EQUIV-2.1,PROVISIONAL_STRUCTURAL,PROVISIONAL_STRUCTURAL → EMPIRICAL_REVIEW → PRODUCTION_APPROVED; SUSPENDED_RECALIBRATE on material change.,COMP-P10-1.0,"First-attempt independent mastery = at least 3/4 correct AND the designated primary-skill item correct, before any hint, targeted reread, answer feedback, narrowing, worked example, or remediation. Comprehension readiness requires two independent first-attempt passes on fresh matched forms: COMP_PRIMARY_PASS then COMP_CONFIRMATION_PASS. No targeted comprehension coaching, hinting, answer explanation, or missed-item disclosure occurs between a passing PRIMARY and its CONFIRMATION. Both forms use the same P10 blueprint class but fresh passage evidence and fresh question wording. Only COMPREHENSION_CONFIRMED contributes to Band-A readiness.",RECENCY-1.0,Readiness evidence remains CURRENT until the first of: >56 calendar days since the latest passing same-RS confirmation/revalidation; >16 subsequent valid Band-A assessment/remediation sessions; or >28 consecutive calendar days with no SpeedReader learning session. Material scoring/threshold-version changes invalidate evidence immediately rather than merely making it stale. These numeric limits are PROVISIONAL_PILOT and require later calibration.,"When evidence is REVALIDATION_DUE only because of recency/inactivity, use one fresh unseen EQUIV-2.1 same-RS P10 revalidation form. Score oral and comprehension streams independently before any targeted feedback. A passing stream renews only that stream's freshness anchor. A valid failing stream becomes NOT_YET and requires targeted remediation followed by a new full PRIMARY→CONFIRMATION cycle for that stream. Technical invalidity does not count as failure and does not reset freshness until valid evidence is obtained.",EVIDENCE-MIN-1.2,At least 20 assessable tagged function-word opportunities; passage/form validator must reject forms below target opportunity minimum.,COMP-COVERAGE-1.0,Q1 D2: Sequence | Q2 D3: Cause/effect | Q3 D5: Feelings/motivation | Q4 D9: Judgment/application,,,,MIRROR_ONLY,SpeedReader_W1_BandA_Spec_v0.25.md,SpeedReader_W1_BandA_Spec_v0.25.md is sole normative source; v0.25 CSVs are mirrors only.,FORM-SUPPLY-1.0,PRE_GENERATED_QA_APPROVED_BANK,PROHIBITED,,,,STATE-SEP-1.0,Progress descriptors report P1/current trajectory only and cannot close readiness. BASELINE_MASTERY is allowed here.,"Use readiness_state only: PRIMARY_PENDING → PRIMARY_PASS/CONFIRMATION_PENDING → CONFIRMED_READY, or cause-specific NOT_YET / DISCORDANT_NOT_YET / REASSESS_TECHNICAL / INSUFFICIENT_EVIDENCE / INVALID_FORM / DIAGNOSTIC_HOLD. Only CONFIRMED_READY initially closes readiness; BASELINE_MASTERY is progress reporting only.",NONE,"Even if P1 meets the eventual P10 target, final readiness requires fresh P10 PRIMARY + matched CONFIRMATION."
v0.25,RS04,Word-ending fidelity,P1,Preserve meaningful word endings while reading aloud.,"Plural, tense and progressive endings such as -s, -es, -ed and -ing are not dropped or changed when clearly present.",ending_accuracy = correct tagged inflected-word forms / assessable tagged inflected-word forms; classify dropped or changed endings separately.,Baseline using naturally occurring endings.,At P10: ending_accuracy ≥95% across at least 8 tagged inflected words in the passage.,PROVISIONAL_PILOT,Use same-RS valid P10 evidence under the canonical readiness specification.,"Use readiness_state only: PRIMARY_PENDING → PRIMARY_PASS/CONFIRMATION_PENDING → CONFIRMED_READY, or cause-specific NOT_YET / DISCORDANT_NOT_YET / REASSESS_TECHNICAL / INSUFFICIENT_EVIDENCE / INVALID_FORM / DIAGNOSTIC_HOLD. Only CONFIRMED_READY initially closes readiness; BASELINE_MASTERY is progress reporting only.","CONFIRM-1.0: A single valid P10 pass never closes an RS. Each RS readiness cycle uses two fresh unseen equivalent P10 forms: PRIMARY then CONFIRMATION. No coaching, hints, scored-result disclosure, or targeted practice may occur between a passing PRIMARY and its CONFIRMATION. Both valid forms must satisfy the same RS P10 readiness rule. If PRIMARY fails, stop the cycle and remediate before a new cycle. If PRIMARY passes but CONFIRMATION fails, mark DISCORDANT_NOT_YET and remediate before a new cycle. Technical-invalid forms are REASSESS_TECHNICAL and do not count as valid attempts. All valid forms remain in the audit record; the system may never cherry-pick the best historical pass.","EQUIV-2.1: exact 100 COUNT-100 words; World 1 one-word display; same RS/P10, scoring version, threshold version/status, comprehension blueprint class and safety/accessibility gates; fresh unseen content; non-compensatory global + RS-specific matching; candidate must pass all tolerances embedded in the canonical v0.22 Markdown specification.","ATTEMPT-1.0: A readiness cycle is PRIMARY→CONFIRMATION. A valid failure ends that cycle. A new cycle may begin only after an intervening targeted learning block for that RS. After two consecutive failed/discordant valid cycles, set DIAGNOSTIC_HOLD and require at least two targeted non-readiness practice passages plus a documented diagnostic review before another readiness cycle. There is no unlimited back-to-back retry loop. Genuine later learning may reopen assessment after the required learning block.",PRIMARY_PENDING; PRIMARY_PASS; CONFIRMATION_PENDING; CONFIRMED_READY; NOT_YET; DISCORDANT_NOT_YET; REASSESS_TECHNICAL; INSUFFICIENT_EVIDENCE; INVALID_FORM; DIAGNOSTIC_HOLD; REVALIDATION_DUE; REVALIDATION_PENDING; CURRENT_REVALIDATED; NOT_YET_AFTER_REVALIDATION; VERSION_INVALIDATED. Only CONFIRMED_READY initially closes readiness.,EQUIV-2.1,SpeedReader_W1_BandA_Form_Equivalence_v0.22.csv,EQUIV-2.1,PROVISIONAL_STRUCTURAL,PROVISIONAL_STRUCTURAL → EMPIRICAL_REVIEW → PRODUCTION_APPROVED; SUSPENDED_RECALIBRATE on material change.,COMP-P10-1.0,,RECENCY-1.0,,,EVIDENCE-MIN-1.2,,COMP-COVERAGE-1.0,,,,,MIRROR_ONLY,SpeedReader_W1_BandA_Spec_v0.25.md,SpeedReader_W1_BandA_Spec_v0.25.md is sole normative source; v0.25 CSVs are mirrors only.,FORM-SUPPLY-1.0,PRE_GENERATED_QA_APPROVED_BANK,PROHIBITED,,,,STATE-SEP-1.0,Progress descriptors report P1/current trajectory only and cannot close readiness. BASELINE_MASTERY is allowed here.,"Use readiness_state only: PRIMARY_PENDING → PRIMARY_PASS/CONFIRMATION_PENDING → CONFIRMED_READY, or cause-specific NOT_YET / DISCORDANT_NOT_YET / REASSESS_TECHNICAL / INSUFFICIENT_EVIDENCE / INVALID_FORM / DIAGNOSTIC_HOLD. Only CONFIRMED_READY initially closes readiness; BASELINE_MASTERY is progress reporting only.",NONE,"Even if P1 meets the eventual P10 target, final readiness requires fresh P10 PRIMARY + matched CONFIRMATION."
v0.25,RS04,Word-ending fidelity,P2,Preserve meaningful word endings while reading aloud.,"Plural, tense and progressive endings such as -s, -es, -ed and -ing are not dropped or changed when clearly present.",ending_accuracy = correct tagged inflected-word forms / assessable tagged inflected-word forms; classify dropped or changed endings separately.,At least 5 tagged ending targets; ≥80% correct.,At P10: ending_accuracy ≥95% across at least 8 tagged inflected words in the passage.,PROVISIONAL_PILOT,Use same-RS valid P10 evidence under the canonical readiness specification.,"Use readiness_state only: PRIMARY_PENDING → PRIMARY_PASS/CONFIRMATION_PENDING → CONFIRMED_READY, or cause-specific NOT_YET / DISCORDANT_NOT_YET / REASSESS_TECHNICAL / INSUFFICIENT_EVIDENCE / INVALID_FORM / DIAGNOSTIC_HOLD. Only CONFIRMED_READY initially closes readiness; BASELINE_MASTERY is progress reporting only.","CONFIRM-1.0: A single valid P10 pass never closes an RS. Each RS readiness cycle uses two fresh unseen equivalent P10 forms: PRIMARY then CONFIRMATION. No coaching, hints, scored-result disclosure, or targeted practice may occur between a passing PRIMARY and its CONFIRMATION. Both valid forms must satisfy the same RS P10 readiness rule. If PRIMARY fails, stop the cycle and remediate before a new cycle. If PRIMARY passes but CONFIRMATION fails, mark DISCORDANT_NOT_YET and remediate before a new cycle. Technical-invalid forms are REASSESS_TECHNICAL and do not count as valid attempts. All valid forms remain in the audit record; the system may never cherry-pick the best historical pass.","EQUIV-2.1: exact 100 COUNT-100 words; World 1 one-word display; same RS/P10, scoring version, threshold version/status, comprehension blueprint class and safety/accessibility gates; fresh unseen content; non-compensatory global + RS-specific matching; candidate must pass all tolerances embedded in the canonical v0.22 Markdown specification.","ATTEMPT-1.0: A readiness cycle is PRIMARY→CONFIRMATION. A valid failure ends that cycle. A new cycle may begin only after an intervening targeted learning block for that RS. After two consecutive failed/discordant valid cycles, set DIAGNOSTIC_HOLD and require at least two targeted non-readiness practice passages plus a documented diagnostic review before another readiness cycle. There is no unlimited back-to-back retry loop. Genuine later learning may reopen assessment after the required learning block.",PRIMARY_PENDING; PRIMARY_PASS; CONFIRMATION_PENDING; CONFIRMED_READY; NOT_YET; DISCORDANT_NOT_YET; REASSESS_TECHNICAL; INSUFFICIENT_EVIDENCE; INVALID_FORM; DIAGNOSTIC_HOLD; REVALIDATION_DUE; REVALIDATION_PENDING; CURRENT_REVALIDATED; NOT_YET_AFTER_REVALIDATION; VERSION_INVALIDATED. Only CONFIRMED_READY initially closes readiness.,EQUIV-2.1,SpeedReader_W1_BandA_Form_Equivalence_v0.22.csv,EQUIV-2.1,PROVISIONAL_STRUCTURAL,PROVISIONAL_STRUCTURAL → EMPIRICAL_REVIEW → PRODUCTION_APPROVED; SUSPENDED_RECALIBRATE on material change.,COMP-P10-1.0,,RECENCY-1.0,,,EVIDENCE-MIN-1.2,,COMP-COVERAGE-1.0,,,,,MIRROR_ONLY,SpeedReader_W1_BandA_Spec_v0.25.md,SpeedReader_W1_BandA_Spec_v0.25.md is sole normative source; v0.25 CSVs are mirrors only.,FORM-SUPPLY-1.0,PRE_GENERATED_QA_APPROVED_BANK,PROHIBITED,,,,STATE-SEP-1.0,Progress descriptors report P1/current trajectory only and cannot close readiness. BASELINE_MASTERY is allowed here.,"Use readiness_state only: PRIMARY_PENDING → PRIMARY_PASS/CONFIRMATION_PENDING → CONFIRMED_READY, or cause-specific NOT_YET / DISCORDANT_NOT_YET / REASSESS_TECHNICAL / INSUFFICIENT_EVIDENCE / INVALID_FORM / DIAGNOSTIC_HOLD. Only CONFIRMED_READY initially closes readiness; BASELINE_MASTERY is progress reporting only.",NONE,"Even if P1 meets the eventual P10 target, final readiness requires fresh P10 PRIMARY + matched CONFIRMATION."
v0.25,RS04,Word-ending fidelity,P3,Preserve meaningful word endings while reading aloud.,"Plural, tense and progressive endings such as -s, -es, -ed and -ing are not dropped or changed when clearly present.",ending_accuracy = correct tagged inflected-word forms / assessable tagged inflected-word forms; classify dropped or changed endings separately.,At least 6 targets; ≥83%.,At P10: ending_accuracy ≥95% across at least 8 tagged inflected words in the passage.,PROVISIONAL_PILOT,Use same-RS valid P10 evidence under the canonical readiness specification.,"Use readiness_state only: PRIMARY_PENDING → PRIMARY_PASS/CONFIRMATION_PENDING → CONFIRMED_READY, or cause-specific NOT_YET / DISCORDANT_NOT_YET / REASSESS_TECHNICAL / INSUFFICIENT_EVIDENCE / INVALID_FORM / DIAGNOSTIC_HOLD. Only CONFIRMED_READY initially closes readiness; BASELINE_MASTERY is progress reporting only.","CONFIRM-1.0: A single valid P10 pass never closes an RS. Each RS readiness cycle uses two fresh unseen equivalent P10 forms: PRIMARY then CONFIRMATION. No coaching, hints, scored-result disclosure, or targeted practice may occur between a passing PRIMARY and its CONFIRMATION. Both valid forms must satisfy the same RS P10 readiness rule. If PRIMARY fails, stop the cycle and remediate before a new cycle. If PRIMARY passes but CONFIRMATION fails, mark DISCORDANT_NOT_YET and remediate before a new cycle. Technical-invalid forms are REASSESS_TECHNICAL and do not count as valid attempts. All valid forms remain in the audit record; the system may never cherry-pick the best historical pass.","EQUIV-2.1: exact 100 COUNT-100 words; World 1 one-word display; same RS/P10, scoring version, threshold version/status, comprehension blueprint class and safety/accessibility gates; fresh unseen content; non-compensatory global + RS-specific matching; candidate must pass all tolerances embedded in the canonical v0.22 Markdown specification.","ATTEMPT-1.0: A readiness cycle is PRIMARY→CONFIRMATION. A valid failure ends that cycle. A new cycle may begin only after an intervening targeted learning block for that RS. After two consecutive failed/discordant valid cycles, set DIAGNOSTIC_HOLD and require at least two targeted non-readiness practice passages plus a documented diagnostic review before another readiness cycle. There is no unlimited back-to-back retry loop. Genuine later learning may reopen assessment after the required learning block.",PRIMARY_PENDING; PRIMARY_PASS; CONFIRMATION_PENDING; CONFIRMED_READY; NOT_YET; DISCORDANT_NOT_YET; REASSESS_TECHNICAL; INSUFFICIENT_EVIDENCE; INVALID_FORM; DIAGNOSTIC_HOLD; REVALIDATION_DUE; REVALIDATION_PENDING; CURRENT_REVALIDATED; NOT_YET_AFTER_REVALIDATION; VERSION_INVALIDATED. Only CONFIRMED_READY initially closes readiness.,EQUIV-2.1,SpeedReader_W1_BandA_Form_Equivalence_v0.22.csv,EQUIV-2.1,PROVISIONAL_STRUCTURAL,PROVISIONAL_STRUCTURAL → EMPIRICAL_REVIEW → PRODUCTION_APPROVED; SUSPENDED_RECALIBRATE on material change.,COMP-P10-1.0,,RECENCY-1.0,,,EVIDENCE-MIN-1.2,,COMP-COVERAGE-1.0,,,,,MIRROR_ONLY,SpeedReader_W1_BandA_Spec_v0.25.md,SpeedReader_W1_BandA_Spec_v0.25.md is sole normative source; v0.25 CSVs are mirrors only.,FORM-SUPPLY-1.0,PRE_GENERATED_QA_APPROVED_BANK,PROHIBITED,,,,STATE-SEP-1.0,Progress descriptors report P1/current trajectory only and cannot close readiness. BASELINE_MASTERY is allowed here.,"Use readiness_state only: PRIMARY_PENDING → PRIMARY_PASS/CONFIRMATION_PENDING → CONFIRMED_READY, or cause-specific NOT_YET / DISCORDANT_NOT_YET / REASSESS_TECHNICAL / INSUFFICIENT_EVIDENCE / INVALID_FORM / DIAGNOSTIC_HOLD. Only CONFIRMED_READY initially closes readiness; BASELINE_MASTERY is progress reporting only.",NONE,"Even if P1 meets the eventual P10 target, final readiness requires fresh P10 PRIMARY + matched CONFIRMATION."
v0.25,RS04,Word-ending fidelity,P4,Preserve meaningful word endings while reading aloud.,"Plural, tense and progressive endings such as -s, -es, -ed and -ing are not dropped or changed when clearly present.",ending_accuracy = correct tagged inflected-word forms / assessable tagged inflected-word forms; classify dropped or changed endings separately.,≥85%.,At P10: ending_accuracy ≥95% across at least 8 tagged inflected words in the passage.,PROVISIONAL_PILOT,Use same-RS valid P10 evidence under the canonical readiness specification.,"Use readiness_state only: PRIMARY_PENDING → PRIMARY_PASS/CONFIRMATION_PENDING → CONFIRMED_READY, or cause-specific NOT_YET / DISCORDANT_NOT_YET / REASSESS_TECHNICAL / INSUFFICIENT_EVIDENCE / INVALID_FORM / DIAGNOSTIC_HOLD. Only CONFIRMED_READY initially closes readiness; BASELINE_MASTERY is progress reporting only.","CONFIRM-1.0: A single valid P10 pass never closes an RS. Each RS readiness cycle uses two fresh unseen equivalent P10 forms: PRIMARY then CONFIRMATION. No coaching, hints, scored-result disclosure, or targeted practice may occur between a passing PRIMARY and its CONFIRMATION. Both valid forms must satisfy the same RS P10 readiness rule. If PRIMARY fails, stop the cycle and remediate before a new cycle. If PRIMARY passes but CONFIRMATION fails, mark DISCORDANT_NOT_YET and remediate before a new cycle. Technical-invalid forms are REASSESS_TECHNICAL and do not count as valid attempts. All valid forms remain in the audit record; the system may never cherry-pick the best historical pass.","EQUIV-2.1: exact 100 COUNT-100 words; World 1 one-word display; same RS/P10, scoring version, threshold version/status, comprehension blueprint class and safety/accessibility gates; fresh unseen content; non-compensatory global + RS-specific matching; candidate must pass all tolerances embedded in the canonical v0.22 Markdown specification.","ATTEMPT-1.0: A readiness cycle is PRIMARY→CONFIRMATION. A valid failure ends that cycle. A new cycle may begin only after an intervening targeted learning block for that RS. After two consecutive failed/discordant valid cycles, set DIAGNOSTIC_HOLD and require at least two targeted non-readiness practice passages plus a documented diagnostic review before another readiness cycle. There is no unlimited back-to-back retry loop. Genuine later learning may reopen assessment after the required learning block.",PRIMARY_PENDING; PRIMARY_PASS; CONFIRMATION_PENDING; CONFIRMED_READY; NOT_YET; DISCORDANT_NOT_YET; REASSESS_TECHNICAL; INSUFFICIENT_EVIDENCE; INVALID_FORM; DIAGNOSTIC_HOLD; REVALIDATION_DUE; REVALIDATION_PENDING; CURRENT_REVALIDATED; NOT_YET_AFTER_REVALIDATION; VERSION_INVALIDATED. Only CONFIRMED_READY initially closes readiness.,EQUIV-2.1,SpeedReader_W1_BandA_Form_Equivalence_v0.22.csv,EQUIV-2.1,PROVISIONAL_STRUCTURAL,PROVISIONAL_STRUCTURAL → EMPIRICAL_REVIEW → PRODUCTION_APPROVED; SUSPENDED_RECALIBRATE on material change.,COMP-P10-1.0,,RECENCY-1.0,,,EVIDENCE-MIN-1.2,,COMP-COVERAGE-1.0,,,,,MIRROR_ONLY,SpeedReader_W1_BandA_Spec_v0.25.md,SpeedReader_W1_BandA_Spec_v0.25.md is sole normative source; v0.25 CSVs are mirrors only.,FORM-SUPPLY-1.0,PRE_GENERATED_QA_APPROVED_BANK,PROHIBITED,,,,STATE-SEP-1.0,Progress descriptors report P1/current trajectory only and cannot close readiness. BASELINE_MASTERY is allowed here.,"Use readiness_state only: PRIMARY_PENDING → PRIMARY_PASS/CONFIRMATION_PENDING → CONFIRMED_READY, or cause-specific NOT_YET / DISCORDANT_NOT_YET / REASSESS_TECHNICAL / INSUFFICIENT_EVIDENCE / INVALID_FORM / DIAGNOSTIC_HOLD. Only CONFIRMED_READY initially closes readiness; BASELINE_MASTERY is progress reporting only.",NONE,"Even if P1 meets the eventual P10 target, final readiness requires fresh P10 PRIMARY + matched CONFIRMATION."
v0.25,RS04,Word-ending fidelity,P5,Preserve meaningful word endings while reading aloud.,"Plural, tense and progressive endings such as -s, -es, -ed and -ing are not dropped or changed when clearly present.",ending_accuracy = correct tagged inflected-word forms / assessable tagged inflected-word forms; classify dropped or changed endings separately.,≥88%.,At P10: ending_accuracy ≥95% across at least 8 tagged inflected words in the passage.,PROVISIONAL_PILOT,Use same-RS valid P10 evidence under the canonical readiness specification.,"Use readiness_state only: PRIMARY_PENDING → PRIMARY_PASS/CONFIRMATION_PENDING → CONFIRMED_READY, or cause-specific NOT_YET / DISCORDANT_NOT_YET / REASSESS_TECHNICAL / INSUFFICIENT_EVIDENCE / INVALID_FORM / DIAGNOSTIC_HOLD. Only CONFIRMED_READY initially closes readiness; BASELINE_MASTERY is progress reporting only.","CONFIRM-1.0: A single valid P10 pass never closes an RS. Each RS readiness cycle uses two fresh unseen equivalent P10 forms: PRIMARY then CONFIRMATION. No coaching, hints, scored-result disclosure, or targeted practice may occur between a passing PRIMARY and its CONFIRMATION. Both valid forms must satisfy the same RS P10 readiness rule. If PRIMARY fails, stop the cycle and remediate before a new cycle. If PRIMARY passes but CONFIRMATION fails, mark DISCORDANT_NOT_YET and remediate before a new cycle. Technical-invalid forms are REASSESS_TECHNICAL and do not count as valid attempts. All valid forms remain in the audit record; the system may never cherry-pick the best historical pass.","EQUIV-2.1: exact 100 COUNT-100 words; World 1 one-word display; same RS/P10, scoring version, threshold version/status, comprehension blueprint class and safety/accessibility gates; fresh unseen content; non-compensatory global + RS-specific matching; candidate must pass all tolerances embedded in the canonical v0.22 Markdown specification.","ATTEMPT-1.0: A readiness cycle is PRIMARY→CONFIRMATION. A valid failure ends that cycle. A new cycle may begin only after an intervening targeted learning block for that RS. After two consecutive failed/discordant valid cycles, set DIAGNOSTIC_HOLD and require at least two targeted non-readiness practice passages plus a documented diagnostic review before another readiness cycle. There is no unlimited back-to-back retry loop. Genuine later learning may reopen assessment after the required learning block.",PRIMARY_PENDING; PRIMARY_PASS; CONFIRMATION_PENDING; CONFIRMED_READY; NOT_YET; DISCORDANT_NOT_YET; REASSESS_TECHNICAL; INSUFFICIENT_EVIDENCE; INVALID_FORM; DIAGNOSTIC_HOLD; REVALIDATION_DUE; REVALIDATION_PENDING; CURRENT_REVALIDATED; NOT_YET_AFTER_REVALIDATION; VERSION_INVALIDATED. Only CONFIRMED_READY initially closes readiness.,EQUIV-2.1,SpeedReader_W1_BandA_Form_Equivalence_v0.22.csv,EQUIV-2.1,PROVISIONAL_STRUCTURAL,PROVISIONAL_STRUCTURAL → EMPIRICAL_REVIEW → PRODUCTION_APPROVED; SUSPENDED_RECALIBRATE on material change.,COMP-P10-1.0,,RECENCY-1.0,,,EVIDENCE-MIN-1.2,,COMP-COVERAGE-1.0,,,,,MIRROR_ONLY,SpeedReader_W1_BandA_Spec_v0.25.md,SpeedReader_W1_BandA_Spec_v0.25.md is sole normative source; v0.25 CSVs are mirrors only.,FORM-SUPPLY-1.0,PRE_GENERATED_QA_APPROVED_BANK,PROHIBITED,,,,STATE-SEP-1.0,Progress descriptors report P1/current trajectory only and cannot close readiness. BASELINE_MASTERY is allowed here.,"Use readiness_state only: PRIMARY_PENDING → PRIMARY_PASS/CONFIRMATION_PENDING → CONFIRMED_READY, or cause-specific NOT_YET / DISCORDANT_NOT_YET / REASSESS_TECHNICAL / INSUFFICIENT_EVIDENCE / INVALID_FORM / DIAGNOSTIC_HOLD. Only CONFIRMED_READY initially closes readiness; BASELINE_MASTERY is progress reporting only.",NONE,"Even if P1 meets the eventual P10 target, final readiness requires fresh P10 PRIMARY + matched CONFIRMATION."
v0.25,RS04,Word-ending fidelity,P6,Preserve meaningful word endings while reading aloud.,"Plural, tense and progressive endings such as -s, -es, -ed and -ing are not dropped or changed when clearly present.",ending_accuracy = correct tagged inflected-word forms / assessable tagged inflected-word forms; classify dropped or changed endings separately.,≥90%.,At P10: ending_accuracy ≥95% across at least 8 tagged inflected words in the passage.,PROVISIONAL_PILOT,Use same-RS valid P10 evidence under the canonical readiness specification.,"Use readiness_state only: PRIMARY_PENDING → PRIMARY_PASS/CONFIRMATION_PENDING → CONFIRMED_READY, or cause-specific NOT_YET / DISCORDANT_NOT_YET / REASSESS_TECHNICAL / INSUFFICIENT_EVIDENCE / INVALID_FORM / DIAGNOSTIC_HOLD. Only CONFIRMED_READY initially closes readiness; BASELINE_MASTERY is progress reporting only.","CONFIRM-1.0: A single valid P10 pass never closes an RS. Each RS readiness cycle uses two fresh unseen equivalent P10 forms: PRIMARY then CONFIRMATION. No coaching, hints, scored-result disclosure, or targeted practice may occur between a passing PRIMARY and its CONFIRMATION. Both valid forms must satisfy the same RS P10 readiness rule. If PRIMARY fails, stop the cycle and remediate before a new cycle. If PRIMARY passes but CONFIRMATION fails, mark DISCORDANT_NOT_YET and remediate before a new cycle. Technical-invalid forms are REASSESS_TECHNICAL and do not count as valid attempts. All valid forms remain in the audit record; the system may never cherry-pick the best historical pass.","EQUIV-2.1: exact 100 COUNT-100 words; World 1 one-word display; same RS/P10, scoring version, threshold version/status, comprehension blueprint class and safety/accessibility gates; fresh unseen content; non-compensatory global + RS-specific matching; candidate must pass all tolerances embedded in the canonical v0.22 Markdown specification.","ATTEMPT-1.0: A readiness cycle is PRIMARY→CONFIRMATION. A valid failure ends that cycle. A new cycle may begin only after an intervening targeted learning block for that RS. After two consecutive failed/discordant valid cycles, set DIAGNOSTIC_HOLD and require at least two targeted non-readiness practice passages plus a documented diagnostic review before another readiness cycle. There is no unlimited back-to-back retry loop. Genuine later learning may reopen assessment after the required learning block.",PRIMARY_PENDING; PRIMARY_PASS; CONFIRMATION_PENDING; CONFIRMED_READY; NOT_YET; DISCORDANT_NOT_YET; REASSESS_TECHNICAL; INSUFFICIENT_EVIDENCE; INVALID_FORM; DIAGNOSTIC_HOLD; REVALIDATION_DUE; REVALIDATION_PENDING; CURRENT_REVALIDATED; NOT_YET_AFTER_REVALIDATION; VERSION_INVALIDATED. Only CONFIRMED_READY initially closes readiness.,EQUIV-2.1,SpeedReader_W1_BandA_Form_Equivalence_v0.22.csv,EQUIV-2.1,PROVISIONAL_STRUCTURAL,PROVISIONAL_STRUCTURAL → EMPIRICAL_REVIEW → PRODUCTION_APPROVED; SUSPENDED_RECALIBRATE on material change.,COMP-P10-1.0,,RECENCY-1.0,,,EVIDENCE-MIN-1.2,,COMP-COVERAGE-1.0,,,,,MIRROR_ONLY,SpeedReader_W1_BandA_Spec_v0.25.md,SpeedReader_W1_BandA_Spec_v0.25.md is sole normative source; v0.25 CSVs are mirrors only.,FORM-SUPPLY-1.0,PRE_GENERATED_QA_APPROVED_BANK,PROHIBITED,,,,STATE-SEP-1.0,Progress descriptors report P1/current trajectory only and cannot close readiness. BASELINE_MASTERY is allowed here.,"Use readiness_state only: PRIMARY_PENDING → PRIMARY_PASS/CONFIRMATION_PENDING → CONFIRMED_READY, or cause-specific NOT_YET / DISCORDANT_NOT_YET / REASSESS_TECHNICAL / INSUFFICIENT_EVIDENCE / INVALID_FORM / DIAGNOSTIC_HOLD. Only CONFIRMED_READY initially closes readiness; BASELINE_MASTERY is progress reporting only.",NONE,"Even if P1 meets the eventual P10 target, final readiness requires fresh P10 PRIMARY + matched CONFIRMATION."
v0.25,RS04,Word-ending fidelity,P7,Preserve meaningful word endings while reading aloud.,"Plural, tense and progressive endings such as -s, -es, -ed and -ing are not dropped or changed when clearly present.",ending_accuracy = correct tagged inflected-word forms / assessable tagged inflected-word forms; classify dropped or changed endings separately.,≥91% across mixed -s/-ed/-ing forms.,At P10: ending_accuracy ≥95% across at least 8 tagged inflected words in the passage.,PROVISIONAL_PILOT,Use same-RS valid P10 evidence under the canonical readiness specification.,"Use readiness_state only: PRIMARY_PENDING → PRIMARY_PASS/CONFIRMATION_PENDING → CONFIRMED_READY, or cause-specific NOT_YET / DISCORDANT_NOT_YET / REASSESS_TECHNICAL / INSUFFICIENT_EVIDENCE / INVALID_FORM / DIAGNOSTIC_HOLD. Only CONFIRMED_READY initially closes readiness; BASELINE_MASTERY is progress reporting only.","CONFIRM-1.0: A single valid P10 pass never closes an RS. Each RS readiness cycle uses two fresh unseen equivalent P10 forms: PRIMARY then CONFIRMATION. No coaching, hints, scored-result disclosure, or targeted practice may occur between a passing PRIMARY and its CONFIRMATION. Both valid forms must satisfy the same RS P10 readiness rule. If PRIMARY fails, stop the cycle and remediate before a new cycle. If PRIMARY passes but CONFIRMATION fails, mark DISCORDANT_NOT_YET and remediate before a new cycle. Technical-invalid forms are REASSESS_TECHNICAL and do not count as valid attempts. All valid forms remain in the audit record; the system may never cherry-pick the best historical pass.","EQUIV-2.1: exact 100 COUNT-100 words; World 1 one-word display; same RS/P10, scoring version, threshold version/status, comprehension blueprint class and safety/accessibility gates; fresh unseen content; non-compensatory global + RS-specific matching; candidate must pass all tolerances embedded in the canonical v0.22 Markdown specification.","ATTEMPT-1.0: A readiness cycle is PRIMARY→CONFIRMATION. A valid failure ends that cycle. A new cycle may begin only after an intervening targeted learning block for that RS. After two consecutive failed/discordant valid cycles, set DIAGNOSTIC_HOLD and require at least two targeted non-readiness practice passages plus a documented diagnostic review before another readiness cycle. There is no unlimited back-to-back retry loop. Genuine later learning may reopen assessment after the required learning block.",PRIMARY_PENDING; PRIMARY_PASS; CONFIRMATION_PENDING; CONFIRMED_READY; NOT_YET; DISCORDANT_NOT_YET; REASSESS_TECHNICAL; INSUFFICIENT_EVIDENCE; INVALID_FORM; DIAGNOSTIC_HOLD; REVALIDATION_DUE; REVALIDATION_PENDING; CURRENT_REVALIDATED; NOT_YET_AFTER_REVALIDATION; VERSION_INVALIDATED. Only CONFIRMED_READY initially closes readiness.,EQUIV-2.1,SpeedReader_W1_BandA_Form_Equivalence_v0.22.csv,EQUIV-2.1,PROVISIONAL_STRUCTURAL,PROVISIONAL_STRUCTURAL → EMPIRICAL_REVIEW → PRODUCTION_APPROVED; SUSPENDED_RECALIBRATE on material change.,COMP-P10-1.0,,RECENCY-1.0,,,EVIDENCE-MIN-1.2,,COMP-COVERAGE-1.0,,,,,MIRROR_ONLY,SpeedReader_W1_BandA_Spec_v0.25.md,SpeedReader_W1_BandA_Spec_v0.25.md is sole normative source; v0.25 CSVs are mirrors only.,FORM-SUPPLY-1.0,PRE_GENERATED_QA_APPROVED_BANK,PROHIBITED,,,,STATE-SEP-1.0,Progress descriptors report P1/current trajectory only and cannot close readiness. BASELINE_MASTERY is allowed here.,"Use readiness_state only: PRIMARY_PENDING → PRIMARY_PASS/CONFIRMATION_PENDING → CONFIRMED_READY, or cause-specific NOT_YET / DISCORDANT_NOT_YET / REASSESS_TECHNICAL / INSUFFICIENT_EVIDENCE / INVALID_FORM / DIAGNOSTIC_HOLD. Only CONFIRMED_READY initially closes readiness; BASELINE_MASTERY is progress reporting only.",NONE,"Even if P1 meets the eventual P10 target, final readiness requires fresh P10 PRIMARY + matched CONFIRMATION."
v0.25,RS04,Word-ending fidelity,P8,Preserve meaningful word endings while reading aloud.,"Plural, tense and progressive endings such as -s, -es, -ed and -ing are not dropped or changed when clearly present.",ending_accuracy = correct tagged inflected-word forms / assessable tagged inflected-word forms; classify dropped or changed endings separately.,≥92%.,At P10: ending_accuracy ≥95% across at least 8 tagged inflected words in the passage.,PROVISIONAL_PILOT,Use same-RS valid P10 evidence under the canonical readiness specification.,"Use readiness_state only: PRIMARY_PENDING → PRIMARY_PASS/CONFIRMATION_PENDING → CONFIRMED_READY, or cause-specific NOT_YET / DISCORDANT_NOT_YET / REASSESS_TECHNICAL / INSUFFICIENT_EVIDENCE / INVALID_FORM / DIAGNOSTIC_HOLD. Only CONFIRMED_READY initially closes readiness; BASELINE_MASTERY is progress reporting only.","CONFIRM-1.0: A single valid P10 pass never closes an RS. Each RS readiness cycle uses two fresh unseen equivalent P10 forms: PRIMARY then CONFIRMATION. No coaching, hints, scored-result disclosure, or targeted practice may occur between a passing PRIMARY and its CONFIRMATION. Both valid forms must satisfy the same RS P10 readiness rule. If PRIMARY fails, stop the cycle and remediate before a new cycle. If PRIMARY passes but CONFIRMATION fails, mark DISCORDANT_NOT_YET and remediate before a new cycle. Technical-invalid forms are REASSESS_TECHNICAL and do not count as valid attempts. All valid forms remain in the audit record; the system may never cherry-pick the best historical pass.","EQUIV-2.1: exact 100 COUNT-100 words; World 1 one-word display; same RS/P10, scoring version, threshold version/status, comprehension blueprint class and safety/accessibility gates; fresh unseen content; non-compensatory global + RS-specific matching; candidate must pass all tolerances embedded in the canonical v0.22 Markdown specification.","ATTEMPT-1.0: A readiness cycle is PRIMARY→CONFIRMATION. A valid failure ends that cycle. A new cycle may begin only after an intervening targeted learning block for that RS. After two consecutive failed/discordant valid cycles, set DIAGNOSTIC_HOLD and require at least two targeted non-readiness practice passages plus a documented diagnostic review before another readiness cycle. There is no unlimited back-to-back retry loop. Genuine later learning may reopen assessment after the required learning block.",PRIMARY_PENDING; PRIMARY_PASS; CONFIRMATION_PENDING; CONFIRMED_READY; NOT_YET; DISCORDANT_NOT_YET; REASSESS_TECHNICAL; INSUFFICIENT_EVIDENCE; INVALID_FORM; DIAGNOSTIC_HOLD; REVALIDATION_DUE; REVALIDATION_PENDING; CURRENT_REVALIDATED; NOT_YET_AFTER_REVALIDATION; VERSION_INVALIDATED. Only CONFIRMED_READY initially closes readiness.,EQUIV-2.1,SpeedReader_W1_BandA_Form_Equivalence_v0.22.csv,EQUIV-2.1,PROVISIONAL_STRUCTURAL,PROVISIONAL_STRUCTURAL → EMPIRICAL_REVIEW → PRODUCTION_APPROVED; SUSPENDED_RECALIBRATE on material change.,COMP-P10-1.0,,RECENCY-1.0,,,EVIDENCE-MIN-1.2,,COMP-COVERAGE-1.0,,,,,MIRROR_ONLY,SpeedReader_W1_BandA_Spec_v0.25.md,SpeedReader_W1_BandA_Spec_v0.25.md is sole normative source; v0.25 CSVs are mirrors only.,FORM-SUPPLY-1.0,PRE_GENERATED_QA_APPROVED_BANK,PROHIBITED,,,,STATE-SEP-1.0,Progress descriptors report P1/current trajectory only and cannot close readiness. BASELINE_MASTERY is allowed here.,"Use readiness_state only: PRIMARY_PENDING → PRIMARY_PASS/CONFIRMATION_PENDING → CONFIRMED_READY, or cause-specific NOT_YET / DISCORDANT_NOT_YET / REASSESS_TECHNICAL / INSUFFICIENT_EVIDENCE / INVALID_FORM / DIAGNOSTIC_HOLD. Only CONFIRMED_READY initially closes readiness; BASELINE_MASTERY is progress reporting only.",NONE,"Even if P1 meets the eventual P10 target, final readiness requires fresh P10 PRIMARY + matched CONFIRMATION."
v0.25,RS04,Word-ending fidelity,P9,Preserve meaningful word endings while reading aloud.,"Plural, tense and progressive endings such as -s, -es, -ed and -ing are not dropped or changed when clearly present.",ending_accuracy = correct tagged inflected-word forms / assessable tagged inflected-word forms; classify dropped or changed endings separately.,≥94%.,At P10: ending_accuracy ≥95% across at least 8 tagged inflected words in the passage.,PROVISIONAL_PILOT,Use same-RS valid P10 evidence under the canonical readiness specification.,"Use readiness_state only: PRIMARY_PENDING → PRIMARY_PASS/CONFIRMATION_PENDING → CONFIRMED_READY, or cause-specific NOT_YET / DISCORDANT_NOT_YET / REASSESS_TECHNICAL / INSUFFICIENT_EVIDENCE / INVALID_FORM / DIAGNOSTIC_HOLD. Only CONFIRMED_READY initially closes readiness; BASELINE_MASTERY is progress reporting only.","CONFIRM-1.0: A single valid P10 pass never closes an RS. Each RS readiness cycle uses two fresh unseen equivalent P10 forms: PRIMARY then CONFIRMATION. No coaching, hints, scored-result disclosure, or targeted practice may occur between a passing PRIMARY and its CONFIRMATION. Both valid forms must satisfy the same RS P10 readiness rule. If PRIMARY fails, stop the cycle and remediate before a new cycle. If PRIMARY passes but CONFIRMATION fails, mark DISCORDANT_NOT_YET and remediate before a new cycle. Technical-invalid forms are REASSESS_TECHNICAL and do not count as valid attempts. All valid forms remain in the audit record; the system may never cherry-pick the best historical pass.","EQUIV-2.1: exact 100 COUNT-100 words; World 1 one-word display; same RS/P10, scoring version, threshold version/status, comprehension blueprint class and safety/accessibility gates; fresh unseen content; non-compensatory global + RS-specific matching; candidate must pass all tolerances embedded in the canonical v0.22 Markdown specification.","ATTEMPT-1.0: A readiness cycle is PRIMARY→CONFIRMATION. A valid failure ends that cycle. A new cycle may begin only after an intervening targeted learning block for that RS. After two consecutive failed/discordant valid cycles, set DIAGNOSTIC_HOLD and require at least two targeted non-readiness practice passages plus a documented diagnostic review before another readiness cycle. There is no unlimited back-to-back retry loop. Genuine later learning may reopen assessment after the required learning block.",PRIMARY_PENDING; PRIMARY_PASS; CONFIRMATION_PENDING; CONFIRMED_READY; NOT_YET; DISCORDANT_NOT_YET; REASSESS_TECHNICAL; INSUFFICIENT_EVIDENCE; INVALID_FORM; DIAGNOSTIC_HOLD; REVALIDATION_DUE; REVALIDATION_PENDING; CURRENT_REVALIDATED; NOT_YET_AFTER_REVALIDATION; VERSION_INVALIDATED. Only CONFIRMED_READY initially closes readiness.,EQUIV-2.1,SpeedReader_W1_BandA_Form_Equivalence_v0.22.csv,EQUIV-2.1,PROVISIONAL_STRUCTURAL,PROVISIONAL_STRUCTURAL → EMPIRICAL_REVIEW → PRODUCTION_APPROVED; SUSPENDED_RECALIBRATE on material change.,COMP-P10-1.0,,RECENCY-1.0,,,EVIDENCE-MIN-1.2,,COMP-COVERAGE-1.0,,,,,MIRROR_ONLY,SpeedReader_W1_BandA_Spec_v0.25.md,SpeedReader_W1_BandA_Spec_v0.25.md is sole normative source; v0.25 CSVs are mirrors only.,FORM-SUPPLY-1.0,PRE_GENERATED_QA_APPROVED_BANK,PROHIBITED,,,,STATE-SEP-1.0,Progress descriptors report P1/current trajectory only and cannot close readiness. BASELINE_MASTERY is allowed here.,"Use readiness_state only: PRIMARY_PENDING → PRIMARY_PASS/CONFIRMATION_PENDING → CONFIRMED_READY, or cause-specific NOT_YET / DISCORDANT_NOT_YET / REASSESS_TECHNICAL / INSUFFICIENT_EVIDENCE / INVALID_FORM / DIAGNOSTIC_HOLD. Only CONFIRMED_READY initially closes readiness; BASELINE_MASTERY is progress reporting only.",NONE,"Even if P1 meets the eventual P10 target, final readiness requires fresh P10 PRIMARY + matched CONFIRMATION."
v0.25,RS04,Word-ending fidelity,P10,Preserve meaningful word endings while reading aloud.,"Plural, tense and progressive endings such as -s, -es, -ed and -ing are not dropped or changed when clearly present.",ending_accuracy = correct tagged inflected-word forms / assessable tagged inflected-word forms; classify dropped or changed endings separately.,At least 8 targets; ≥95%.,At P10: ending_accuracy ≥95% across at least 8 tagged inflected words in the passage.,PROVISIONAL_PILOT,Use same-RS valid P10 evidence under the canonical readiness specification.,"Use readiness_state only: PRIMARY_PENDING → PRIMARY_PASS/CONFIRMATION_PENDING → CONFIRMED_READY, or cause-specific NOT_YET / DISCORDANT_NOT_YET / REASSESS_TECHNICAL / INSUFFICIENT_EVIDENCE / INVALID_FORM / DIAGNOSTIC_HOLD. Only CONFIRMED_READY initially closes readiness; BASELINE_MASTERY is progress reporting only.","CONFIRM-1.0: A single valid P10 pass never closes an RS. Each RS readiness cycle uses two fresh unseen equivalent P10 forms: PRIMARY then CONFIRMATION. No coaching, hints, scored-result disclosure, or targeted practice may occur between a passing PRIMARY and its CONFIRMATION. Both valid forms must satisfy the same RS P10 readiness rule. If PRIMARY fails, stop the cycle and remediate before a new cycle. If PRIMARY passes but CONFIRMATION fails, mark DISCORDANT_NOT_YET and remediate before a new cycle. Technical-invalid forms are REASSESS_TECHNICAL and do not count as valid attempts. All valid forms remain in the audit record; the system may never cherry-pick the best historical pass.","EQUIV-2.1: exact 100 COUNT-100 words; World 1 one-word display; same RS/P10, scoring version, threshold version/status, comprehension blueprint class and safety/accessibility gates; fresh unseen content; non-compensatory global + RS-specific matching; candidate must pass all tolerances embedded in the canonical v0.22 Markdown specification.","ATTEMPT-1.0: A readiness cycle is PRIMARY→CONFIRMATION. A valid failure ends that cycle. A new cycle may begin only after an intervening targeted learning block for that RS. After two consecutive failed/discordant valid cycles, set DIAGNOSTIC_HOLD and require at least two targeted non-readiness practice passages plus a documented diagnostic review before another readiness cycle. There is no unlimited back-to-back retry loop. Genuine later learning may reopen assessment after the required learning block.",PRIMARY_PENDING; PRIMARY_PASS; CONFIRMATION_PENDING; CONFIRMED_READY; NOT_YET; DISCORDANT_NOT_YET; REASSESS_TECHNICAL; INSUFFICIENT_EVIDENCE; INVALID_FORM; DIAGNOSTIC_HOLD; REVALIDATION_DUE; REVALIDATION_PENDING; CURRENT_REVALIDATED; NOT_YET_AFTER_REVALIDATION; VERSION_INVALIDATED. Only CONFIRMED_READY initially closes readiness.,EQUIV-2.1,SpeedReader_W1_BandA_Form_Equivalence_v0.22.csv,EQUIV-2.1,PROVISIONAL_STRUCTURAL,PROVISIONAL_STRUCTURAL → EMPIRICAL_REVIEW → PRODUCTION_APPROVED; SUSPENDED_RECALIBRATE on material change.,COMP-P10-1.0,"First-attempt independent mastery = at least 3/4 correct AND the designated primary-skill item correct, before any hint, targeted reread, answer feedback, narrowing, worked example, or remediation. Comprehension readiness requires two independent first-attempt passes on fresh matched forms: COMP_PRIMARY_PASS then COMP_CONFIRMATION_PASS. No targeted comprehension coaching, hinting, answer explanation, or missed-item disclosure occurs between a passing PRIMARY and its CONFIRMATION. Both forms use the same P10 blueprint class but fresh passage evidence and fresh question wording. Only COMPREHENSION_CONFIRMED contributes to Band-A readiness.",RECENCY-1.0,Readiness evidence remains CURRENT until the first of: >56 calendar days since the latest passing same-RS confirmation/revalidation; >16 subsequent valid Band-A assessment/remediation sessions; or >28 consecutive calendar days with no SpeedReader learning session. Material scoring/threshold-version changes invalidate evidence immediately rather than merely making it stale. These numeric limits are PROVISIONAL_PILOT and require later calibration.,"When evidence is REVALIDATION_DUE only because of recency/inactivity, use one fresh unseen EQUIV-2.1 same-RS P10 revalidation form. Score oral and comprehension streams independently before any targeted feedback. A passing stream renews only that stream's freshness anchor. A valid failing stream becomes NOT_YET and requires targeted remediation followed by a new full PRIMARY→CONFIRMATION cycle for that stream. Technical invalidity does not count as failure and does not reset freshness until valid evidence is obtained.",EVIDENCE-MIN-1.2,At least 8 assessable tagged inflected-word opportunities; existing P10 rule retains the 8-target minimum.,COMP-COVERAGE-1.0,Q1 D8: Vocabulary-in-context | Q2 D1: Direct recall | Q3 D7: Simple inference | Q4 D4: Prediction,,,,MIRROR_ONLY,SpeedReader_W1_BandA_Spec_v0.25.md,SpeedReader_W1_BandA_Spec_v0.25.md is sole normative source; v0.25 CSVs are mirrors only.,FORM-SUPPLY-1.0,PRE_GENERATED_QA_APPROVED_BANK,PROHIBITED,,,,STATE-SEP-1.0,Progress descriptors report P1/current trajectory only and cannot close readiness. BASELINE_MASTERY is allowed here.,"Use readiness_state only: PRIMARY_PENDING → PRIMARY_PASS/CONFIRMATION_PENDING → CONFIRMED_READY, or cause-specific NOT_YET / DISCORDANT_NOT_YET / REASSESS_TECHNICAL / INSUFFICIENT_EVIDENCE / INVALID_FORM / DIAGNOSTIC_HOLD. Only CONFIRMED_READY initially closes readiness; BASELINE_MASTERY is progress reporting only.",NONE,"Even if P1 meets the eventual P10 target, final readiness requires fresh P10 PRIMARY + matched CONFIRMATION."
v0.25,RS05,Longer-word decoding,P1,Read familiar or decodable 2–4 syllable words without losing the passage.,"The learner attempts the whole word, may briefly segment it, then continues without abandoning the sentence or restarting broadly.",long_word_accuracy on writer-tagged 2–4 syllable targets; long_word_hesitation = time from target appearance to completed spoken word.,Baseline with 1 gentle 2-syllable target.,"At P10: ≥90% of tagged longer words finally correct, with median target hesitation ≤3 s and no full-sentence restart caused by a target.",PROVISIONAL_PILOT,Use same-RS valid P10 evidence under the canonical readiness specification.,"Use readiness_state only: PRIMARY_PENDING → PRIMARY_PASS/CONFIRMATION_PENDING → CONFIRMED_READY, or cause-specific NOT_YET / DISCORDANT_NOT_YET / REASSESS_TECHNICAL / INSUFFICIENT_EVIDENCE / INVALID_FORM / DIAGNOSTIC_HOLD. Only CONFIRMED_READY initially closes readiness; BASELINE_MASTERY is progress reporting only.","CONFIRM-1.0: A single valid P10 pass never closes an RS. Each RS readiness cycle uses two fresh unseen equivalent P10 forms: PRIMARY then CONFIRMATION. No coaching, hints, scored-result disclosure, or targeted practice may occur between a passing PRIMARY and its CONFIRMATION. Both valid forms must satisfy the same RS P10 readiness rule. If PRIMARY fails, stop the cycle and remediate before a new cycle. If PRIMARY passes but CONFIRMATION fails, mark DISCORDANT_NOT_YET and remediate before a new cycle. Technical-invalid forms are REASSESS_TECHNICAL and do not count as valid attempts. All valid forms remain in the audit record; the system may never cherry-pick the best historical pass.","EQUIV-2.1: exact 100 COUNT-100 words; World 1 one-word display; same RS/P10, scoring version, threshold version/status, comprehension blueprint class and safety/accessibility gates; fresh unseen content; non-compensatory global + RS-specific matching; candidate must pass all tolerances embedded in the canonical v0.22 Markdown specification.","ATTEMPT-1.0: A readiness cycle is PRIMARY→CONFIRMATION. A valid failure ends that cycle. A new cycle may begin only after an intervening targeted learning block for that RS. After two consecutive failed/discordant valid cycles, set DIAGNOSTIC_HOLD and require at least two targeted non-readiness practice passages plus a documented diagnostic review before another readiness cycle. There is no unlimited back-to-back retry loop. Genuine later learning may reopen assessment after the required learning block.",PRIMARY_PENDING; PRIMARY_PASS; CONFIRMATION_PENDING; CONFIRMED_READY; NOT_YET; DISCORDANT_NOT_YET; REASSESS_TECHNICAL; INSUFFICIENT_EVIDENCE; INVALID_FORM; DIAGNOSTIC_HOLD; REVALIDATION_DUE; REVALIDATION_PENDING; CURRENT_REVALIDATED; NOT_YET_AFTER_REVALIDATION; VERSION_INVALIDATED. Only CONFIRMED_READY initially closes readiness.,EQUIV-2.1,SpeedReader_W1_BandA_Form_Equivalence_v0.22.csv,EQUIV-2.1,PROVISIONAL_STRUCTURAL,PROVISIONAL_STRUCTURAL → EMPIRICAL_REVIEW → PRODUCTION_APPROVED; SUSPENDED_RECALIBRATE on material change.,COMP-P10-1.0,,RECENCY-1.0,,,EVIDENCE-MIN-1.2,,COMP-COVERAGE-1.0,,,,,MIRROR_ONLY,SpeedReader_W1_BandA_Spec_v0.25.md,SpeedReader_W1_BandA_Spec_v0.25.md is sole normative source; v0.25 CSVs are mirrors only.,FORM-SUPPLY-1.0,PRE_GENERATED_QA_APPROVED_BANK,PROHIBITED,,,,STATE-SEP-1.0,Progress descriptors report P1/current trajectory only and cannot close readiness. BASELINE_MASTERY is allowed here.,"Use readiness_state only: PRIMARY_PENDING → PRIMARY_PASS/CONFIRMATION_PENDING → CONFIRMED_READY, or cause-specific NOT_YET / DISCORDANT_NOT_YET / REASSESS_TECHNICAL / INSUFFICIENT_EVIDENCE / INVALID_FORM / DIAGNOSTIC_HOLD. Only CONFIRMED_READY initially closes readiness; BASELINE_MASTERY is progress reporting only.",NONE,"Even if P1 meets the eventual P10 target, final readiness requires fresh P10 PRIMARY + matched CONFIRMATION."
v0.25,RS05,Longer-word decoding,P2,Read familiar or decodable 2–4 syllable words without losing the passage.,"The learner attempts the whole word, may briefly segment it, then continues without abandoning the sentence or restarting broadly.",long_word_accuracy on writer-tagged 2–4 syllable targets; long_word_hesitation = time from target appearance to completed spoken word.,1–2 targets; ≥75% finally correct.,"At P10: ≥90% of tagged longer words finally correct, with median target hesitation ≤3 s and no full-sentence restart caused by a target.",PROVISIONAL_PILOT,Use same-RS valid P10 evidence under the canonical readiness specification.,"Use readiness_state only: PRIMARY_PENDING → PRIMARY_PASS/CONFIRMATION_PENDING → CONFIRMED_READY, or cause-specific NOT_YET / DISCORDANT_NOT_YET / REASSESS_TECHNICAL / INSUFFICIENT_EVIDENCE / INVALID_FORM / DIAGNOSTIC_HOLD. Only CONFIRMED_READY initially closes readiness; BASELINE_MASTERY is progress reporting only.","CONFIRM-1.0: A single valid P10 pass never closes an RS. Each RS readiness cycle uses two fresh unseen equivalent P10 forms: PRIMARY then CONFIRMATION. No coaching, hints, scored-result disclosure, or targeted practice may occur between a passing PRIMARY and its CONFIRMATION. Both valid forms must satisfy the same RS P10 readiness rule. If PRIMARY fails, stop the cycle and remediate before a new cycle. If PRIMARY passes but CONFIRMATION fails, mark DISCORDANT_NOT_YET and remediate before a new cycle. Technical-invalid forms are REASSESS_TECHNICAL and do not count as valid attempts. All valid forms remain in the audit record; the system may never cherry-pick the best historical pass.","EQUIV-2.1: exact 100 COUNT-100 words; World 1 one-word display; same RS/P10, scoring version, threshold version/status, comprehension blueprint class and safety/accessibility gates; fresh unseen content; non-compensatory global + RS-specific matching; candidate must pass all tolerances embedded in the canonical v0.22 Markdown specification.","ATTEMPT-1.0: A readiness cycle is PRIMARY→CONFIRMATION. A valid failure ends that cycle. A new cycle may begin only after an intervening targeted learning block for that RS. After two consecutive failed/discordant valid cycles, set DIAGNOSTIC_HOLD and require at least two targeted non-readiness practice passages plus a documented diagnostic review before another readiness cycle. There is no unlimited back-to-back retry loop. Genuine later learning may reopen assessment after the required learning block.",PRIMARY_PENDING; PRIMARY_PASS; CONFIRMATION_PENDING; CONFIRMED_READY; NOT_YET; DISCORDANT_NOT_YET; REASSESS_TECHNICAL; INSUFFICIENT_EVIDENCE; INVALID_FORM; DIAGNOSTIC_HOLD; REVALIDATION_DUE; REVALIDATION_PENDING; CURRENT_REVALIDATED; NOT_YET_AFTER_REVALIDATION; VERSION_INVALIDATED. Only CONFIRMED_READY initially closes readiness.,EQUIV-2.1,SpeedReader_W1_BandA_Form_Equivalence_v0.22.csv,EQUIV-2.1,PROVISIONAL_STRUCTURAL,PROVISIONAL_STRUCTURAL → EMPIRICAL_REVIEW → PRODUCTION_APPROVED; SUSPENDED_RECALIBRATE on material change.,COMP-P10-1.0,,RECENCY-1.0,,,EVIDENCE-MIN-1.2,,COMP-COVERAGE-1.0,,,,,MIRROR_ONLY,SpeedReader_W1_BandA_Spec_v0.25.md,SpeedReader_W1_BandA_Spec_v0.25.md is sole normative source; v0.25 CSVs are mirrors only.,FORM-SUPPLY-1.0,PRE_GENERATED_QA_APPROVED_BANK,PROHIBITED,,,,STATE-SEP-1.0,Progress descriptors report P1/current trajectory only and cannot close readiness. BASELINE_MASTERY is allowed here.,"Use readiness_state only: PRIMARY_PENDING → PRIMARY_PASS/CONFIRMATION_PENDING → CONFIRMED_READY, or cause-specific NOT_YET / DISCORDANT_NOT_YET / REASSESS_TECHNICAL / INSUFFICIENT_EVIDENCE / INVALID_FORM / DIAGNOSTIC_HOLD. Only CONFIRMED_READY initially closes readiness; BASELINE_MASTERY is progress reporting only.",NONE,"Even if P1 meets the eventual P10 target, final readiness requires fresh P10 PRIMARY + matched CONFIRMATION."
v0.25,RS05,Longer-word decoding,P3,Read familiar or decodable 2–4 syllable words without losing the passage.,"The learner attempts the whole word, may briefly segment it, then continues without abandoning the sentence or restarting broadly.",long_word_accuracy on writer-tagged 2–4 syllable targets; long_word_hesitation = time from target appearance to completed spoken word.,2 targets; ≥80%.,"At P10: ≥90% of tagged longer words finally correct, with median target hesitation ≤3 s and no full-sentence restart caused by a target.",PROVISIONAL_PILOT,Use same-RS valid P10 evidence under the canonical readiness specification.,"Use readiness_state only: PRIMARY_PENDING → PRIMARY_PASS/CONFIRMATION_PENDING → CONFIRMED_READY, or cause-specific NOT_YET / DISCORDANT_NOT_YET / REASSESS_TECHNICAL / INSUFFICIENT_EVIDENCE / INVALID_FORM / DIAGNOSTIC_HOLD. Only CONFIRMED_READY initially closes readiness; BASELINE_MASTERY is progress reporting only.","CONFIRM-1.0: A single valid P10 pass never closes an RS. Each RS readiness cycle uses two fresh unseen equivalent P10 forms: PRIMARY then CONFIRMATION. No coaching, hints, scored-result disclosure, or targeted practice may occur between a passing PRIMARY and its CONFIRMATION. Both valid forms must satisfy the same RS P10 readiness rule. If PRIMARY fails, stop the cycle and remediate before a new cycle. If PRIMARY passes but CONFIRMATION fails, mark DISCORDANT_NOT_YET and remediate before a new cycle. Technical-invalid forms are REASSESS_TECHNICAL and do not count as valid attempts. All valid forms remain in the audit record; the system may never cherry-pick the best historical pass.","EQUIV-2.1: exact 100 COUNT-100 words; World 1 one-word display; same RS/P10, scoring version, threshold version/status, comprehension blueprint class and safety/accessibility gates; fresh unseen content; non-compensatory global + RS-specific matching; candidate must pass all tolerances embedded in the canonical v0.22 Markdown specification.","ATTEMPT-1.0: A readiness cycle is PRIMARY→CONFIRMATION. A valid failure ends that cycle. A new cycle may begin only after an intervening targeted learning block for that RS. After two consecutive failed/discordant valid cycles, set DIAGNOSTIC_HOLD and require at least two targeted non-readiness practice passages plus a documented diagnostic review before another readiness cycle. There is no unlimited back-to-back retry loop. Genuine later learning may reopen assessment after the required learning block.",PRIMARY_PENDING; PRIMARY_PASS; CONFIRMATION_PENDING; CONFIRMED_READY; NOT_YET; DISCORDANT_NOT_YET; REASSESS_TECHNICAL; INSUFFICIENT_EVIDENCE; INVALID_FORM; DIAGNOSTIC_HOLD; REVALIDATION_DUE; REVALIDATION_PENDING; CURRENT_REVALIDATED; NOT_YET_AFTER_REVALIDATION; VERSION_INVALIDATED. Only CONFIRMED_READY initially closes readiness.,EQUIV-2.1,SpeedReader_W1_BandA_Form_Equivalence_v0.22.csv,EQUIV-2.1,PROVISIONAL_STRUCTURAL,PROVISIONAL_STRUCTURAL → EMPIRICAL_REVIEW → PRODUCTION_APPROVED; SUSPENDED_RECALIBRATE on material change.,COMP-P10-1.0,,RECENCY-1.0,,,EVIDENCE-MIN-1.2,,COMP-COVERAGE-1.0,,,,,MIRROR_ONLY,SpeedReader_W1_BandA_Spec_v0.25.md,SpeedReader_W1_BandA_Spec_v0.25.md is sole normative source; v0.25 CSVs are mirrors only.,FORM-SUPPLY-1.0,PRE_GENERATED_QA_APPROVED_BANK,PROHIBITED,,,,STATE-SEP-1.0,Progress descriptors report P1/current trajectory only and cannot close readiness. BASELINE_MASTERY is allowed here.,"Use readiness_state only: PRIMARY_PENDING → PRIMARY_PASS/CONFIRMATION_PENDING → CONFIRMED_READY, or cause-specific NOT_YET / DISCORDANT_NOT_YET / REASSESS_TECHNICAL / INSUFFICIENT_EVIDENCE / INVALID_FORM / DIAGNOSTIC_HOLD. Only CONFIRMED_READY initially closes readiness; BASELINE_MASTERY is progress reporting only.",NONE,"Even if P1 meets the eventual P10 target, final readiness requires fresh P10 PRIMARY + matched CONFIRMATION."
v0.25,RS05,Longer-word decoding,P4,Read familiar or decodable 2–4 syllable words without losing the passage.,"The learner attempts the whole word, may briefly segment it, then continues without abandoning the sentence or restarting broadly.",long_word_accuracy on writer-tagged 2–4 syllable targets; long_word_hesitation = time from target appearance to completed spoken word.,2 targets; ≥82%.,"At P10: ≥90% of tagged longer words finally correct, with median target hesitation ≤3 s and no full-sentence restart caused by a target.",PROVISIONAL_PILOT,Use same-RS valid P10 evidence under the canonical readiness specification.,"Use readiness_state only: PRIMARY_PENDING → PRIMARY_PASS/CONFIRMATION_PENDING → CONFIRMED_READY, or cause-specific NOT_YET / DISCORDANT_NOT_YET / REASSESS_TECHNICAL / INSUFFICIENT_EVIDENCE / INVALID_FORM / DIAGNOSTIC_HOLD. Only CONFIRMED_READY initially closes readiness; BASELINE_MASTERY is progress reporting only.","CONFIRM-1.0: A single valid P10 pass never closes an RS. Each RS readiness cycle uses two fresh unseen equivalent P10 forms: PRIMARY then CONFIRMATION. No coaching, hints, scored-result disclosure, or targeted practice may occur between a passing PRIMARY and its CONFIRMATION. Both valid forms must satisfy the same RS P10 readiness rule. If PRIMARY fails, stop the cycle and remediate before a new cycle. If PRIMARY passes but CONFIRMATION fails, mark DISCORDANT_NOT_YET and remediate before a new cycle. Technical-invalid forms are REASSESS_TECHNICAL and do not count as valid attempts. All valid forms remain in the audit record; the system may never cherry-pick the best historical pass.","EQUIV-2.1: exact 100 COUNT-100 words; World 1 one-word display; same RS/P10, scoring version, threshold version/status, comprehension blueprint class and safety/accessibility gates; fresh unseen content; non-compensatory global + RS-specific matching; candidate must pass all tolerances embedded in the canonical v0.22 Markdown specification.","ATTEMPT-1.0: A readiness cycle is PRIMARY→CONFIRMATION. A valid failure ends that cycle. A new cycle may begin only after an intervening targeted learning block for that RS. After two consecutive failed/discordant valid cycles, set DIAGNOSTIC_HOLD and require at least two targeted non-readiness practice passages plus a documented diagnostic review before another readiness cycle. There is no unlimited back-to-back retry loop. Genuine later learning may reopen assessment after the required learning block.",PRIMARY_PENDING; PRIMARY_PASS; CONFIRMATION_PENDING; CONFIRMED_READY; NOT_YET; DISCORDANT_NOT_YET; REASSESS_TECHNICAL; INSUFFICIENT_EVIDENCE; INVALID_FORM; DIAGNOSTIC_HOLD; REVALIDATION_DUE; REVALIDATION_PENDING; CURRENT_REVALIDATED; NOT_YET_AFTER_REVALIDATION; VERSION_INVALIDATED. Only CONFIRMED_READY initially closes readiness.,EQUIV-2.1,SpeedReader_W1_BandA_Form_Equivalence_v0.22.csv,EQUIV-2.1,PROVISIONAL_STRUCTURAL,PROVISIONAL_STRUCTURAL → EMPIRICAL_REVIEW → PRODUCTION_APPROVED; SUSPENDED_RECALIBRATE on material change.,COMP-P10-1.0,,RECENCY-1.0,,,EVIDENCE-MIN-1.2,,COMP-COVERAGE-1.0,,,,,MIRROR_ONLY,SpeedReader_W1_BandA_Spec_v0.25.md,SpeedReader_W1_BandA_Spec_v0.25.md is sole normative source; v0.25 CSVs are mirrors only.,FORM-SUPPLY-1.0,PRE_GENERATED_QA_APPROVED_BANK,PROHIBITED,,,,STATE-SEP-1.0,Progress descriptors report P1/current trajectory only and cannot close readiness. BASELINE_MASTERY is allowed here.,"Use readiness_state only: PRIMARY_PENDING → PRIMARY_PASS/CONFIRMATION_PENDING → CONFIRMED_READY, or cause-specific NOT_YET / DISCORDANT_NOT_YET / REASSESS_TECHNICAL / INSUFFICIENT_EVIDENCE / INVALID_FORM / DIAGNOSTIC_HOLD. Only CONFIRMED_READY initially closes readiness; BASELINE_MASTERY is progress reporting only.",NONE,"Even if P1 meets the eventual P10 target, final readiness requires fresh P10 PRIMARY + matched CONFIRMATION."
v0.25,RS05,Longer-word decoding,P5,Read familiar or decodable 2–4 syllable words without losing the passage.,"The learner attempts the whole word, may briefly segment it, then continues without abandoning the sentence or restarting broadly.",long_word_accuracy on writer-tagged 2–4 syllable targets; long_word_hesitation = time from target appearance to completed spoken word.,2–3 targets; ≥84%.,"At P10: ≥90% of tagged longer words finally correct, with median target hesitation ≤3 s and no full-sentence restart caused by a target.",PROVISIONAL_PILOT,Use same-RS valid P10 evidence under the canonical readiness specification.,"Use readiness_state only: PRIMARY_PENDING → PRIMARY_PASS/CONFIRMATION_PENDING → CONFIRMED_READY, or cause-specific NOT_YET / DISCORDANT_NOT_YET / REASSESS_TECHNICAL / INSUFFICIENT_EVIDENCE / INVALID_FORM / DIAGNOSTIC_HOLD. Only CONFIRMED_READY initially closes readiness; BASELINE_MASTERY is progress reporting only.","CONFIRM-1.0: A single valid P10 pass never closes an RS. Each RS readiness cycle uses two fresh unseen equivalent P10 forms: PRIMARY then CONFIRMATION. No coaching, hints, scored-result disclosure, or targeted practice may occur between a passing PRIMARY and its CONFIRMATION. Both valid forms must satisfy the same RS P10 readiness rule. If PRIMARY fails, stop the cycle and remediate before a new cycle. If PRIMARY passes but CONFIRMATION fails, mark DISCORDANT_NOT_YET and remediate before a new cycle. Technical-invalid forms are REASSESS_TECHNICAL and do not count as valid attempts. All valid forms remain in the audit record; the system may never cherry-pick the best historical pass.","EQUIV-2.1: exact 100 COUNT-100 words; World 1 one-word display; same RS/P10, scoring version, threshold version/status, comprehension blueprint class and safety/accessibility gates; fresh unseen content; non-compensatory global + RS-specific matching; candidate must pass all tolerances embedded in the canonical v0.22 Markdown specification.","ATTEMPT-1.0: A readiness cycle is PRIMARY→CONFIRMATION. A valid failure ends that cycle. A new cycle may begin only after an intervening targeted learning block for that RS. After two consecutive failed/discordant valid cycles, set DIAGNOSTIC_HOLD and require at least two targeted non-readiness practice passages plus a documented diagnostic review before another readiness cycle. There is no unlimited back-to-back retry loop. Genuine later learning may reopen assessment after the required learning block.",PRIMARY_PENDING; PRIMARY_PASS; CONFIRMATION_PENDING; CONFIRMED_READY; NOT_YET; DISCORDANT_NOT_YET; REASSESS_TECHNICAL; INSUFFICIENT_EVIDENCE; INVALID_FORM; DIAGNOSTIC_HOLD; REVALIDATION_DUE; REVALIDATION_PENDING; CURRENT_REVALIDATED; NOT_YET_AFTER_REVALIDATION; VERSION_INVALIDATED. Only CONFIRMED_READY initially closes readiness.,EQUIV-2.1,SpeedReader_W1_BandA_Form_Equivalence_v0.22.csv,EQUIV-2.1,PROVISIONAL_STRUCTURAL,PROVISIONAL_STRUCTURAL → EMPIRICAL_REVIEW → PRODUCTION_APPROVED; SUSPENDED_RECALIBRATE on material change.,COMP-P10-1.0,,RECENCY-1.0,,,EVIDENCE-MIN-1.2,,COMP-COVERAGE-1.0,,,,,MIRROR_ONLY,SpeedReader_W1_BandA_Spec_v0.25.md,SpeedReader_W1_BandA_Spec_v0.25.md is sole normative source; v0.25 CSVs are mirrors only.,FORM-SUPPLY-1.0,PRE_GENERATED_QA_APPROVED_BANK,PROHIBITED,,,,STATE-SEP-1.0,Progress descriptors report P1/current trajectory only and cannot close readiness. BASELINE_MASTERY is allowed here.,"Use readiness_state only: PRIMARY_PENDING → PRIMARY_PASS/CONFIRMATION_PENDING → CONFIRMED_READY, or cause-specific NOT_YET / DISCORDANT_NOT_YET / REASSESS_TECHNICAL / INSUFFICIENT_EVIDENCE / INVALID_FORM / DIAGNOSTIC_HOLD. Only CONFIRMED_READY initially closes readiness; BASELINE_MASTERY is progress reporting only.",NONE,"Even if P1 meets the eventual P10 target, final readiness requires fresh P10 PRIMARY + matched CONFIRMATION."
v0.25,RS05,Longer-word decoding,P6,Read familiar or decodable 2–4 syllable words without losing the passage.,"The learner attempts the whole word, may briefly segment it, then continues without abandoning the sentence or restarting broadly.",long_word_accuracy on writer-tagged 2–4 syllable targets; long_word_hesitation = time from target appearance to completed spoken word.,3 targets; ≥85%.,"At P10: ≥90% of tagged longer words finally correct, with median target hesitation ≤3 s and no full-sentence restart caused by a target.",PROVISIONAL_PILOT,Use same-RS valid P10 evidence under the canonical readiness specification.,"Use readiness_state only: PRIMARY_PENDING → PRIMARY_PASS/CONFIRMATION_PENDING → CONFIRMED_READY, or cause-specific NOT_YET / DISCORDANT_NOT_YET / REASSESS_TECHNICAL / INSUFFICIENT_EVIDENCE / INVALID_FORM / DIAGNOSTIC_HOLD. Only CONFIRMED_READY initially closes readiness; BASELINE_MASTERY is progress reporting only.","CONFIRM-1.0: A single valid P10 pass never closes an RS. Each RS readiness cycle uses two fresh unseen equivalent P10 forms: PRIMARY then CONFIRMATION. No coaching, hints, scored-result disclosure, or targeted practice may occur between a passing PRIMARY and its CONFIRMATION. Both valid forms must satisfy the same RS P10 readiness rule. If PRIMARY fails, stop the cycle and remediate before a new cycle. If PRIMARY passes but CONFIRMATION fails, mark DISCORDANT_NOT_YET and remediate before a new cycle. Technical-invalid forms are REASSESS_TECHNICAL and do not count as valid attempts. All valid forms remain in the audit record; the system may never cherry-pick the best historical pass.","EQUIV-2.1: exact 100 COUNT-100 words; World 1 one-word display; same RS/P10, scoring version, threshold version/status, comprehension blueprint class and safety/accessibility gates; fresh unseen content; non-compensatory global + RS-specific matching; candidate must pass all tolerances embedded in the canonical v0.22 Markdown specification.","ATTEMPT-1.0: A readiness cycle is PRIMARY→CONFIRMATION. A valid failure ends that cycle. A new cycle may begin only after an intervening targeted learning block for that RS. After two consecutive failed/discordant valid cycles, set DIAGNOSTIC_HOLD and require at least two targeted non-readiness practice passages plus a documented diagnostic review before another readiness cycle. There is no unlimited back-to-back retry loop. Genuine later learning may reopen assessment after the required learning block.",PRIMARY_PENDING; PRIMARY_PASS; CONFIRMATION_PENDING; CONFIRMED_READY; NOT_YET; DISCORDANT_NOT_YET; REASSESS_TECHNICAL; INSUFFICIENT_EVIDENCE; INVALID_FORM; DIAGNOSTIC_HOLD; REVALIDATION_DUE; REVALIDATION_PENDING; CURRENT_REVALIDATED; NOT_YET_AFTER_REVALIDATION; VERSION_INVALIDATED. Only CONFIRMED_READY initially closes readiness.,EQUIV-2.1,SpeedReader_W1_BandA_Form_Equivalence_v0.22.csv,EQUIV-2.1,PROVISIONAL_STRUCTURAL,PROVISIONAL_STRUCTURAL → EMPIRICAL_REVIEW → PRODUCTION_APPROVED; SUSPENDED_RECALIBRATE on material change.,COMP-P10-1.0,,RECENCY-1.0,,,EVIDENCE-MIN-1.2,,COMP-COVERAGE-1.0,,,,,MIRROR_ONLY,SpeedReader_W1_BandA_Spec_v0.25.md,SpeedReader_W1_BandA_Spec_v0.25.md is sole normative source; v0.25 CSVs are mirrors only.,FORM-SUPPLY-1.0,PRE_GENERATED_QA_APPROVED_BANK,PROHIBITED,,,,STATE-SEP-1.0,Progress descriptors report P1/current trajectory only and cannot close readiness. BASELINE_MASTERY is allowed here.,"Use readiness_state only: PRIMARY_PENDING → PRIMARY_PASS/CONFIRMATION_PENDING → CONFIRMED_READY, or cause-specific NOT_YET / DISCORDANT_NOT_YET / REASSESS_TECHNICAL / INSUFFICIENT_EVIDENCE / INVALID_FORM / DIAGNOSTIC_HOLD. Only CONFIRMED_READY initially closes readiness; BASELINE_MASTERY is progress reporting only.",NONE,"Even if P1 meets the eventual P10 target, final readiness requires fresh P10 PRIMARY + matched CONFIRMATION."
v0.25,RS05,Longer-word decoding,P7,Read familiar or decodable 2–4 syllable words without losing the passage.,"The learner attempts the whole word, may briefly segment it, then continues without abandoning the sentence or restarting broadly.",long_word_accuracy on writer-tagged 2–4 syllable targets; long_word_hesitation = time from target appearance to completed spoken word.,3 targets; ≥87%.,"At P10: ≥90% of tagged longer words finally correct, with median target hesitation ≤3 s and no full-sentence restart caused by a target.",PROVISIONAL_PILOT,Use same-RS valid P10 evidence under the canonical readiness specification.,"Use readiness_state only: PRIMARY_PENDING → PRIMARY_PASS/CONFIRMATION_PENDING → CONFIRMED_READY, or cause-specific NOT_YET / DISCORDANT_NOT_YET / REASSESS_TECHNICAL / INSUFFICIENT_EVIDENCE / INVALID_FORM / DIAGNOSTIC_HOLD. Only CONFIRMED_READY initially closes readiness; BASELINE_MASTERY is progress reporting only.","CONFIRM-1.0: A single valid P10 pass never closes an RS. Each RS readiness cycle uses two fresh unseen equivalent P10 forms: PRIMARY then CONFIRMATION. No coaching, hints, scored-result disclosure, or targeted practice may occur between a passing PRIMARY and its CONFIRMATION. Both valid forms must satisfy the same RS P10 readiness rule. If PRIMARY fails, stop the cycle and remediate before a new cycle. If PRIMARY passes but CONFIRMATION fails, mark DISCORDANT_NOT_YET and remediate before a new cycle. Technical-invalid forms are REASSESS_TECHNICAL and do not count as valid attempts. All valid forms remain in the audit record; the system may never cherry-pick the best historical pass.","EQUIV-2.1: exact 100 COUNT-100 words; World 1 one-word display; same RS/P10, scoring version, threshold version/status, comprehension blueprint class and safety/accessibility gates; fresh unseen content; non-compensatory global + RS-specific matching; candidate must pass all tolerances embedded in the canonical v0.22 Markdown specification.","ATTEMPT-1.0: A readiness cycle is PRIMARY→CONFIRMATION. A valid failure ends that cycle. A new cycle may begin only after an intervening targeted learning block for that RS. After two consecutive failed/discordant valid cycles, set DIAGNOSTIC_HOLD and require at least two targeted non-readiness practice passages plus a documented diagnostic review before another readiness cycle. There is no unlimited back-to-back retry loop. Genuine later learning may reopen assessment after the required learning block.",PRIMARY_PENDING; PRIMARY_PASS; CONFIRMATION_PENDING; CONFIRMED_READY; NOT_YET; DISCORDANT_NOT_YET; REASSESS_TECHNICAL; INSUFFICIENT_EVIDENCE; INVALID_FORM; DIAGNOSTIC_HOLD; REVALIDATION_DUE; REVALIDATION_PENDING; CURRENT_REVALIDATED; NOT_YET_AFTER_REVALIDATION; VERSION_INVALIDATED. Only CONFIRMED_READY initially closes readiness.,EQUIV-2.1,SpeedReader_W1_BandA_Form_Equivalence_v0.22.csv,EQUIV-2.1,PROVISIONAL_STRUCTURAL,PROVISIONAL_STRUCTURAL → EMPIRICAL_REVIEW → PRODUCTION_APPROVED; SUSPENDED_RECALIBRATE on material change.,COMP-P10-1.0,,RECENCY-1.0,,,EVIDENCE-MIN-1.2,,COMP-COVERAGE-1.0,,,,,MIRROR_ONLY,SpeedReader_W1_BandA_Spec_v0.25.md,SpeedReader_W1_BandA_Spec_v0.25.md is sole normative source; v0.25 CSVs are mirrors only.,FORM-SUPPLY-1.0,PRE_GENERATED_QA_APPROVED_BANK,PROHIBITED,,,,STATE-SEP-1.0,Progress descriptors report P1/current trajectory only and cannot close readiness. BASELINE_MASTERY is allowed here.,"Use readiness_state only: PRIMARY_PENDING → PRIMARY_PASS/CONFIRMATION_PENDING → CONFIRMED_READY, or cause-specific NOT_YET / DISCORDANT_NOT_YET / REASSESS_TECHNICAL / INSUFFICIENT_EVIDENCE / INVALID_FORM / DIAGNOSTIC_HOLD. Only CONFIRMED_READY initially closes readiness; BASELINE_MASTERY is progress reporting only.",NONE,"Even if P1 meets the eventual P10 target, final readiness requires fresh P10 PRIMARY + matched CONFIRMATION."
v0.25,RS05,Longer-word decoding,P8,Read familiar or decodable 2–4 syllable words without losing the passage.,"The learner attempts the whole word, may briefly segment it, then continues without abandoning the sentence or restarting broadly.",long_word_accuracy on writer-tagged 2–4 syllable targets; long_word_hesitation = time from target appearance to completed spoken word.,3 targets including one 3–4 syllable word; ≥88%.,"At P10: ≥90% of tagged longer words finally correct, with median target hesitation ≤3 s and no full-sentence restart caused by a target.",PROVISIONAL_PILOT,Use same-RS valid P10 evidence under the canonical readiness specification.,"Use readiness_state only: PRIMARY_PENDING → PRIMARY_PASS/CONFIRMATION_PENDING → CONFIRMED_READY, or cause-specific NOT_YET / DISCORDANT_NOT_YET / REASSESS_TECHNICAL / INSUFFICIENT_EVIDENCE / INVALID_FORM / DIAGNOSTIC_HOLD. Only CONFIRMED_READY initially closes readiness; BASELINE_MASTERY is progress reporting only.","CONFIRM-1.0: A single valid P10 pass never closes an RS. Each RS readiness cycle uses two fresh unseen equivalent P10 forms: PRIMARY then CONFIRMATION. No coaching, hints, scored-result disclosure, or targeted practice may occur between a passing PRIMARY and its CONFIRMATION. Both valid forms must satisfy the same RS P10 readiness rule. If PRIMARY fails, stop the cycle and remediate before a new cycle. If PRIMARY passes but CONFIRMATION fails, mark DISCORDANT_NOT_YET and remediate before a new cycle. Technical-invalid forms are REASSESS_TECHNICAL and do not count as valid attempts. All valid forms remain in the audit record; the system may never cherry-pick the best historical pass.","EQUIV-2.1: exact 100 COUNT-100 words; World 1 one-word display; same RS/P10, scoring version, threshold version/status, comprehension blueprint class and safety/accessibility gates; fresh unseen content; non-compensatory global + RS-specific matching; candidate must pass all tolerances embedded in the canonical v0.22 Markdown specification.","ATTEMPT-1.0: A readiness cycle is PRIMARY→CONFIRMATION. A valid failure ends that cycle. A new cycle may begin only after an intervening targeted learning block for that RS. After two consecutive failed/discordant valid cycles, set DIAGNOSTIC_HOLD and require at least two targeted non-readiness practice passages plus a documented diagnostic review before another readiness cycle. There is no unlimited back-to-back retry loop. Genuine later learning may reopen assessment after the required learning block.",PRIMARY_PENDING; PRIMARY_PASS; CONFIRMATION_PENDING; CONFIRMED_READY; NOT_YET; DISCORDANT_NOT_YET; REASSESS_TECHNICAL; INSUFFICIENT_EVIDENCE; INVALID_FORM; DIAGNOSTIC_HOLD; REVALIDATION_DUE; REVALIDATION_PENDING; CURRENT_REVALIDATED; NOT_YET_AFTER_REVALIDATION; VERSION_INVALIDATED. Only CONFIRMED_READY initially closes readiness.,EQUIV-2.1,SpeedReader_W1_BandA_Form_Equivalence_v0.22.csv,EQUIV-2.1,PROVISIONAL_STRUCTURAL,PROVISIONAL_STRUCTURAL → EMPIRICAL_REVIEW → PRODUCTION_APPROVED; SUSPENDED_RECALIBRATE on material change.,COMP-P10-1.0,,RECENCY-1.0,,,EVIDENCE-MIN-1.2,,COMP-COVERAGE-1.0,,,,,MIRROR_ONLY,SpeedReader_W1_BandA_Spec_v0.25.md,SpeedReader_W1_BandA_Spec_v0.25.md is sole normative source; v0.25 CSVs are mirrors only.,FORM-SUPPLY-1.0,PRE_GENERATED_QA_APPROVED_BANK,PROHIBITED,,,,STATE-SEP-1.0,Progress descriptors report P1/current trajectory only and cannot close readiness. BASELINE_MASTERY is allowed here.,"Use readiness_state only: PRIMARY_PENDING → PRIMARY_PASS/CONFIRMATION_PENDING → CONFIRMED_READY, or cause-specific NOT_YET / DISCORDANT_NOT_YET / REASSESS_TECHNICAL / INSUFFICIENT_EVIDENCE / INVALID_FORM / DIAGNOSTIC_HOLD. Only CONFIRMED_READY initially closes readiness; BASELINE_MASTERY is progress reporting only.",NONE,"Even if P1 meets the eventual P10 target, final readiness requires fresh P10 PRIMARY + matched CONFIRMATION."
v0.25,RS05,Longer-word decoding,P9,Read familiar or decodable 2–4 syllable words without losing the passage.,"The learner attempts the whole word, may briefly segment it, then continues without abandoning the sentence or restarting broadly.",long_word_accuracy on writer-tagged 2–4 syllable targets; long_word_hesitation = time from target appearance to completed spoken word.,"3–4 targets; ≥90%, median target hesitation ≤4 s.","At P10: ≥90% of tagged longer words finally correct, with median target hesitation ≤3 s and no full-sentence restart caused by a target.",PROVISIONAL_PILOT,Use same-RS valid P10 evidence under the canonical readiness specification.,"Use readiness_state only: PRIMARY_PENDING → PRIMARY_PASS/CONFIRMATION_PENDING → CONFIRMED_READY, or cause-specific NOT_YET / DISCORDANT_NOT_YET / REASSESS_TECHNICAL / INSUFFICIENT_EVIDENCE / INVALID_FORM / DIAGNOSTIC_HOLD. Only CONFIRMED_READY initially closes readiness; BASELINE_MASTERY is progress reporting only.","CONFIRM-1.0: A single valid P10 pass never closes an RS. Each RS readiness cycle uses two fresh unseen equivalent P10 forms: PRIMARY then CONFIRMATION. No coaching, hints, scored-result disclosure, or targeted practice may occur between a passing PRIMARY and its CONFIRMATION. Both valid forms must satisfy the same RS P10 readiness rule. If PRIMARY fails, stop the cycle and remediate before a new cycle. If PRIMARY passes but CONFIRMATION fails, mark DISCORDANT_NOT_YET and remediate before a new cycle. Technical-invalid forms are REASSESS_TECHNICAL and do not count as valid attempts. All valid forms remain in the audit record; the system may never cherry-pick the best historical pass.","EQUIV-2.1: exact 100 COUNT-100 words; World 1 one-word display; same RS/P10, scoring version, threshold version/status, comprehension blueprint class and safety/accessibility gates; fresh unseen content; non-compensatory global + RS-specific matching; candidate must pass all tolerances embedded in the canonical v0.22 Markdown specification.","ATTEMPT-1.0: A readiness cycle is PRIMARY→CONFIRMATION. A valid failure ends that cycle. A new cycle may begin only after an intervening targeted learning block for that RS. After two consecutive failed/discordant valid cycles, set DIAGNOSTIC_HOLD and require at least two targeted non-readiness practice passages plus a documented diagnostic review before another readiness cycle. There is no unlimited back-to-back retry loop. Genuine later learning may reopen assessment after the required learning block.",PRIMARY_PENDING; PRIMARY_PASS; CONFIRMATION_PENDING; CONFIRMED_READY; NOT_YET; DISCORDANT_NOT_YET; REASSESS_TECHNICAL; INSUFFICIENT_EVIDENCE; INVALID_FORM; DIAGNOSTIC_HOLD; REVALIDATION_DUE; REVALIDATION_PENDING; CURRENT_REVALIDATED; NOT_YET_AFTER_REVALIDATION; VERSION_INVALIDATED. Only CONFIRMED_READY initially closes readiness.,EQUIV-2.1,SpeedReader_W1_BandA_Form_Equivalence_v0.22.csv,EQUIV-2.1,PROVISIONAL_STRUCTURAL,PROVISIONAL_STRUCTURAL → EMPIRICAL_REVIEW → PRODUCTION_APPROVED; SUSPENDED_RECALIBRATE on material change.,COMP-P10-1.0,,RECENCY-1.0,,,EVIDENCE-MIN-1.2,,COMP-COVERAGE-1.0,,,,,MIRROR_ONLY,SpeedReader_W1_BandA_Spec_v0.25.md,SpeedReader_W1_BandA_Spec_v0.25.md is sole normative source; v0.25 CSVs are mirrors only.,FORM-SUPPLY-1.0,PRE_GENERATED_QA_APPROVED_BANK,PROHIBITED,,,,STATE-SEP-1.0,Progress descriptors report P1/current trajectory only and cannot close readiness. BASELINE_MASTERY is allowed here.,"Use readiness_state only: PRIMARY_PENDING → PRIMARY_PASS/CONFIRMATION_PENDING → CONFIRMED_READY, or cause-specific NOT_YET / DISCORDANT_NOT_YET / REASSESS_TECHNICAL / INSUFFICIENT_EVIDENCE / INVALID_FORM / DIAGNOSTIC_HOLD. Only CONFIRMED_READY initially closes readiness; BASELINE_MASTERY is progress reporting only.",NONE,"Even if P1 meets the eventual P10 target, final readiness requires fresh P10 PRIMARY + matched CONFIRMATION."
v0.25,RS05,Longer-word decoding,P10,Read familiar or decodable 2–4 syllable words without losing the passage.,"The learner attempts the whole word, may briefly segment it, then continues without abandoning the sentence or restarting broadly.",long_word_accuracy on writer-tagged 2–4 syllable targets; long_word_hesitation = time from target appearance to completed spoken word.,"10 tagged 2–4 syllable targets; ≥90% finally correct, median target hesitation ≤3 s, and no target-caused full restart.","At P10: exactly 10 tagged longer-word opportunities must be constructed and at least 10 must remain assessable; ≥90% (therefore at least 9/10 when the denominator is 10) must be finally correct, median target hesitation ≤3 s, and no full-sentence restart may be caused by a target.",PROVISIONAL_PILOT,Use same-RS valid P10 evidence under the canonical readiness specification.,"Use readiness_state only: PRIMARY_PENDING → PRIMARY_PASS/CONFIRMATION_PENDING → CONFIRMED_READY, or cause-specific NOT_YET / DISCORDANT_NOT_YET / REASSESS_TECHNICAL / INSUFFICIENT_EVIDENCE / INVALID_FORM / DIAGNOSTIC_HOLD. Only CONFIRMED_READY initially closes readiness; BASELINE_MASTERY is progress reporting only.","CONFIRM-1.0: A single valid P10 pass never closes an RS. Each RS readiness cycle uses two fresh unseen equivalent P10 forms: PRIMARY then CONFIRMATION. No coaching, hints, scored-result disclosure, or targeted practice may occur between a passing PRIMARY and its CONFIRMATION. Both valid forms must satisfy the same RS P10 readiness rule. If PRIMARY fails, stop the cycle and remediate before a new cycle. If PRIMARY passes but CONFIRMATION fails, mark DISCORDANT_NOT_YET and remediate before a new cycle. Technical-invalid forms are REASSESS_TECHNICAL and do not count as valid attempts. All valid forms remain in the audit record; the system may never cherry-pick the best historical pass.","EQUIV-2.1: exact 100 COUNT-100 words; World 1 one-word display; same RS/P10, scoring version, threshold version/status, comprehension blueprint class and safety/accessibility gates; fresh unseen content; non-compensatory global + RS-specific matching; candidate must pass all tolerances embedded in the canonical v0.22 Markdown specification.","ATTEMPT-1.0: A readiness cycle is PRIMARY→CONFIRMATION. A valid failure ends that cycle. A new cycle may begin only after an intervening targeted learning block for that RS. After two consecutive failed/discordant valid cycles, set DIAGNOSTIC_HOLD and require at least two targeted non-readiness practice passages plus a documented diagnostic review before another readiness cycle. There is no unlimited back-to-back retry loop. Genuine later learning may reopen assessment after the required learning block.",PRIMARY_PENDING; PRIMARY_PASS; CONFIRMATION_PENDING; CONFIRMED_READY; NOT_YET; DISCORDANT_NOT_YET; REASSESS_TECHNICAL; INSUFFICIENT_EVIDENCE; INVALID_FORM; DIAGNOSTIC_HOLD; REVALIDATION_DUE; REVALIDATION_PENDING; CURRENT_REVALIDATED; NOT_YET_AFTER_REVALIDATION; VERSION_INVALIDATED. Only CONFIRMED_READY initially closes readiness.,EQUIV-2.1,SpeedReader_W1_BandA_Form_Equivalence_v0.22.csv,EQUIV-2.1,PROVISIONAL_STRUCTURAL,PROVISIONAL_STRUCTURAL → EMPIRICAL_REVIEW → PRODUCTION_APPROVED; SUSPENDED_RECALIBRATE on material change.,COMP-P10-1.0,"First-attempt independent mastery = at least 3/4 correct AND the designated primary-skill item correct, before any hint, targeted reread, answer feedback, narrowing, worked example, or remediation. Comprehension readiness requires two independent first-attempt passes on fresh matched forms: COMP_PRIMARY_PASS then COMP_CONFIRMATION_PASS. No targeted comprehension coaching, hinting, answer explanation, or missed-item disclosure occurs between a passing PRIMARY and its CONFIRMATION. Both forms use the same P10 blueprint class but fresh passage evidence and fresh question wording. Only COMPREHENSION_CONFIRMED contributes to Band-A readiness.",RECENCY-1.0,Readiness evidence remains CURRENT until the first of: >56 calendar days since the latest passing same-RS confirmation/revalidation; >16 subsequent valid Band-A assessment/remediation sessions; or >28 consecutive calendar days with no SpeedReader learning session. Material scoring/threshold-version changes invalidate evidence immediately rather than merely making it stale. These numeric limits are PROVISIONAL_PILOT and require later calibration.,"When evidence is REVALIDATION_DUE only because of recency/inactivity, use one fresh unseen EQUIV-2.1 same-RS P10 revalidation form. Score oral and comprehension streams independently before any targeted feedback. A passing stream renews only that stream's freshness anchor. A valid failing stream becomes NOT_YET and requires targeted remediation followed by a new full PRIMARY→CONFIRMATION cycle for that stream. Technical invalidity does not count as failure and does not reset freshness until valid evidence is obtained.",EVIDENCE-MIN-1.2,Exactly 10 planned tagged longer-word targets; all 10 must remain assessable for the readiness percentage.,COMP-COVERAGE-1.0,Q1 D2: Sequence | Q2 D8: Vocabulary-in-context | Q3 D3: Cause/effect | Q4 D9: Judgment/application,10,"RS05 LONGER-WORD DECODING P10: include exactly 10 writer-tagged 2–4 syllable targets. Distribute them 3/3/4 across the passage thirds in any order; do not cluster. At least 4 targets must be 2-syllable, at least 3 must be 3-syllable, and at least 1 must be 4-syllable; the remaining 2 may be 2–4 syllables. Only 3–4 of the 10 may be deliberate stretch/less-familiar words; the remainder should be familiar or readily decodable longer words.",NO_POOLING,MIRROR_ONLY,SpeedReader_W1_BandA_Spec_v0.25.md,SpeedReader_W1_BandA_Spec_v0.25.md is sole normative source; v0.25 CSVs are mirrors only.,FORM-SUPPLY-1.0,PRE_GENERATED_QA_APPROVED_BANK,PROHIBITED,,,,STATE-SEP-1.0,Progress descriptors report P1/current trajectory only and cannot close readiness. BASELINE_MASTERY is allowed here.,"Use readiness_state only: PRIMARY_PENDING → PRIMARY_PASS/CONFIRMATION_PENDING → CONFIRMED_READY, or cause-specific NOT_YET / DISCORDANT_NOT_YET / REASSESS_TECHNICAL / INSUFFICIENT_EVIDENCE / INVALID_FORM / DIAGNOSTIC_HOLD. Only CONFIRMED_READY initially closes readiness; BASELINE_MASTERY is progress reporting only.",NONE,"Even if P1 meets the eventual P10 target, final readiness requires fresh P10 PRIMARY + matched CONFIRMATION."
v0.25,RS06,Hesitation control,P1,Recover from uncertainty without long silent stalls.,"Pauses before ordinary words become shorter over time; a difficult word may cause a pause, but the learner resumes calmly.",long_hesitations_2s = count of non-punctuation silent gaps >2 s; longest_hesitation; exclude recording faults and ASR-uncertain segments.,Baseline hesitation count and longest pause.,At P10: ≤3 >2-second hesitations per 100 assessable words and no unexplained silence >6 s.,PROVISIONAL_PILOT,Use same-RS valid P10 evidence under the canonical readiness specification.,"Use readiness_state only: PRIMARY_PENDING → PRIMARY_PASS/CONFIRMATION_PENDING → CONFIRMED_READY, or cause-specific NOT_YET / DISCORDANT_NOT_YET / REASSESS_TECHNICAL / INSUFFICIENT_EVIDENCE / INVALID_FORM / DIAGNOSTIC_HOLD. Only CONFIRMED_READY initially closes readiness; BASELINE_MASTERY is progress reporting only.","CONFIRM-1.0: A single valid P10 pass never closes an RS. Each RS readiness cycle uses two fresh unseen equivalent P10 forms: PRIMARY then CONFIRMATION. No coaching, hints, scored-result disclosure, or targeted practice may occur between a passing PRIMARY and its CONFIRMATION. Both valid forms must satisfy the same RS P10 readiness rule. If PRIMARY fails, stop the cycle and remediate before a new cycle. If PRIMARY passes but CONFIRMATION fails, mark DISCORDANT_NOT_YET and remediate before a new cycle. Technical-invalid forms are REASSESS_TECHNICAL and do not count as valid attempts. All valid forms remain in the audit record; the system may never cherry-pick the best historical pass.","EQUIV-2.1: exact 100 COUNT-100 words; World 1 one-word display; same RS/P10, scoring version, threshold version/status, comprehension blueprint class and safety/accessibility gates; fresh unseen content; non-compensatory global + RS-specific matching; candidate must pass all tolerances embedded in the canonical v0.22 Markdown specification.","ATTEMPT-1.0: A readiness cycle is PRIMARY→CONFIRMATION. A valid failure ends that cycle. A new cycle may begin only after an intervening targeted learning block for that RS. After two consecutive failed/discordant valid cycles, set DIAGNOSTIC_HOLD and require at least two targeted non-readiness practice passages plus a documented diagnostic review before another readiness cycle. There is no unlimited back-to-back retry loop. Genuine later learning may reopen assessment after the required learning block.",PRIMARY_PENDING; PRIMARY_PASS; CONFIRMATION_PENDING; CONFIRMED_READY; NOT_YET; DISCORDANT_NOT_YET; REASSESS_TECHNICAL; INSUFFICIENT_EVIDENCE; INVALID_FORM; DIAGNOSTIC_HOLD; REVALIDATION_DUE; REVALIDATION_PENDING; CURRENT_REVALIDATED; NOT_YET_AFTER_REVALIDATION; VERSION_INVALIDATED. Only CONFIRMED_READY initially closes readiness.,EQUIV-2.1,SpeedReader_W1_BandA_Form_Equivalence_v0.22.csv,EQUIV-2.1,PROVISIONAL_STRUCTURAL,PROVISIONAL_STRUCTURAL → EMPIRICAL_REVIEW → PRODUCTION_APPROVED; SUSPENDED_RECALIBRATE on material change.,COMP-P10-1.0,,RECENCY-1.0,,,EVIDENCE-MIN-1.2,,COMP-COVERAGE-1.0,,,,,MIRROR_ONLY,SpeedReader_W1_BandA_Spec_v0.25.md,SpeedReader_W1_BandA_Spec_v0.25.md is sole normative source; v0.25 CSVs are mirrors only.,FORM-SUPPLY-1.0,PRE_GENERATED_QA_APPROVED_BANK,PROHIBITED,,,,STATE-SEP-1.0,Progress descriptors report P1/current trajectory only and cannot close readiness. BASELINE_MASTERY is allowed here.,"Use readiness_state only: PRIMARY_PENDING → PRIMARY_PASS/CONFIRMATION_PENDING → CONFIRMED_READY, or cause-specific NOT_YET / DISCORDANT_NOT_YET / REASSESS_TECHNICAL / INSUFFICIENT_EVIDENCE / INVALID_FORM / DIAGNOSTIC_HOLD. Only CONFIRMED_READY initially closes readiness; BASELINE_MASTERY is progress reporting only.",NONE,"Even if P1 meets the eventual P10 target, final readiness requires fresh P10 PRIMARY + matched CONFIRMATION."
v0.25,RS06,Hesitation control,P2,Recover from uncertainty without long silent stalls.,"Pauses before ordinary words become shorter over time; a difficult word may cause a pause, but the learner resumes calmly.",long_hesitations_2s = count of non-punctuation silent gaps >2 s; longest_hesitation; exclude recording faults and ASR-uncertain segments.,≤8 long hesitations or ≥10% improvement from baseline.,At P10: ≤3 >2-second hesitations per 100 assessable words and no unexplained silence >6 s.,PROVISIONAL_PILOT,Use same-RS valid P10 evidence under the canonical readiness specification.,"Use readiness_state only: PRIMARY_PENDING → PRIMARY_PASS/CONFIRMATION_PENDING → CONFIRMED_READY, or cause-specific NOT_YET / DISCORDANT_NOT_YET / REASSESS_TECHNICAL / INSUFFICIENT_EVIDENCE / INVALID_FORM / DIAGNOSTIC_HOLD. Only CONFIRMED_READY initially closes readiness; BASELINE_MASTERY is progress reporting only.","CONFIRM-1.0: A single valid P10 pass never closes an RS. Each RS readiness cycle uses two fresh unseen equivalent P10 forms: PRIMARY then CONFIRMATION. No coaching, hints, scored-result disclosure, or targeted practice may occur between a passing PRIMARY and its CONFIRMATION. Both valid forms must satisfy the same RS P10 readiness rule. If PRIMARY fails, stop the cycle and remediate before a new cycle. If PRIMARY passes but CONFIRMATION fails, mark DISCORDANT_NOT_YET and remediate before a new cycle. Technical-invalid forms are REASSESS_TECHNICAL and do not count as valid attempts. All valid forms remain in the audit record; the system may never cherry-pick the best historical pass.","EQUIV-2.1: exact 100 COUNT-100 words; World 1 one-word display; same RS/P10, scoring version, threshold version/status, comprehension blueprint class and safety/accessibility gates; fresh unseen content; non-compensatory global + RS-specific matching; candidate must pass all tolerances embedded in the canonical v0.22 Markdown specification.","ATTEMPT-1.0: A readiness cycle is PRIMARY→CONFIRMATION. A valid failure ends that cycle. A new cycle may begin only after an intervening targeted learning block for that RS. After two consecutive failed/discordant valid cycles, set DIAGNOSTIC_HOLD and require at least two targeted non-readiness practice passages plus a documented diagnostic review before another readiness cycle. There is no unlimited back-to-back retry loop. Genuine later learning may reopen assessment after the required learning block.",PRIMARY_PENDING; PRIMARY_PASS; CONFIRMATION_PENDING; CONFIRMED_READY; NOT_YET; DISCORDANT_NOT_YET; REASSESS_TECHNICAL; INSUFFICIENT_EVIDENCE; INVALID_FORM; DIAGNOSTIC_HOLD; REVALIDATION_DUE; REVALIDATION_PENDING; CURRENT_REVALIDATED; NOT_YET_AFTER_REVALIDATION; VERSION_INVALIDATED. Only CONFIRMED_READY initially closes readiness.,EQUIV-2.1,SpeedReader_W1_BandA_Form_Equivalence_v0.22.csv,EQUIV-2.1,PROVISIONAL_STRUCTURAL,PROVISIONAL_STRUCTURAL → EMPIRICAL_REVIEW → PRODUCTION_APPROVED; SUSPENDED_RECALIBRATE on material change.,COMP-P10-1.0,,RECENCY-1.0,,,EVIDENCE-MIN-1.2,,COMP-COVERAGE-1.0,,,,,MIRROR_ONLY,SpeedReader_W1_BandA_Spec_v0.25.md,SpeedReader_W1_BandA_Spec_v0.25.md is sole normative source; v0.25 CSVs are mirrors only.,FORM-SUPPLY-1.0,PRE_GENERATED_QA_APPROVED_BANK,PROHIBITED,,,,STATE-SEP-1.0,Progress descriptors report P1/current trajectory only and cannot close readiness. BASELINE_MASTERY is allowed here.,"Use readiness_state only: PRIMARY_PENDING → PRIMARY_PASS/CONFIRMATION_PENDING → CONFIRMED_READY, or cause-specific NOT_YET / DISCORDANT_NOT_YET / REASSESS_TECHNICAL / INSUFFICIENT_EVIDENCE / INVALID_FORM / DIAGNOSTIC_HOLD. Only CONFIRMED_READY initially closes readiness; BASELINE_MASTERY is progress reporting only.",NONE,"Even if P1 meets the eventual P10 target, final readiness requires fresh P10 PRIMARY + matched CONFIRMATION."
v0.25,RS06,Hesitation control,P3,Recover from uncertainty without long silent stalls.,"Pauses before ordinary words become shorter over time; a difficult word may cause a pause, but the learner resumes calmly.",long_hesitations_2s = count of non-punctuation silent gaps >2 s; longest_hesitation; exclude recording faults and ASR-uncertain segments.,≤7.,At P10: ≤3 >2-second hesitations per 100 assessable words and no unexplained silence >6 s.,PROVISIONAL_PILOT,Use same-RS valid P10 evidence under the canonical readiness specification.,"Use readiness_state only: PRIMARY_PENDING → PRIMARY_PASS/CONFIRMATION_PENDING → CONFIRMED_READY, or cause-specific NOT_YET / DISCORDANT_NOT_YET / REASSESS_TECHNICAL / INSUFFICIENT_EVIDENCE / INVALID_FORM / DIAGNOSTIC_HOLD. Only CONFIRMED_READY initially closes readiness; BASELINE_MASTERY is progress reporting only.","CONFIRM-1.0: A single valid P10 pass never closes an RS. Each RS readiness cycle uses two fresh unseen equivalent P10 forms: PRIMARY then CONFIRMATION. No coaching, hints, scored-result disclosure, or targeted practice may occur between a passing PRIMARY and its CONFIRMATION. Both valid forms must satisfy the same RS P10 readiness rule. If PRIMARY fails, stop the cycle and remediate before a new cycle. If PRIMARY passes but CONFIRMATION fails, mark DISCORDANT_NOT_YET and remediate before a new cycle. Technical-invalid forms are REASSESS_TECHNICAL and do not count as valid attempts. All valid forms remain in the audit record; the system may never cherry-pick the best historical pass.","EQUIV-2.1: exact 100 COUNT-100 words; World 1 one-word display; same RS/P10, scoring version, threshold version/status, comprehension blueprint class and safety/accessibility gates; fresh unseen content; non-compensatory global + RS-specific matching; candidate must pass all tolerances embedded in the canonical v0.22 Markdown specification.","ATTEMPT-1.0: A readiness cycle is PRIMARY→CONFIRMATION. A valid failure ends that cycle. A new cycle may begin only after an intervening targeted learning block for that RS. After two consecutive failed/discordant valid cycles, set DIAGNOSTIC_HOLD and require at least two targeted non-readiness practice passages plus a documented diagnostic review before another readiness cycle. There is no unlimited back-to-back retry loop. Genuine later learning may reopen assessment after the required learning block.",PRIMARY_PENDING; PRIMARY_PASS; CONFIRMATION_PENDING; CONFIRMED_READY; NOT_YET; DISCORDANT_NOT_YET; REASSESS_TECHNICAL; INSUFFICIENT_EVIDENCE; INVALID_FORM; DIAGNOSTIC_HOLD; REVALIDATION_DUE; REVALIDATION_PENDING; CURRENT_REVALIDATED; NOT_YET_AFTER_REVALIDATION; VERSION_INVALIDATED. Only CONFIRMED_READY initially closes readiness.,EQUIV-2.1,SpeedReader_W1_BandA_Form_Equivalence_v0.22.csv,EQUIV-2.1,PROVISIONAL_STRUCTURAL,PROVISIONAL_STRUCTURAL → EMPIRICAL_REVIEW → PRODUCTION_APPROVED; SUSPENDED_RECALIBRATE on material change.,COMP-P10-1.0,,RECENCY-1.0,,,EVIDENCE-MIN-1.2,,COMP-COVERAGE-1.0,,,,,MIRROR_ONLY,SpeedReader_W1_BandA_Spec_v0.25.md,SpeedReader_W1_BandA_Spec_v0.25.md is sole normative source; v0.25 CSVs are mirrors only.,FORM-SUPPLY-1.0,PRE_GENERATED_QA_APPROVED_BANK,PROHIBITED,,,,STATE-SEP-1.0,Progress descriptors report P1/current trajectory only and cannot close readiness. BASELINE_MASTERY is allowed here.,"Use readiness_state only: PRIMARY_PENDING → PRIMARY_PASS/CONFIRMATION_PENDING → CONFIRMED_READY, or cause-specific NOT_YET / DISCORDANT_NOT_YET / REASSESS_TECHNICAL / INSUFFICIENT_EVIDENCE / INVALID_FORM / DIAGNOSTIC_HOLD. Only CONFIRMED_READY initially closes readiness; BASELINE_MASTERY is progress reporting only.",NONE,"Even if P1 meets the eventual P10 target, final readiness requires fresh P10 PRIMARY + matched CONFIRMATION."
v0.25,RS06,Hesitation control,P4,Recover from uncertainty without long silent stalls.,"Pauses before ordinary words become shorter over time; a difficult word may cause a pause, but the learner resumes calmly.",long_hesitations_2s = count of non-punctuation silent gaps >2 s; longest_hesitation; exclude recording faults and ASR-uncertain segments.,≤6.,At P10: ≤3 >2-second hesitations per 100 assessable words and no unexplained silence >6 s.,PROVISIONAL_PILOT,Use same-RS valid P10 evidence under the canonical readiness specification.,"Use readiness_state only: PRIMARY_PENDING → PRIMARY_PASS/CONFIRMATION_PENDING → CONFIRMED_READY, or cause-specific NOT_YET / DISCORDANT_NOT_YET / REASSESS_TECHNICAL / INSUFFICIENT_EVIDENCE / INVALID_FORM / DIAGNOSTIC_HOLD. Only CONFIRMED_READY initially closes readiness; BASELINE_MASTERY is progress reporting only.","CONFIRM-1.0: A single valid P10 pass never closes an RS. Each RS readiness cycle uses two fresh unseen equivalent P10 forms: PRIMARY then CONFIRMATION. No coaching, hints, scored-result disclosure, or targeted practice may occur between a passing PRIMARY and its CONFIRMATION. Both valid forms must satisfy the same RS P10 readiness rule. If PRIMARY fails, stop the cycle and remediate before a new cycle. If PRIMARY passes but CONFIRMATION fails, mark DISCORDANT_NOT_YET and remediate before a new cycle. Technical-invalid forms are REASSESS_TECHNICAL and do not count as valid attempts. All valid forms remain in the audit record; the system may never cherry-pick the best historical pass.","EQUIV-2.1: exact 100 COUNT-100 words; World 1 one-word display; same RS/P10, scoring version, threshold version/status, comprehension blueprint class and safety/accessibility gates; fresh unseen content; non-compensatory global + RS-specific matching; candidate must pass all tolerances embedded in the canonical v0.22 Markdown specification.","ATTEMPT-1.0: A readiness cycle is PRIMARY→CONFIRMATION. A valid failure ends that cycle. A new cycle may begin only after an intervening targeted learning block for that RS. After two consecutive failed/discordant valid cycles, set DIAGNOSTIC_HOLD and require at least two targeted non-readiness practice passages plus a documented diagnostic review before another readiness cycle. There is no unlimited back-to-back retry loop. Genuine later learning may reopen assessment after the required learning block.",PRIMARY_PENDING; PRIMARY_PASS; CONFIRMATION_PENDING; CONFIRMED_READY; NOT_YET; DISCORDANT_NOT_YET; REASSESS_TECHNICAL; INSUFFICIENT_EVIDENCE; INVALID_FORM; DIAGNOSTIC_HOLD; REVALIDATION_DUE; REVALIDATION_PENDING; CURRENT_REVALIDATED; NOT_YET_AFTER_REVALIDATION; VERSION_INVALIDATED. Only CONFIRMED_READY initially closes readiness.,EQUIV-2.1,SpeedReader_W1_BandA_Form_Equivalence_v0.22.csv,EQUIV-2.1,PROVISIONAL_STRUCTURAL,PROVISIONAL_STRUCTURAL → EMPIRICAL_REVIEW → PRODUCTION_APPROVED; SUSPENDED_RECALIBRATE on material change.,COMP-P10-1.0,,RECENCY-1.0,,,EVIDENCE-MIN-1.2,,COMP-COVERAGE-1.0,,,,,MIRROR_ONLY,SpeedReader_W1_BandA_Spec_v0.25.md,SpeedReader_W1_BandA_Spec_v0.25.md is sole normative source; v0.25 CSVs are mirrors only.,FORM-SUPPLY-1.0,PRE_GENERATED_QA_APPROVED_BANK,PROHIBITED,,,,STATE-SEP-1.0,Progress descriptors report P1/current trajectory only and cannot close readiness. BASELINE_MASTERY is allowed here.,"Use readiness_state only: PRIMARY_PENDING → PRIMARY_PASS/CONFIRMATION_PENDING → CONFIRMED_READY, or cause-specific NOT_YET / DISCORDANT_NOT_YET / REASSESS_TECHNICAL / INSUFFICIENT_EVIDENCE / INVALID_FORM / DIAGNOSTIC_HOLD. Only CONFIRMED_READY initially closes readiness; BASELINE_MASTERY is progress reporting only.",NONE,"Even if P1 meets the eventual P10 target, final readiness requires fresh P10 PRIMARY + matched CONFIRMATION."
v0.25,RS06,Hesitation control,P5,Recover from uncertainty without long silent stalls.,"Pauses before ordinary words become shorter over time; a difficult word may cause a pause, but the learner resumes calmly.",long_hesitations_2s = count of non-punctuation silent gaps >2 s; longest_hesitation; exclude recording faults and ASR-uncertain segments.,≤6 with no unexplained silence >8 s.,At P10: ≤3 >2-second hesitations per 100 assessable words and no unexplained silence >6 s.,PROVISIONAL_PILOT,Use same-RS valid P10 evidence under the canonical readiness specification.,"Use readiness_state only: PRIMARY_PENDING → PRIMARY_PASS/CONFIRMATION_PENDING → CONFIRMED_READY, or cause-specific NOT_YET / DISCORDANT_NOT_YET / REASSESS_TECHNICAL / INSUFFICIENT_EVIDENCE / INVALID_FORM / DIAGNOSTIC_HOLD. Only CONFIRMED_READY initially closes readiness; BASELINE_MASTERY is progress reporting only.","CONFIRM-1.0: A single valid P10 pass never closes an RS. Each RS readiness cycle uses two fresh unseen equivalent P10 forms: PRIMARY then CONFIRMATION. No coaching, hints, scored-result disclosure, or targeted practice may occur between a passing PRIMARY and its CONFIRMATION. Both valid forms must satisfy the same RS P10 readiness rule. If PRIMARY fails, stop the cycle and remediate before a new cycle. If PRIMARY passes but CONFIRMATION fails, mark DISCORDANT_NOT_YET and remediate before a new cycle. Technical-invalid forms are REASSESS_TECHNICAL and do not count as valid attempts. All valid forms remain in the audit record; the system may never cherry-pick the best historical pass.","EQUIV-2.1: exact 100 COUNT-100 words; World 1 one-word display; same RS/P10, scoring version, threshold version/status, comprehension blueprint class and safety/accessibility gates; fresh unseen content; non-compensatory global + RS-specific matching; candidate must pass all tolerances embedded in the canonical v0.22 Markdown specification.","ATTEMPT-1.0: A readiness cycle is PRIMARY→CONFIRMATION. A valid failure ends that cycle. A new cycle may begin only after an intervening targeted learning block for that RS. After two consecutive failed/discordant valid cycles, set DIAGNOSTIC_HOLD and require at least two targeted non-readiness practice passages plus a documented diagnostic review before another readiness cycle. There is no unlimited back-to-back retry loop. Genuine later learning may reopen assessment after the required learning block.",PRIMARY_PENDING; PRIMARY_PASS; CONFIRMATION_PENDING; CONFIRMED_READY; NOT_YET; DISCORDANT_NOT_YET; REASSESS_TECHNICAL; INSUFFICIENT_EVIDENCE; INVALID_FORM; DIAGNOSTIC_HOLD; REVALIDATION_DUE; REVALIDATION_PENDING; CURRENT_REVALIDATED; NOT_YET_AFTER_REVALIDATION; VERSION_INVALIDATED. Only CONFIRMED_READY initially closes readiness.,EQUIV-2.1,SpeedReader_W1_BandA_Form_Equivalence_v0.22.csv,EQUIV-2.1,PROVISIONAL_STRUCTURAL,PROVISIONAL_STRUCTURAL → EMPIRICAL_REVIEW → PRODUCTION_APPROVED; SUSPENDED_RECALIBRATE on material change.,COMP-P10-1.0,,RECENCY-1.0,,,EVIDENCE-MIN-1.2,,COMP-COVERAGE-1.0,,,,,MIRROR_ONLY,SpeedReader_W1_BandA_Spec_v0.25.md,SpeedReader_W1_BandA_Spec_v0.25.md is sole normative source; v0.25 CSVs are mirrors only.,FORM-SUPPLY-1.0,PRE_GENERATED_QA_APPROVED_BANK,PROHIBITED,,,,STATE-SEP-1.0,Progress descriptors report P1/current trajectory only and cannot close readiness. BASELINE_MASTERY is allowed here.,"Use readiness_state only: PRIMARY_PENDING → PRIMARY_PASS/CONFIRMATION_PENDING → CONFIRMED_READY, or cause-specific NOT_YET / DISCORDANT_NOT_YET / REASSESS_TECHNICAL / INSUFFICIENT_EVIDENCE / INVALID_FORM / DIAGNOSTIC_HOLD. Only CONFIRMED_READY initially closes readiness; BASELINE_MASTERY is progress reporting only.",NONE,"Even if P1 meets the eventual P10 target, final readiness requires fresh P10 PRIMARY + matched CONFIRMATION."
v0.25,RS06,Hesitation control,P6,Recover from uncertainty without long silent stalls.,"Pauses before ordinary words become shorter over time; a difficult word may cause a pause, but the learner resumes calmly.",long_hesitations_2s = count of non-punctuation silent gaps >2 s; longest_hesitation; exclude recording faults and ASR-uncertain segments.,≤5.,At P10: ≤3 >2-second hesitations per 100 assessable words and no unexplained silence >6 s.,PROVISIONAL_PILOT,Use same-RS valid P10 evidence under the canonical readiness specification.,"Use readiness_state only: PRIMARY_PENDING → PRIMARY_PASS/CONFIRMATION_PENDING → CONFIRMED_READY, or cause-specific NOT_YET / DISCORDANT_NOT_YET / REASSESS_TECHNICAL / INSUFFICIENT_EVIDENCE / INVALID_FORM / DIAGNOSTIC_HOLD. Only CONFIRMED_READY initially closes readiness; BASELINE_MASTERY is progress reporting only.","CONFIRM-1.0: A single valid P10 pass never closes an RS. Each RS readiness cycle uses two fresh unseen equivalent P10 forms: PRIMARY then CONFIRMATION. No coaching, hints, scored-result disclosure, or targeted practice may occur between a passing PRIMARY and its CONFIRMATION. Both valid forms must satisfy the same RS P10 readiness rule. If PRIMARY fails, stop the cycle and remediate before a new cycle. If PRIMARY passes but CONFIRMATION fails, mark DISCORDANT_NOT_YET and remediate before a new cycle. Technical-invalid forms are REASSESS_TECHNICAL and do not count as valid attempts. All valid forms remain in the audit record; the system may never cherry-pick the best historical pass.","EQUIV-2.1: exact 100 COUNT-100 words; World 1 one-word display; same RS/P10, scoring version, threshold version/status, comprehension blueprint class and safety/accessibility gates; fresh unseen content; non-compensatory global + RS-specific matching; candidate must pass all tolerances embedded in the canonical v0.22 Markdown specification.","ATTEMPT-1.0: A readiness cycle is PRIMARY→CONFIRMATION. A valid failure ends that cycle. A new cycle may begin only after an intervening targeted learning block for that RS. After two consecutive failed/discordant valid cycles, set DIAGNOSTIC_HOLD and require at least two targeted non-readiness practice passages plus a documented diagnostic review before another readiness cycle. There is no unlimited back-to-back retry loop. Genuine later learning may reopen assessment after the required learning block.",PRIMARY_PENDING; PRIMARY_PASS; CONFIRMATION_PENDING; CONFIRMED_READY; NOT_YET; DISCORDANT_NOT_YET; REASSESS_TECHNICAL; INSUFFICIENT_EVIDENCE; INVALID_FORM; DIAGNOSTIC_HOLD; REVALIDATION_DUE; REVALIDATION_PENDING; CURRENT_REVALIDATED; NOT_YET_AFTER_REVALIDATION; VERSION_INVALIDATED. Only CONFIRMED_READY initially closes readiness.,EQUIV-2.1,SpeedReader_W1_BandA_Form_Equivalence_v0.22.csv,EQUIV-2.1,PROVISIONAL_STRUCTURAL,PROVISIONAL_STRUCTURAL → EMPIRICAL_REVIEW → PRODUCTION_APPROVED; SUSPENDED_RECALIBRATE on material change.,COMP-P10-1.0,,RECENCY-1.0,,,EVIDENCE-MIN-1.2,,COMP-COVERAGE-1.0,,,,,MIRROR_ONLY,SpeedReader_W1_BandA_Spec_v0.25.md,SpeedReader_W1_BandA_Spec_v0.25.md is sole normative source; v0.25 CSVs are mirrors only.,FORM-SUPPLY-1.0,PRE_GENERATED_QA_APPROVED_BANK,PROHIBITED,,,,STATE-SEP-1.0,Progress descriptors report P1/current trajectory only and cannot close readiness. BASELINE_MASTERY is allowed here.,"Use readiness_state only: PRIMARY_PENDING → PRIMARY_PASS/CONFIRMATION_PENDING → CONFIRMED_READY, or cause-specific NOT_YET / DISCORDANT_NOT_YET / REASSESS_TECHNICAL / INSUFFICIENT_EVIDENCE / INVALID_FORM / DIAGNOSTIC_HOLD. Only CONFIRMED_READY initially closes readiness; BASELINE_MASTERY is progress reporting only.",NONE,"Even if P1 meets the eventual P10 target, final readiness requires fresh P10 PRIMARY + matched CONFIRMATION."
v0.25,RS06,Hesitation control,P7,Recover from uncertainty without long silent stalls.,"Pauses before ordinary words become shorter over time; a difficult word may cause a pause, but the learner resumes calmly.",long_hesitations_2s = count of non-punctuation silent gaps >2 s; longest_hesitation; exclude recording faults and ASR-uncertain segments.,≤5 after a challenge word.,At P10: ≤3 >2-second hesitations per 100 assessable words and no unexplained silence >6 s.,PROVISIONAL_PILOT,Use same-RS valid P10 evidence under the canonical readiness specification.,"Use readiness_state only: PRIMARY_PENDING → PRIMARY_PASS/CONFIRMATION_PENDING → CONFIRMED_READY, or cause-specific NOT_YET / DISCORDANT_NOT_YET / REASSESS_TECHNICAL / INSUFFICIENT_EVIDENCE / INVALID_FORM / DIAGNOSTIC_HOLD. Only CONFIRMED_READY initially closes readiness; BASELINE_MASTERY is progress reporting only.","CONFIRM-1.0: A single valid P10 pass never closes an RS. Each RS readiness cycle uses two fresh unseen equivalent P10 forms: PRIMARY then CONFIRMATION. No coaching, hints, scored-result disclosure, or targeted practice may occur between a passing PRIMARY and its CONFIRMATION. Both valid forms must satisfy the same RS P10 readiness rule. If PRIMARY fails, stop the cycle and remediate before a new cycle. If PRIMARY passes but CONFIRMATION fails, mark DISCORDANT_NOT_YET and remediate before a new cycle. Technical-invalid forms are REASSESS_TECHNICAL and do not count as valid attempts. All valid forms remain in the audit record; the system may never cherry-pick the best historical pass.","EQUIV-2.1: exact 100 COUNT-100 words; World 1 one-word display; same RS/P10, scoring version, threshold version/status, comprehension blueprint class and safety/accessibility gates; fresh unseen content; non-compensatory global + RS-specific matching; candidate must pass all tolerances embedded in the canonical v0.22 Markdown specification.","ATTEMPT-1.0: A readiness cycle is PRIMARY→CONFIRMATION. A valid failure ends that cycle. A new cycle may begin only after an intervening targeted learning block for that RS. After two consecutive failed/discordant valid cycles, set DIAGNOSTIC_HOLD and require at least two targeted non-readiness practice passages plus a documented diagnostic review before another readiness cycle. There is no unlimited back-to-back retry loop. Genuine later learning may reopen assessment after the required learning block.",PRIMARY_PENDING; PRIMARY_PASS; CONFIRMATION_PENDING; CONFIRMED_READY; NOT_YET; DISCORDANT_NOT_YET; REASSESS_TECHNICAL; INSUFFICIENT_EVIDENCE; INVALID_FORM; DIAGNOSTIC_HOLD; REVALIDATION_DUE; REVALIDATION_PENDING; CURRENT_REVALIDATED; NOT_YET_AFTER_REVALIDATION; VERSION_INVALIDATED. Only CONFIRMED_READY initially closes readiness.,EQUIV-2.1,SpeedReader_W1_BandA_Form_Equivalence_v0.22.csv,EQUIV-2.1,PROVISIONAL_STRUCTURAL,PROVISIONAL_STRUCTURAL → EMPIRICAL_REVIEW → PRODUCTION_APPROVED; SUSPENDED_RECALIBRATE on material change.,COMP-P10-1.0,,RECENCY-1.0,,,EVIDENCE-MIN-1.2,,COMP-COVERAGE-1.0,,,,,MIRROR_ONLY,SpeedReader_W1_BandA_Spec_v0.25.md,SpeedReader_W1_BandA_Spec_v0.25.md is sole normative source; v0.25 CSVs are mirrors only.,FORM-SUPPLY-1.0,PRE_GENERATED_QA_APPROVED_BANK,PROHIBITED,,,,STATE-SEP-1.0,Progress descriptors report P1/current trajectory only and cannot close readiness. BASELINE_MASTERY is allowed here.,"Use readiness_state only: PRIMARY_PENDING → PRIMARY_PASS/CONFIRMATION_PENDING → CONFIRMED_READY, or cause-specific NOT_YET / DISCORDANT_NOT_YET / REASSESS_TECHNICAL / INSUFFICIENT_EVIDENCE / INVALID_FORM / DIAGNOSTIC_HOLD. Only CONFIRMED_READY initially closes readiness; BASELINE_MASTERY is progress reporting only.",NONE,"Even if P1 meets the eventual P10 target, final readiness requires fresh P10 PRIMARY + matched CONFIRMATION."
v0.25,RS06,Hesitation control,P8,Recover from uncertainty without long silent stalls.,"Pauses before ordinary words become shorter over time; a difficult word may cause a pause, but the learner resumes calmly.",long_hesitations_2s = count of non-punctuation silent gaps >2 s; longest_hesitation; exclude recording faults and ASR-uncertain segments.,≤4.,At P10: ≤3 >2-second hesitations per 100 assessable words and no unexplained silence >6 s.,PROVISIONAL_PILOT,Use same-RS valid P10 evidence under the canonical readiness specification.,"Use readiness_state only: PRIMARY_PENDING → PRIMARY_PASS/CONFIRMATION_PENDING → CONFIRMED_READY, or cause-specific NOT_YET / DISCORDANT_NOT_YET / REASSESS_TECHNICAL / INSUFFICIENT_EVIDENCE / INVALID_FORM / DIAGNOSTIC_HOLD. Only CONFIRMED_READY initially closes readiness; BASELINE_MASTERY is progress reporting only.","CONFIRM-1.0: A single valid P10 pass never closes an RS. Each RS readiness cycle uses two fresh unseen equivalent P10 forms: PRIMARY then CONFIRMATION. No coaching, hints, scored-result disclosure, or targeted practice may occur between a passing PRIMARY and its CONFIRMATION. Both valid forms must satisfy the same RS P10 readiness rule. If PRIMARY fails, stop the cycle and remediate before a new cycle. If PRIMARY passes but CONFIRMATION fails, mark DISCORDANT_NOT_YET and remediate before a new cycle. Technical-invalid forms are REASSESS_TECHNICAL and do not count as valid attempts. All valid forms remain in the audit record; the system may never cherry-pick the best historical pass.","EQUIV-2.1: exact 100 COUNT-100 words; World 1 one-word display; same RS/P10, scoring version, threshold version/status, comprehension blueprint class and safety/accessibility gates; fresh unseen content; non-compensatory global + RS-specific matching; candidate must pass all tolerances embedded in the canonical v0.22 Markdown specification.","ATTEMPT-1.0: A readiness cycle is PRIMARY→CONFIRMATION. A valid failure ends that cycle. A new cycle may begin only after an intervening targeted learning block for that RS. After two consecutive failed/discordant valid cycles, set DIAGNOSTIC_HOLD and require at least two targeted non-readiness practice passages plus a documented diagnostic review before another readiness cycle. There is no unlimited back-to-back retry loop. Genuine later learning may reopen assessment after the required learning block.",PRIMARY_PENDING; PRIMARY_PASS; CONFIRMATION_PENDING; CONFIRMED_READY; NOT_YET; DISCORDANT_NOT_YET; REASSESS_TECHNICAL; INSUFFICIENT_EVIDENCE; INVALID_FORM; DIAGNOSTIC_HOLD; REVALIDATION_DUE; REVALIDATION_PENDING; CURRENT_REVALIDATED; NOT_YET_AFTER_REVALIDATION; VERSION_INVALIDATED. Only CONFIRMED_READY initially closes readiness.,EQUIV-2.1,SpeedReader_W1_BandA_Form_Equivalence_v0.22.csv,EQUIV-2.1,PROVISIONAL_STRUCTURAL,PROVISIONAL_STRUCTURAL → EMPIRICAL_REVIEW → PRODUCTION_APPROVED; SUSPENDED_RECALIBRATE on material change.,COMP-P10-1.0,,RECENCY-1.0,,,EVIDENCE-MIN-1.2,,COMP-COVERAGE-1.0,,,,,MIRROR_ONLY,SpeedReader_W1_BandA_Spec_v0.25.md,SpeedReader_W1_BandA_Spec_v0.25.md is sole normative source; v0.25 CSVs are mirrors only.,FORM-SUPPLY-1.0,PRE_GENERATED_QA_APPROVED_BANK,PROHIBITED,,,,STATE-SEP-1.0,Progress descriptors report P1/current trajectory only and cannot close readiness. BASELINE_MASTERY is allowed here.,"Use readiness_state only: PRIMARY_PENDING → PRIMARY_PASS/CONFIRMATION_PENDING → CONFIRMED_READY, or cause-specific NOT_YET / DISCORDANT_NOT_YET / REASSESS_TECHNICAL / INSUFFICIENT_EVIDENCE / INVALID_FORM / DIAGNOSTIC_HOLD. Only CONFIRMED_READY initially closes readiness; BASELINE_MASTERY is progress reporting only.",NONE,"Even if P1 meets the eventual P10 target, final readiness requires fresh P10 PRIMARY + matched CONFIRMATION."
v0.25,RS06,Hesitation control,P9,Recover from uncertainty without long silent stalls.,"Pauses before ordinary words become shorter over time; a difficult word may cause a pause, but the learner resumes calmly.",long_hesitations_2s = count of non-punctuation silent gaps >2 s; longest_hesitation; exclude recording faults and ASR-uncertain segments.,≤4 with no unexplained silence >7 s.,At P10: ≤3 >2-second hesitations per 100 assessable words and no unexplained silence >6 s.,PROVISIONAL_PILOT,Use same-RS valid P10 evidence under the canonical readiness specification.,"Use readiness_state only: PRIMARY_PENDING → PRIMARY_PASS/CONFIRMATION_PENDING → CONFIRMED_READY, or cause-specific NOT_YET / DISCORDANT_NOT_YET / REASSESS_TECHNICAL / INSUFFICIENT_EVIDENCE / INVALID_FORM / DIAGNOSTIC_HOLD. Only CONFIRMED_READY initially closes readiness; BASELINE_MASTERY is progress reporting only.","CONFIRM-1.0: A single valid P10 pass never closes an RS. Each RS readiness cycle uses two fresh unseen equivalent P10 forms: PRIMARY then CONFIRMATION. No coaching, hints, scored-result disclosure, or targeted practice may occur between a passing PRIMARY and its CONFIRMATION. Both valid forms must satisfy the same RS P10 readiness rule. If PRIMARY fails, stop the cycle and remediate before a new cycle. If PRIMARY passes but CONFIRMATION fails, mark DISCORDANT_NOT_YET and remediate before a new cycle. Technical-invalid forms are REASSESS_TECHNICAL and do not count as valid attempts. All valid forms remain in the audit record; the system may never cherry-pick the best historical pass.","EQUIV-2.1: exact 100 COUNT-100 words; World 1 one-word display; same RS/P10, scoring version, threshold version/status, comprehension blueprint class and safety/accessibility gates; fresh unseen content; non-compensatory global + RS-specific matching; candidate must pass all tolerances embedded in the canonical v0.22 Markdown specification.","ATTEMPT-1.0: A readiness cycle is PRIMARY→CONFIRMATION. A valid failure ends that cycle. A new cycle may begin only after an intervening targeted learning block for that RS. After two consecutive failed/discordant valid cycles, set DIAGNOSTIC_HOLD and require at least two targeted non-readiness practice passages plus a documented diagnostic review before another readiness cycle. There is no unlimited back-to-back retry loop. Genuine later learning may reopen assessment after the required learning block.",PRIMARY_PENDING; PRIMARY_PASS; CONFIRMATION_PENDING; CONFIRMED_READY; NOT_YET; DISCORDANT_NOT_YET; REASSESS_TECHNICAL; INSUFFICIENT_EVIDENCE; INVALID_FORM; DIAGNOSTIC_HOLD; REVALIDATION_DUE; REVALIDATION_PENDING; CURRENT_REVALIDATED; NOT_YET_AFTER_REVALIDATION; VERSION_INVALIDATED. Only CONFIRMED_READY initially closes readiness.,EQUIV-2.1,SpeedReader_W1_BandA_Form_Equivalence_v0.22.csv,EQUIV-2.1,PROVISIONAL_STRUCTURAL,PROVISIONAL_STRUCTURAL → EMPIRICAL_REVIEW → PRODUCTION_APPROVED; SUSPENDED_RECALIBRATE on material change.,COMP-P10-1.0,,RECENCY-1.0,,,EVIDENCE-MIN-1.2,,COMP-COVERAGE-1.0,,,,,MIRROR_ONLY,SpeedReader_W1_BandA_Spec_v0.25.md,SpeedReader_W1_BandA_Spec_v0.25.md is sole normative source; v0.25 CSVs are mirrors only.,FORM-SUPPLY-1.0,PRE_GENERATED_QA_APPROVED_BANK,PROHIBITED,,,,STATE-SEP-1.0,Progress descriptors report P1/current trajectory only and cannot close readiness. BASELINE_MASTERY is allowed here.,"Use readiness_state only: PRIMARY_PENDING → PRIMARY_PASS/CONFIRMATION_PENDING → CONFIRMED_READY, or cause-specific NOT_YET / DISCORDANT_NOT_YET / REASSESS_TECHNICAL / INSUFFICIENT_EVIDENCE / INVALID_FORM / DIAGNOSTIC_HOLD. Only CONFIRMED_READY initially closes readiness; BASELINE_MASTERY is progress reporting only.",NONE,"Even if P1 meets the eventual P10 target, final readiness requires fresh P10 PRIMARY + matched CONFIRMATION."
v0.25,RS06,Hesitation control,P10,Recover from uncertainty without long silent stalls.,"Pauses before ordinary words become shorter over time; a difficult word may cause a pause, but the learner resumes calmly.",long_hesitations_2s = count of non-punctuation silent gaps >2 s; longest_hesitation; exclude recording faults and ASR-uncertain segments.,≤3 with no unexplained silence >6 s.,At P10: ≤3 >2-second hesitations per 100 assessable words and no unexplained silence >6 s.,PROVISIONAL_PILOT,Use same-RS valid P10 evidence under the canonical readiness specification.,"Use readiness_state only: PRIMARY_PENDING → PRIMARY_PASS/CONFIRMATION_PENDING → CONFIRMED_READY, or cause-specific NOT_YET / DISCORDANT_NOT_YET / REASSESS_TECHNICAL / INSUFFICIENT_EVIDENCE / INVALID_FORM / DIAGNOSTIC_HOLD. Only CONFIRMED_READY initially closes readiness; BASELINE_MASTERY is progress reporting only.","CONFIRM-1.0: A single valid P10 pass never closes an RS. Each RS readiness cycle uses two fresh unseen equivalent P10 forms: PRIMARY then CONFIRMATION. No coaching, hints, scored-result disclosure, or targeted practice may occur between a passing PRIMARY and its CONFIRMATION. Both valid forms must satisfy the same RS P10 readiness rule. If PRIMARY fails, stop the cycle and remediate before a new cycle. If PRIMARY passes but CONFIRMATION fails, mark DISCORDANT_NOT_YET and remediate before a new cycle. Technical-invalid forms are REASSESS_TECHNICAL and do not count as valid attempts. All valid forms remain in the audit record; the system may never cherry-pick the best historical pass.","EQUIV-2.1: exact 100 COUNT-100 words; World 1 one-word display; same RS/P10, scoring version, threshold version/status, comprehension blueprint class and safety/accessibility gates; fresh unseen content; non-compensatory global + RS-specific matching; candidate must pass all tolerances embedded in the canonical v0.22 Markdown specification.","ATTEMPT-1.0: A readiness cycle is PRIMARY→CONFIRMATION. A valid failure ends that cycle. A new cycle may begin only after an intervening targeted learning block for that RS. After two consecutive failed/discordant valid cycles, set DIAGNOSTIC_HOLD and require at least two targeted non-readiness practice passages plus a documented diagnostic review before another readiness cycle. There is no unlimited back-to-back retry loop. Genuine later learning may reopen assessment after the required learning block.",PRIMARY_PENDING; PRIMARY_PASS; CONFIRMATION_PENDING; CONFIRMED_READY; NOT_YET; DISCORDANT_NOT_YET; REASSESS_TECHNICAL; INSUFFICIENT_EVIDENCE; INVALID_FORM; DIAGNOSTIC_HOLD; REVALIDATION_DUE; REVALIDATION_PENDING; CURRENT_REVALIDATED; NOT_YET_AFTER_REVALIDATION; VERSION_INVALIDATED. Only CONFIRMED_READY initially closes readiness.,EQUIV-2.1,SpeedReader_W1_BandA_Form_Equivalence_v0.22.csv,EQUIV-2.1,PROVISIONAL_STRUCTURAL,PROVISIONAL_STRUCTURAL → EMPIRICAL_REVIEW → PRODUCTION_APPROVED; SUSPENDED_RECALIBRATE on material change.,COMP-P10-1.0,"First-attempt independent mastery = at least 3/4 correct AND the designated primary-skill item correct, before any hint, targeted reread, answer feedback, narrowing, worked example, or remediation. Comprehension readiness requires two independent first-attempt passes on fresh matched forms: COMP_PRIMARY_PASS then COMP_CONFIRMATION_PASS. No targeted comprehension coaching, hinting, answer explanation, or missed-item disclosure occurs between a passing PRIMARY and its CONFIRMATION. Both forms use the same P10 blueprint class but fresh passage evidence and fresh question wording. Only COMPREHENSION_CONFIRMED contributes to Band-A readiness.",RECENCY-1.0,Readiness evidence remains CURRENT until the first of: >56 calendar days since the latest passing same-RS confirmation/revalidation; >16 subsequent valid Band-A assessment/remediation sessions; or >28 consecutive calendar days with no SpeedReader learning session. Material scoring/threshold-version changes invalidate evidence immediately rather than merely making it stale. These numeric limits are PROVISIONAL_PILOT and require later calibration.,"When evidence is REVALIDATION_DUE only because of recency/inactivity, use one fresh unseen EQUIV-2.1 same-RS P10 revalidation form. Score oral and comprehension streams independently before any targeted feedback. A passing stream renews only that stream's freshness anchor. A valid failing stream becomes NOT_YET and requires targeted remediation followed by a new full PRIMARY→CONFIRMATION cycle for that stream. Technical invalidity does not count as failure and does not reset freshness until valid evidence is obtained.",EVIDENCE-MIN-1.2,At least 90 assessable words with valid timing coverage; each passage third must contribute at least 28 assessable words.,COMP-COVERAGE-1.0,Q1 D1: Direct recall | Q2 D6: Main idea | Q3 D5: Feelings/motivation | Q4 D9: Judgment/application,,,,MIRROR_ONLY,SpeedReader_W1_BandA_Spec_v0.25.md,SpeedReader_W1_BandA_Spec_v0.25.md is sole normative source; v0.25 CSVs are mirrors only.,FORM-SUPPLY-1.0,PRE_GENERATED_QA_APPROVED_BANK,PROHIBITED,,,,STATE-SEP-1.0,Progress descriptors report P1/current trajectory only and cannot close readiness. BASELINE_MASTERY is allowed here.,"Use readiness_state only: PRIMARY_PENDING → PRIMARY_PASS/CONFIRMATION_PENDING → CONFIRMED_READY, or cause-specific NOT_YET / DISCORDANT_NOT_YET / REASSESS_TECHNICAL / INSUFFICIENT_EVIDENCE / INVALID_FORM / DIAGNOSTIC_HOLD. Only CONFIRMED_READY initially closes readiness; BASELINE_MASTERY is progress reporting only.",NONE,"Even if P1 meets the eventual P10 target, final readiness requires fresh P10 PRIMARY + matched CONFIRMATION."
v0.25,RS07,Error monitoring & efficient repair,P1,"Maintain accurate reading by noticing and efficiently repairing genuine misreads when they occur, without requiring the passage to manufacture an error.","When a genuine misread occurs, the learner repairs the word or very short phrase promptly and continues locally. When too few natural errors occur to estimate repair rate, readiness may be supported only by sustained recent clean-reading evidence; that pathway must not be labelled as direct self-correction demonstration.",eligible_errors; timely_self_corrected_errors; uncorrected_eligible_errors; self_correction_rate = timely_self_corrected_errors / eligible_errors when eligible_errors ≥3; correction_latency_seconds; correction_triggered_full_restarts; recent_valid_RS07_samples; recent_assessable_words; recent_first_pass_accuracy.,Observe natural error-monitoring/repair behaviour; no opportunity = NO_OPPORTUNITY.,"P10 uses two non-equivalent evidence pathways over the recent RS07 evidence window (normally P8, P9, P10, same scoring version). DIRECT_REPAIR path: if ≥3 eligible natural errors occur, ≥80% must be self-corrected within 3 s, with ≤1 correction-triggered full restart and ≤1 uncorrected eligible error. CLEAN_READING path: if <3 eligible errors occur, require ≥3 valid recent RS07 samples including P10, ≥300 assessable words total, recent first-pass accuracy ≥99%, zero uncorrected eligible errors, and zero correction-triggered full restarts. DIRECT_REPAIR may yield READY_REPAIR_DEMONSTRATED. CLEAN_READING may yield READY_CLEAN_READING_EVIDENCE but must not be described as direct self-correction demonstration. Otherwise assign REASSESS_RS07_EVIDENCE when evidence is insufficient, or NOT_YET when valid evidence shows unresolved repair errors.",PROVISIONAL_PILOT,"RS07 readiness cannot be assigned from a single no-error P10 passage. Use a recent same-RS evidence window under the same scoring version. Direct self-correction is demonstrated only when ≥3 eligible natural errors support the repair-rate calculation. If fewer opportunities occur, a separate clean-reading readiness pathway requires ≥3 valid recent RS07 samples including P10 and ≥300 assessable words. Do not deliberately induce errors.","Use readiness_state only: PRIMARY_PENDING → PRIMARY_PASS/CONFIRMATION_PENDING → CONFIRMED_READY, or cause-specific NOT_YET / DISCORDANT_NOT_YET / REASSESS_TECHNICAL / INSUFFICIENT_EVIDENCE / INVALID_FORM / DIAGNOSTIC_HOLD. Only CONFIRMED_READY initially closes readiness; BASELINE_MASTERY is progress reporting only.","CONFIRM-1.0: A single valid P10 pass never closes an RS. Each RS readiness cycle uses two fresh unseen equivalent P10 forms: PRIMARY then CONFIRMATION. No coaching, hints, scored-result disclosure, or targeted practice may occur between a passing PRIMARY and its CONFIRMATION. Both valid forms must satisfy the same RS P10 readiness rule. If PRIMARY fails, stop the cycle and remediate before a new cycle. If PRIMARY passes but CONFIRMATION fails, mark DISCORDANT_NOT_YET and remediate before a new cycle. Technical-invalid forms are REASSESS_TECHNICAL and do not count as valid attempts. All valid forms remain in the audit record; the system may never cherry-pick the best historical pass.","EQUIV-2.1: exact 100 COUNT-100 words; World 1 one-word display; same RS/P10, scoring version, threshold version/status, comprehension blueprint class and safety/accessibility gates; fresh unseen content; non-compensatory global + RS-specific matching; candidate must pass all tolerances embedded in the canonical v0.22 Markdown specification.","ATTEMPT-1.0: A readiness cycle is PRIMARY→CONFIRMATION. A valid failure ends that cycle. A new cycle may begin only after an intervening targeted learning block for that RS. After two consecutive failed/discordant valid cycles, set DIAGNOSTIC_HOLD and require at least two targeted non-readiness practice passages plus a documented diagnostic review before another readiness cycle. There is no unlimited back-to-back retry loop. Genuine later learning may reopen assessment after the required learning block.",PRIMARY_PENDING; PRIMARY_PASS; CONFIRMATION_PENDING; CONFIRMED_READY; NOT_YET; DISCORDANT_NOT_YET; REASSESS_TECHNICAL; INSUFFICIENT_EVIDENCE; INVALID_FORM; DIAGNOSTIC_HOLD; REVALIDATION_DUE; REVALIDATION_PENDING; CURRENT_REVALIDATED; NOT_YET_AFTER_REVALIDATION; VERSION_INVALIDATED. Only CONFIRMED_READY initially closes readiness.,EQUIV-2.1,SpeedReader_W1_BandA_Form_Equivalence_v0.22.csv,EQUIV-2.1,PROVISIONAL_STRUCTURAL,PROVISIONAL_STRUCTURAL → EMPIRICAL_REVIEW → PRODUCTION_APPROVED; SUSPENDED_RECALIBRATE on material change.,COMP-P10-1.0,,RECENCY-1.0,,,EVIDENCE-MIN-1.2,,COMP-COVERAGE-1.0,,,,,MIRROR_ONLY,SpeedReader_W1_BandA_Spec_v0.25.md,SpeedReader_W1_BandA_Spec_v0.25.md is sole normative source; v0.25 CSVs are mirrors only.,FORM-SUPPLY-1.0,PRE_GENERATED_QA_APPROVED_BANK,PROHIBITED,,,,STATE-SEP-1.0,Progress descriptors report P1/current trajectory only and cannot close readiness. BASELINE_MASTERY is allowed here.,"Use readiness_state only: PRIMARY_PENDING → PRIMARY_PASS/CONFIRMATION_PENDING → CONFIRMED_READY, or cause-specific NOT_YET / DISCORDANT_NOT_YET / REASSESS_TECHNICAL / INSUFFICIENT_EVIDENCE / INVALID_FORM / DIAGNOSTIC_HOLD. Only CONFIRMED_READY initially closes readiness; BASELINE_MASTERY is progress reporting only.",RS07 only: REPAIR_DEMONSTRATED or CLEAN_READING_EVIDENCE; other RS use NONE. Subtype never replaces readiness_state.,"Even if P1 meets the eventual P10 target, final readiness requires fresh P10 PRIMARY + matched CONFIRMATION."
v0.25,RS07,Error monitoring & efficient repair,P2,"Maintain accurate reading by noticing and efficiently repairing genuine misreads when they occur, without requiring the passage to manufacture an error.","When a genuine misread occurs, the learner repairs the word or very short phrase promptly and continues locally. When too few natural errors occur to estimate repair rate, readiness may be supported only by sustained recent clean-reading evidence; that pathway must not be labelled as direct self-correction demonstration.",eligible_errors; timely_self_corrected_errors; uncorrected_eligible_errors; self_correction_rate = timely_self_corrected_errors / eligible_errors when eligible_errors ≥3; correction_latency_seconds; correction_triggered_full_restarts; recent_valid_RS07_samples; recent_assessable_words; recent_first_pass_accuracy.,Reinforce local spontaneous repair; no opportunity remains NO_OPPORTUNITY.,"P10 uses two non-equivalent evidence pathways over the recent RS07 evidence window (normally P8, P9, P10, same scoring version). DIRECT_REPAIR path: if ≥3 eligible natural errors occur, ≥80% must be self-corrected within 3 s, with ≤1 correction-triggered full restart and ≤1 uncorrected eligible error. CLEAN_READING path: if <3 eligible errors occur, require ≥3 valid recent RS07 samples including P10, ≥300 assessable words total, recent first-pass accuracy ≥99%, zero uncorrected eligible errors, and zero correction-triggered full restarts. DIRECT_REPAIR may yield READY_REPAIR_DEMONSTRATED. CLEAN_READING may yield READY_CLEAN_READING_EVIDENCE but must not be described as direct self-correction demonstration. Otherwise assign REASSESS_RS07_EVIDENCE when evidence is insufficient, or NOT_YET when valid evidence shows unresolved repair errors.",PROVISIONAL_PILOT,"RS07 readiness cannot be assigned from a single no-error P10 passage. Use a recent same-RS evidence window under the same scoring version. Direct self-correction is demonstrated only when ≥3 eligible natural errors support the repair-rate calculation. If fewer opportunities occur, a separate clean-reading readiness pathway requires ≥3 valid recent RS07 samples including P10 and ≥300 assessable words. Do not deliberately induce errors.","Use readiness_state only: PRIMARY_PENDING → PRIMARY_PASS/CONFIRMATION_PENDING → CONFIRMED_READY, or cause-specific NOT_YET / DISCORDANT_NOT_YET / REASSESS_TECHNICAL / INSUFFICIENT_EVIDENCE / INVALID_FORM / DIAGNOSTIC_HOLD. Only CONFIRMED_READY initially closes readiness; BASELINE_MASTERY is progress reporting only.","CONFIRM-1.0: A single valid P10 pass never closes an RS. Each RS readiness cycle uses two fresh unseen equivalent P10 forms: PRIMARY then CONFIRMATION. No coaching, hints, scored-result disclosure, or targeted practice may occur between a passing PRIMARY and its CONFIRMATION. Both valid forms must satisfy the same RS P10 readiness rule. If PRIMARY fails, stop the cycle and remediate before a new cycle. If PRIMARY passes but CONFIRMATION fails, mark DISCORDANT_NOT_YET and remediate before a new cycle. Technical-invalid forms are REASSESS_TECHNICAL and do not count as valid attempts. All valid forms remain in the audit record; the system may never cherry-pick the best historical pass.","EQUIV-2.1: exact 100 COUNT-100 words; World 1 one-word display; same RS/P10, scoring version, threshold version/status, comprehension blueprint class and safety/accessibility gates; fresh unseen content; non-compensatory global + RS-specific matching; candidate must pass all tolerances embedded in the canonical v0.22 Markdown specification.","ATTEMPT-1.0: A readiness cycle is PRIMARY→CONFIRMATION. A valid failure ends that cycle. A new cycle may begin only after an intervening targeted learning block for that RS. After two consecutive failed/discordant valid cycles, set DIAGNOSTIC_HOLD and require at least two targeted non-readiness practice passages plus a documented diagnostic review before another readiness cycle. There is no unlimited back-to-back retry loop. Genuine later learning may reopen assessment after the required learning block.",PRIMARY_PENDING; PRIMARY_PASS; CONFIRMATION_PENDING; CONFIRMED_READY; NOT_YET; DISCORDANT_NOT_YET; REASSESS_TECHNICAL; INSUFFICIENT_EVIDENCE; INVALID_FORM; DIAGNOSTIC_HOLD; REVALIDATION_DUE; REVALIDATION_PENDING; CURRENT_REVALIDATED; NOT_YET_AFTER_REVALIDATION; VERSION_INVALIDATED. Only CONFIRMED_READY initially closes readiness.,EQUIV-2.1,SpeedReader_W1_BandA_Form_Equivalence_v0.22.csv,EQUIV-2.1,PROVISIONAL_STRUCTURAL,PROVISIONAL_STRUCTURAL → EMPIRICAL_REVIEW → PRODUCTION_APPROVED; SUSPENDED_RECALIBRATE on material change.,COMP-P10-1.0,,RECENCY-1.0,,,EVIDENCE-MIN-1.2,,COMP-COVERAGE-1.0,,,,,MIRROR_ONLY,SpeedReader_W1_BandA_Spec_v0.25.md,SpeedReader_W1_BandA_Spec_v0.25.md is sole normative source; v0.25 CSVs are mirrors only.,FORM-SUPPLY-1.0,PRE_GENERATED_QA_APPROVED_BANK,PROHIBITED,,,,STATE-SEP-1.0,Progress descriptors report P1/current trajectory only and cannot close readiness. BASELINE_MASTERY is allowed here.,"Use readiness_state only: PRIMARY_PENDING → PRIMARY_PASS/CONFIRMATION_PENDING → CONFIRMED_READY, or cause-specific NOT_YET / DISCORDANT_NOT_YET / REASSESS_TECHNICAL / INSUFFICIENT_EVIDENCE / INVALID_FORM / DIAGNOSTIC_HOLD. Only CONFIRMED_READY initially closes readiness; BASELINE_MASTERY is progress reporting only.",RS07 only: REPAIR_DEMONSTRATED or CLEAN_READING_EVIDENCE; other RS use NONE. Subtype never replaces readiness_state.,"Even if P1 meets the eventual P10 target, final readiness requires fresh P10 PRIMARY + matched CONFIRMATION."
v0.25,RS07,Error monitoring & efficient repair,P3,"Maintain accurate reading by noticing and efficiently repairing genuine misreads when they occur, without requiring the passage to manufacture an error.","When a genuine misread occurs, the learner repairs the word or very short phrase promptly and continues locally. When too few natural errors occur to estimate repair rate, readiness may be supported only by sustained recent clean-reading evidence; that pathway must not be labelled as direct self-correction demonstration.",eligible_errors; timely_self_corrected_errors; uncorrected_eligible_errors; self_correction_rate = timely_self_corrected_errors / eligible_errors when eligible_errors ≥3; correction_latency_seconds; correction_triggered_full_restarts; recent_valid_RS07_samples; recent_assessable_words; recent_first_pass_accuracy.,"If natural errors occur, target ≥40% accepted repair; otherwise NO_OPPORTUNITY.","P10 uses two non-equivalent evidence pathways over the recent RS07 evidence window (normally P8, P9, P10, same scoring version). DIRECT_REPAIR path: if ≥3 eligible natural errors occur, ≥80% must be self-corrected within 3 s, with ≤1 correction-triggered full restart and ≤1 uncorrected eligible error. CLEAN_READING path: if <3 eligible errors occur, require ≥3 valid recent RS07 samples including P10, ≥300 assessable words total, recent first-pass accuracy ≥99%, zero uncorrected eligible errors, and zero correction-triggered full restarts. DIRECT_REPAIR may yield READY_REPAIR_DEMONSTRATED. CLEAN_READING may yield READY_CLEAN_READING_EVIDENCE but must not be described as direct self-correction demonstration. Otherwise assign REASSESS_RS07_EVIDENCE when evidence is insufficient, or NOT_YET when valid evidence shows unresolved repair errors.",PROVISIONAL_PILOT,"RS07 readiness cannot be assigned from a single no-error P10 passage. Use a recent same-RS evidence window under the same scoring version. Direct self-correction is demonstrated only when ≥3 eligible natural errors support the repair-rate calculation. If fewer opportunities occur, a separate clean-reading readiness pathway requires ≥3 valid recent RS07 samples including P10 and ≥300 assessable words. Do not deliberately induce errors.","Use readiness_state only: PRIMARY_PENDING → PRIMARY_PASS/CONFIRMATION_PENDING → CONFIRMED_READY, or cause-specific NOT_YET / DISCORDANT_NOT_YET / REASSESS_TECHNICAL / INSUFFICIENT_EVIDENCE / INVALID_FORM / DIAGNOSTIC_HOLD. Only CONFIRMED_READY initially closes readiness; BASELINE_MASTERY is progress reporting only.","CONFIRM-1.0: A single valid P10 pass never closes an RS. Each RS readiness cycle uses two fresh unseen equivalent P10 forms: PRIMARY then CONFIRMATION. No coaching, hints, scored-result disclosure, or targeted practice may occur between a passing PRIMARY and its CONFIRMATION. Both valid forms must satisfy the same RS P10 readiness rule. If PRIMARY fails, stop the cycle and remediate before a new cycle. If PRIMARY passes but CONFIRMATION fails, mark DISCORDANT_NOT_YET and remediate before a new cycle. Technical-invalid forms are REASSESS_TECHNICAL and do not count as valid attempts. All valid forms remain in the audit record; the system may never cherry-pick the best historical pass.","EQUIV-2.1: exact 100 COUNT-100 words; World 1 one-word display; same RS/P10, scoring version, threshold version/status, comprehension blueprint class and safety/accessibility gates; fresh unseen content; non-compensatory global + RS-specific matching; candidate must pass all tolerances embedded in the canonical v0.22 Markdown specification.","ATTEMPT-1.0: A readiness cycle is PRIMARY→CONFIRMATION. A valid failure ends that cycle. A new cycle may begin only after an intervening targeted learning block for that RS. After two consecutive failed/discordant valid cycles, set DIAGNOSTIC_HOLD and require at least two targeted non-readiness practice passages plus a documented diagnostic review before another readiness cycle. There is no unlimited back-to-back retry loop. Genuine later learning may reopen assessment after the required learning block.",PRIMARY_PENDING; PRIMARY_PASS; CONFIRMATION_PENDING; CONFIRMED_READY; NOT_YET; DISCORDANT_NOT_YET; REASSESS_TECHNICAL; INSUFFICIENT_EVIDENCE; INVALID_FORM; DIAGNOSTIC_HOLD; REVALIDATION_DUE; REVALIDATION_PENDING; CURRENT_REVALIDATED; NOT_YET_AFTER_REVALIDATION; VERSION_INVALIDATED. Only CONFIRMED_READY initially closes readiness.,EQUIV-2.1,SpeedReader_W1_BandA_Form_Equivalence_v0.22.csv,EQUIV-2.1,PROVISIONAL_STRUCTURAL,PROVISIONAL_STRUCTURAL → EMPIRICAL_REVIEW → PRODUCTION_APPROVED; SUSPENDED_RECALIBRATE on material change.,COMP-P10-1.0,,RECENCY-1.0,,,EVIDENCE-MIN-1.2,,COMP-COVERAGE-1.0,,,,,MIRROR_ONLY,SpeedReader_W1_BandA_Spec_v0.25.md,SpeedReader_W1_BandA_Spec_v0.25.md is sole normative source; v0.25 CSVs are mirrors only.,FORM-SUPPLY-1.0,PRE_GENERATED_QA_APPROVED_BANK,PROHIBITED,,,,STATE-SEP-1.0,Progress descriptors report P1/current trajectory only and cannot close readiness. BASELINE_MASTERY is allowed here.,"Use readiness_state only: PRIMARY_PENDING → PRIMARY_PASS/CONFIRMATION_PENDING → CONFIRMED_READY, or cause-specific NOT_YET / DISCORDANT_NOT_YET / REASSESS_TECHNICAL / INSUFFICIENT_EVIDENCE / INVALID_FORM / DIAGNOSTIC_HOLD. Only CONFIRMED_READY initially closes readiness; BASELINE_MASTERY is progress reporting only.",RS07 only: REPAIR_DEMONSTRATED or CLEAN_READING_EVIDENCE; other RS use NONE. Subtype never replaces readiness_state.,"Even if P1 meets the eventual P10 target, final readiness requires fresh P10 PRIMARY + matched CONFIRMATION."
v0.25,RS07,Error monitoring & efficient repair,P4,"Maintain accurate reading by noticing and efficiently repairing genuine misreads when they occur, without requiring the passage to manufacture an error.","When a genuine misread occurs, the learner repairs the word or very short phrase promptly and continues locally. When too few natural errors occur to estimate repair rate, readiness may be supported only by sustained recent clean-reading evidence; that pathway must not be labelled as direct self-correction demonstration.",eligible_errors; timely_self_corrected_errors; uncorrected_eligible_errors; self_correction_rate = timely_self_corrected_errors / eligible_errors when eligible_errors ≥3; correction_latency_seconds; correction_triggered_full_restarts; recent_valid_RS07_samples; recent_assessable_words; recent_first_pass_accuracy.,"If natural errors occur, target ≥50% accepted repair.","P10 uses two non-equivalent evidence pathways over the recent RS07 evidence window (normally P8, P9, P10, same scoring version). DIRECT_REPAIR path: if ≥3 eligible natural errors occur, ≥80% must be self-corrected within 3 s, with ≤1 correction-triggered full restart and ≤1 uncorrected eligible error. CLEAN_READING path: if <3 eligible errors occur, require ≥3 valid recent RS07 samples including P10, ≥300 assessable words total, recent first-pass accuracy ≥99%, zero uncorrected eligible errors, and zero correction-triggered full restarts. DIRECT_REPAIR may yield READY_REPAIR_DEMONSTRATED. CLEAN_READING may yield READY_CLEAN_READING_EVIDENCE but must not be described as direct self-correction demonstration. Otherwise assign REASSESS_RS07_EVIDENCE when evidence is insufficient, or NOT_YET when valid evidence shows unresolved repair errors.",PROVISIONAL_PILOT,"RS07 readiness cannot be assigned from a single no-error P10 passage. Use a recent same-RS evidence window under the same scoring version. Direct self-correction is demonstrated only when ≥3 eligible natural errors support the repair-rate calculation. If fewer opportunities occur, a separate clean-reading readiness pathway requires ≥3 valid recent RS07 samples including P10 and ≥300 assessable words. Do not deliberately induce errors.","Use readiness_state only: PRIMARY_PENDING → PRIMARY_PASS/CONFIRMATION_PENDING → CONFIRMED_READY, or cause-specific NOT_YET / DISCORDANT_NOT_YET / REASSESS_TECHNICAL / INSUFFICIENT_EVIDENCE / INVALID_FORM / DIAGNOSTIC_HOLD. Only CONFIRMED_READY initially closes readiness; BASELINE_MASTERY is progress reporting only.","CONFIRM-1.0: A single valid P10 pass never closes an RS. Each RS readiness cycle uses two fresh unseen equivalent P10 forms: PRIMARY then CONFIRMATION. No coaching, hints, scored-result disclosure, or targeted practice may occur between a passing PRIMARY and its CONFIRMATION. Both valid forms must satisfy the same RS P10 readiness rule. If PRIMARY fails, stop the cycle and remediate before a new cycle. If PRIMARY passes but CONFIRMATION fails, mark DISCORDANT_NOT_YET and remediate before a new cycle. Technical-invalid forms are REASSESS_TECHNICAL and do not count as valid attempts. All valid forms remain in the audit record; the system may never cherry-pick the best historical pass.","EQUIV-2.1: exact 100 COUNT-100 words; World 1 one-word display; same RS/P10, scoring version, threshold version/status, comprehension blueprint class and safety/accessibility gates; fresh unseen content; non-compensatory global + RS-specific matching; candidate must pass all tolerances embedded in the canonical v0.22 Markdown specification.","ATTEMPT-1.0: A readiness cycle is PRIMARY→CONFIRMATION. A valid failure ends that cycle. A new cycle may begin only after an intervening targeted learning block for that RS. After two consecutive failed/discordant valid cycles, set DIAGNOSTIC_HOLD and require at least two targeted non-readiness practice passages plus a documented diagnostic review before another readiness cycle. There is no unlimited back-to-back retry loop. Genuine later learning may reopen assessment after the required learning block.",PRIMARY_PENDING; PRIMARY_PASS; CONFIRMATION_PENDING; CONFIRMED_READY; NOT_YET; DISCORDANT_NOT_YET; REASSESS_TECHNICAL; INSUFFICIENT_EVIDENCE; INVALID_FORM; DIAGNOSTIC_HOLD; REVALIDATION_DUE; REVALIDATION_PENDING; CURRENT_REVALIDATED; NOT_YET_AFTER_REVALIDATION; VERSION_INVALIDATED. Only CONFIRMED_READY initially closes readiness.,EQUIV-2.1,SpeedReader_W1_BandA_Form_Equivalence_v0.22.csv,EQUIV-2.1,PROVISIONAL_STRUCTURAL,PROVISIONAL_STRUCTURAL → EMPIRICAL_REVIEW → PRODUCTION_APPROVED; SUSPENDED_RECALIBRATE on material change.,COMP-P10-1.0,,RECENCY-1.0,,,EVIDENCE-MIN-1.2,,COMP-COVERAGE-1.0,,,,,MIRROR_ONLY,SpeedReader_W1_BandA_Spec_v0.25.md,SpeedReader_W1_BandA_Spec_v0.25.md is sole normative source; v0.25 CSVs are mirrors only.,FORM-SUPPLY-1.0,PRE_GENERATED_QA_APPROVED_BANK,PROHIBITED,,,,STATE-SEP-1.0,Progress descriptors report P1/current trajectory only and cannot close readiness. BASELINE_MASTERY is allowed here.,"Use readiness_state only: PRIMARY_PENDING → PRIMARY_PASS/CONFIRMATION_PENDING → CONFIRMED_READY, or cause-specific NOT_YET / DISCORDANT_NOT_YET / REASSESS_TECHNICAL / INSUFFICIENT_EVIDENCE / INVALID_FORM / DIAGNOSTIC_HOLD. Only CONFIRMED_READY initially closes readiness; BASELINE_MASTERY is progress reporting only.",RS07 only: REPAIR_DEMONSTRATED or CLEAN_READING_EVIDENCE; other RS use NONE. Subtype never replaces readiness_state.,"Even if P1 meets the eventual P10 target, final readiness requires fresh P10 PRIMARY + matched CONFIRMATION."
v0.25,RS07,Error monitoring & efficient repair,P5,"Maintain accurate reading by noticing and efficiently repairing genuine misreads when they occur, without requiring the passage to manufacture an error.","When a genuine misread occurs, the learner repairs the word or very short phrase promptly and continues locally. When too few natural errors occur to estimate repair rate, readiness may be supported only by sustained recent clean-reading evidence; that pathway must not be labelled as direct self-correction demonstration.",eligible_errors; timely_self_corrected_errors; uncorrected_eligible_errors; self_correction_rate = timely_self_corrected_errors / eligible_errors when eligible_errors ≥3; correction_latency_seconds; correction_triggered_full_restarts; recent_valid_RS07_samples; recent_assessable_words; recent_first_pass_accuracy.,Target ≥55%; correction normally limited to word/short phrase.,"P10 uses two non-equivalent evidence pathways over the recent RS07 evidence window (normally P8, P9, P10, same scoring version). DIRECT_REPAIR path: if ≥3 eligible natural errors occur, ≥80% must be self-corrected within 3 s, with ≤1 correction-triggered full restart and ≤1 uncorrected eligible error. CLEAN_READING path: if <3 eligible errors occur, require ≥3 valid recent RS07 samples including P10, ≥300 assessable words total, recent first-pass accuracy ≥99%, zero uncorrected eligible errors, and zero correction-triggered full restarts. DIRECT_REPAIR may yield READY_REPAIR_DEMONSTRATED. CLEAN_READING may yield READY_CLEAN_READING_EVIDENCE but must not be described as direct self-correction demonstration. Otherwise assign REASSESS_RS07_EVIDENCE when evidence is insufficient, or NOT_YET when valid evidence shows unresolved repair errors.",PROVISIONAL_PILOT,"RS07 readiness cannot be assigned from a single no-error P10 passage. Use a recent same-RS evidence window under the same scoring version. Direct self-correction is demonstrated only when ≥3 eligible natural errors support the repair-rate calculation. If fewer opportunities occur, a separate clean-reading readiness pathway requires ≥3 valid recent RS07 samples including P10 and ≥300 assessable words. Do not deliberately induce errors.","Use readiness_state only: PRIMARY_PENDING → PRIMARY_PASS/CONFIRMATION_PENDING → CONFIRMED_READY, or cause-specific NOT_YET / DISCORDANT_NOT_YET / REASSESS_TECHNICAL / INSUFFICIENT_EVIDENCE / INVALID_FORM / DIAGNOSTIC_HOLD. Only CONFIRMED_READY initially closes readiness; BASELINE_MASTERY is progress reporting only.","CONFIRM-1.0: A single valid P10 pass never closes an RS. Each RS readiness cycle uses two fresh unseen equivalent P10 forms: PRIMARY then CONFIRMATION. No coaching, hints, scored-result disclosure, or targeted practice may occur between a passing PRIMARY and its CONFIRMATION. Both valid forms must satisfy the same RS P10 readiness rule. If PRIMARY fails, stop the cycle and remediate before a new cycle. If PRIMARY passes but CONFIRMATION fails, mark DISCORDANT_NOT_YET and remediate before a new cycle. Technical-invalid forms are REASSESS_TECHNICAL and do not count as valid attempts. All valid forms remain in the audit record; the system may never cherry-pick the best historical pass.","EQUIV-2.1: exact 100 COUNT-100 words; World 1 one-word display; same RS/P10, scoring version, threshold version/status, comprehension blueprint class and safety/accessibility gates; fresh unseen content; non-compensatory global + RS-specific matching; candidate must pass all tolerances embedded in the canonical v0.22 Markdown specification.","ATTEMPT-1.0: A readiness cycle is PRIMARY→CONFIRMATION. A valid failure ends that cycle. A new cycle may begin only after an intervening targeted learning block for that RS. After two consecutive failed/discordant valid cycles, set DIAGNOSTIC_HOLD and require at least two targeted non-readiness practice passages plus a documented diagnostic review before another readiness cycle. There is no unlimited back-to-back retry loop. Genuine later learning may reopen assessment after the required learning block.",PRIMARY_PENDING; PRIMARY_PASS; CONFIRMATION_PENDING; CONFIRMED_READY; NOT_YET; DISCORDANT_NOT_YET; REASSESS_TECHNICAL; INSUFFICIENT_EVIDENCE; INVALID_FORM; DIAGNOSTIC_HOLD; REVALIDATION_DUE; REVALIDATION_PENDING; CURRENT_REVALIDATED; NOT_YET_AFTER_REVALIDATION; VERSION_INVALIDATED. Only CONFIRMED_READY initially closes readiness.,EQUIV-2.1,SpeedReader_W1_BandA_Form_Equivalence_v0.22.csv,EQUIV-2.1,PROVISIONAL_STRUCTURAL,PROVISIONAL_STRUCTURAL → EMPIRICAL_REVIEW → PRODUCTION_APPROVED; SUSPENDED_RECALIBRATE on material change.,COMP-P10-1.0,,RECENCY-1.0,,,EVIDENCE-MIN-1.2,,COMP-COVERAGE-1.0,,,,,MIRROR_ONLY,SpeedReader_W1_BandA_Spec_v0.25.md,SpeedReader_W1_BandA_Spec_v0.25.md is sole normative source; v0.25 CSVs are mirrors only.,FORM-SUPPLY-1.0,PRE_GENERATED_QA_APPROVED_BANK,PROHIBITED,,,,STATE-SEP-1.0,Progress descriptors report P1/current trajectory only and cannot close readiness. BASELINE_MASTERY is allowed here.,"Use readiness_state only: PRIMARY_PENDING → PRIMARY_PASS/CONFIRMATION_PENDING → CONFIRMED_READY, or cause-specific NOT_YET / DISCORDANT_NOT_YET / REASSESS_TECHNICAL / INSUFFICIENT_EVIDENCE / INVALID_FORM / DIAGNOSTIC_HOLD. Only CONFIRMED_READY initially closes readiness; BASELINE_MASTERY is progress reporting only.",RS07 only: REPAIR_DEMONSTRATED or CLEAN_READING_EVIDENCE; other RS use NONE. Subtype never replaces readiness_state.,"Even if P1 meets the eventual P10 target, final readiness requires fresh P10 PRIMARY + matched CONFIRMATION."
v0.25,RS07,Error monitoring & efficient repair,P6,"Maintain accurate reading by noticing and efficiently repairing genuine misreads when they occur, without requiring the passage to manufacture an error.","When a genuine misread occurs, the learner repairs the word or very short phrase promptly and continues locally. When too few natural errors occur to estimate repair rate, readiness may be supported only by sustained recent clean-reading evidence; that pathway must not be labelled as direct self-correction demonstration.",eligible_errors; timely_self_corrected_errors; uncorrected_eligible_errors; self_correction_rate = timely_self_corrected_errors / eligible_errors when eligible_errors ≥3; correction_latency_seconds; correction_triggered_full_restarts; recent_valid_RS07_samples; recent_assessable_words; recent_first_pass_accuracy.,Target ≥60%.,"P10 uses two non-equivalent evidence pathways over the recent RS07 evidence window (normally P8, P9, P10, same scoring version). DIRECT_REPAIR path: if ≥3 eligible natural errors occur, ≥80% must be self-corrected within 3 s, with ≤1 correction-triggered full restart and ≤1 uncorrected eligible error. CLEAN_READING path: if <3 eligible errors occur, require ≥3 valid recent RS07 samples including P10, ≥300 assessable words total, recent first-pass accuracy ≥99%, zero uncorrected eligible errors, and zero correction-triggered full restarts. DIRECT_REPAIR may yield READY_REPAIR_DEMONSTRATED. CLEAN_READING may yield READY_CLEAN_READING_EVIDENCE but must not be described as direct self-correction demonstration. Otherwise assign REASSESS_RS07_EVIDENCE when evidence is insufficient, or NOT_YET when valid evidence shows unresolved repair errors.",PROVISIONAL_PILOT,"RS07 readiness cannot be assigned from a single no-error P10 passage. Use a recent same-RS evidence window under the same scoring version. Direct self-correction is demonstrated only when ≥3 eligible natural errors support the repair-rate calculation. If fewer opportunities occur, a separate clean-reading readiness pathway requires ≥3 valid recent RS07 samples including P10 and ≥300 assessable words. Do not deliberately induce errors.","Use readiness_state only: PRIMARY_PENDING → PRIMARY_PASS/CONFIRMATION_PENDING → CONFIRMED_READY, or cause-specific NOT_YET / DISCORDANT_NOT_YET / REASSESS_TECHNICAL / INSUFFICIENT_EVIDENCE / INVALID_FORM / DIAGNOSTIC_HOLD. Only CONFIRMED_READY initially closes readiness; BASELINE_MASTERY is progress reporting only.","CONFIRM-1.0: A single valid P10 pass never closes an RS. Each RS readiness cycle uses two fresh unseen equivalent P10 forms: PRIMARY then CONFIRMATION. No coaching, hints, scored-result disclosure, or targeted practice may occur between a passing PRIMARY and its CONFIRMATION. Both valid forms must satisfy the same RS P10 readiness rule. If PRIMARY fails, stop the cycle and remediate before a new cycle. If PRIMARY passes but CONFIRMATION fails, mark DISCORDANT_NOT_YET and remediate before a new cycle. Technical-invalid forms are REASSESS_TECHNICAL and do not count as valid attempts. All valid forms remain in the audit record; the system may never cherry-pick the best historical pass.","EQUIV-2.1: exact 100 COUNT-100 words; World 1 one-word display; same RS/P10, scoring version, threshold version/status, comprehension blueprint class and safety/accessibility gates; fresh unseen content; non-compensatory global + RS-specific matching; candidate must pass all tolerances embedded in the canonical v0.22 Markdown specification.","ATTEMPT-1.0: A readiness cycle is PRIMARY→CONFIRMATION. A valid failure ends that cycle. A new cycle may begin only after an intervening targeted learning block for that RS. After two consecutive failed/discordant valid cycles, set DIAGNOSTIC_HOLD and require at least two targeted non-readiness practice passages plus a documented diagnostic review before another readiness cycle. There is no unlimited back-to-back retry loop. Genuine later learning may reopen assessment after the required learning block.",PRIMARY_PENDING; PRIMARY_PASS; CONFIRMATION_PENDING; CONFIRMED_READY; NOT_YET; DISCORDANT_NOT_YET; REASSESS_TECHNICAL; INSUFFICIENT_EVIDENCE; INVALID_FORM; DIAGNOSTIC_HOLD; REVALIDATION_DUE; REVALIDATION_PENDING; CURRENT_REVALIDATED; NOT_YET_AFTER_REVALIDATION; VERSION_INVALIDATED. Only CONFIRMED_READY initially closes readiness.,EQUIV-2.1,SpeedReader_W1_BandA_Form_Equivalence_v0.22.csv,EQUIV-2.1,PROVISIONAL_STRUCTURAL,PROVISIONAL_STRUCTURAL → EMPIRICAL_REVIEW → PRODUCTION_APPROVED; SUSPENDED_RECALIBRATE on material change.,COMP-P10-1.0,,RECENCY-1.0,,,EVIDENCE-MIN-1.2,,COMP-COVERAGE-1.0,,,,,MIRROR_ONLY,SpeedReader_W1_BandA_Spec_v0.25.md,SpeedReader_W1_BandA_Spec_v0.25.md is sole normative source; v0.25 CSVs are mirrors only.,FORM-SUPPLY-1.0,PRE_GENERATED_QA_APPROVED_BANK,PROHIBITED,,,,STATE-SEP-1.0,Progress descriptors report P1/current trajectory only and cannot close readiness. BASELINE_MASTERY is allowed here.,"Use readiness_state only: PRIMARY_PENDING → PRIMARY_PASS/CONFIRMATION_PENDING → CONFIRMED_READY, or cause-specific NOT_YET / DISCORDANT_NOT_YET / REASSESS_TECHNICAL / INSUFFICIENT_EVIDENCE / INVALID_FORM / DIAGNOSTIC_HOLD. Only CONFIRMED_READY initially closes readiness; BASELINE_MASTERY is progress reporting only.",RS07 only: REPAIR_DEMONSTRATED or CLEAN_READING_EVIDENCE; other RS use NONE. Subtype never replaces readiness_state.,"Even if P1 meets the eventual P10 target, final readiness requires fresh P10 PRIMARY + matched CONFIRMATION."
v0.25,RS07,Error monitoring & efficient repair,P7,"Maintain accurate reading by noticing and efficiently repairing genuine misreads when they occur, without requiring the passage to manufacture an error.","When a genuine misread occurs, the learner repairs the word or very short phrase promptly and continues locally. When too few natural errors occur to estimate repair rate, readiness may be supported only by sustained recent clean-reading evidence; that pathway must not be labelled as direct self-correction demonstration.",eligible_errors; timely_self_corrected_errors; uncorrected_eligible_errors; self_correction_rate = timely_self_corrected_errors / eligible_errors when eligible_errors ≥3; correction_latency_seconds; correction_triggered_full_restarts; recent_valid_RS07_samples; recent_assessable_words; recent_first_pass_accuracy.,Target ≥65% with repair latency ≤4 s when opportunities occur.,"P10 uses two non-equivalent evidence pathways over the recent RS07 evidence window (normally P8, P9, P10, same scoring version). DIRECT_REPAIR path: if ≥3 eligible natural errors occur, ≥80% must be self-corrected within 3 s, with ≤1 correction-triggered full restart and ≤1 uncorrected eligible error. CLEAN_READING path: if <3 eligible errors occur, require ≥3 valid recent RS07 samples including P10, ≥300 assessable words total, recent first-pass accuracy ≥99%, zero uncorrected eligible errors, and zero correction-triggered full restarts. DIRECT_REPAIR may yield READY_REPAIR_DEMONSTRATED. CLEAN_READING may yield READY_CLEAN_READING_EVIDENCE but must not be described as direct self-correction demonstration. Otherwise assign REASSESS_RS07_EVIDENCE when evidence is insufficient, or NOT_YET when valid evidence shows unresolved repair errors.",PROVISIONAL_PILOT,"RS07 readiness cannot be assigned from a single no-error P10 passage. Use a recent same-RS evidence window under the same scoring version. Direct self-correction is demonstrated only when ≥3 eligible natural errors support the repair-rate calculation. If fewer opportunities occur, a separate clean-reading readiness pathway requires ≥3 valid recent RS07 samples including P10 and ≥300 assessable words. Do not deliberately induce errors.","Use readiness_state only: PRIMARY_PENDING → PRIMARY_PASS/CONFIRMATION_PENDING → CONFIRMED_READY, or cause-specific NOT_YET / DISCORDANT_NOT_YET / REASSESS_TECHNICAL / INSUFFICIENT_EVIDENCE / INVALID_FORM / DIAGNOSTIC_HOLD. Only CONFIRMED_READY initially closes readiness; BASELINE_MASTERY is progress reporting only.","CONFIRM-1.0: A single valid P10 pass never closes an RS. Each RS readiness cycle uses two fresh unseen equivalent P10 forms: PRIMARY then CONFIRMATION. No coaching, hints, scored-result disclosure, or targeted practice may occur between a passing PRIMARY and its CONFIRMATION. Both valid forms must satisfy the same RS P10 readiness rule. If PRIMARY fails, stop the cycle and remediate before a new cycle. If PRIMARY passes but CONFIRMATION fails, mark DISCORDANT_NOT_YET and remediate before a new cycle. Technical-invalid forms are REASSESS_TECHNICAL and do not count as valid attempts. All valid forms remain in the audit record; the system may never cherry-pick the best historical pass.","EQUIV-2.1: exact 100 COUNT-100 words; World 1 one-word display; same RS/P10, scoring version, threshold version/status, comprehension blueprint class and safety/accessibility gates; fresh unseen content; non-compensatory global + RS-specific matching; candidate must pass all tolerances embedded in the canonical v0.22 Markdown specification.","ATTEMPT-1.0: A readiness cycle is PRIMARY→CONFIRMATION. A valid failure ends that cycle. A new cycle may begin only after an intervening targeted learning block for that RS. After two consecutive failed/discordant valid cycles, set DIAGNOSTIC_HOLD and require at least two targeted non-readiness practice passages plus a documented diagnostic review before another readiness cycle. There is no unlimited back-to-back retry loop. Genuine later learning may reopen assessment after the required learning block.",PRIMARY_PENDING; PRIMARY_PASS; CONFIRMATION_PENDING; CONFIRMED_READY; NOT_YET; DISCORDANT_NOT_YET; REASSESS_TECHNICAL; INSUFFICIENT_EVIDENCE; INVALID_FORM; DIAGNOSTIC_HOLD; REVALIDATION_DUE; REVALIDATION_PENDING; CURRENT_REVALIDATED; NOT_YET_AFTER_REVALIDATION; VERSION_INVALIDATED. Only CONFIRMED_READY initially closes readiness.,EQUIV-2.1,SpeedReader_W1_BandA_Form_Equivalence_v0.22.csv,EQUIV-2.1,PROVISIONAL_STRUCTURAL,PROVISIONAL_STRUCTURAL → EMPIRICAL_REVIEW → PRODUCTION_APPROVED; SUSPENDED_RECALIBRATE on material change.,COMP-P10-1.0,,RECENCY-1.0,,,EVIDENCE-MIN-1.2,,COMP-COVERAGE-1.0,,,,,MIRROR_ONLY,SpeedReader_W1_BandA_Spec_v0.25.md,SpeedReader_W1_BandA_Spec_v0.25.md is sole normative source; v0.25 CSVs are mirrors only.,FORM-SUPPLY-1.0,PRE_GENERATED_QA_APPROVED_BANK,PROHIBITED,,,,STATE-SEP-1.0,Progress descriptors report P1/current trajectory only and cannot close readiness. BASELINE_MASTERY is allowed here.,"Use readiness_state only: PRIMARY_PENDING → PRIMARY_PASS/CONFIRMATION_PENDING → CONFIRMED_READY, or cause-specific NOT_YET / DISCORDANT_NOT_YET / REASSESS_TECHNICAL / INSUFFICIENT_EVIDENCE / INVALID_FORM / DIAGNOSTIC_HOLD. Only CONFIRMED_READY initially closes readiness; BASELINE_MASTERY is progress reporting only.",RS07 only: REPAIR_DEMONSTRATED or CLEAN_READING_EVIDENCE; other RS use NONE. Subtype never replaces readiness_state.,"Even if P1 meets the eventual P10 target, final readiness requires fresh P10 PRIMARY + matched CONFIRMATION."
v0.25,RS07,Error monitoring & efficient repair,P8,"Maintain accurate reading by noticing and efficiently repairing genuine misreads when they occur, without requiring the passage to manufacture an error.","When a genuine misread occurs, the learner repairs the word or very short phrase promptly and continues locally. When too few natural errors occur to estimate repair rate, readiness may be supported only by sustained recent clean-reading evidence; that pathway must not be labelled as direct self-correction demonstration.",eligible_errors; timely_self_corrected_errors; uncorrected_eligible_errors; self_correction_rate = timely_self_corrected_errors / eligible_errors when eligible_errors ≥3; correction_latency_seconds; correction_triggered_full_restarts; recent_valid_RS07_samples; recent_assessable_words; recent_first_pass_accuracy.,Target ≥70%; begin recent P8–P10 evidence accumulation.,"P10 uses two non-equivalent evidence pathways over the recent RS07 evidence window (normally P8, P9, P10, same scoring version). DIRECT_REPAIR path: if ≥3 eligible natural errors occur, ≥80% must be self-corrected within 3 s, with ≤1 correction-triggered full restart and ≤1 uncorrected eligible error. CLEAN_READING path: if <3 eligible errors occur, require ≥3 valid recent RS07 samples including P10, ≥300 assessable words total, recent first-pass accuracy ≥99%, zero uncorrected eligible errors, and zero correction-triggered full restarts. DIRECT_REPAIR may yield READY_REPAIR_DEMONSTRATED. CLEAN_READING may yield READY_CLEAN_READING_EVIDENCE but must not be described as direct self-correction demonstration. Otherwise assign REASSESS_RS07_EVIDENCE when evidence is insufficient, or NOT_YET when valid evidence shows unresolved repair errors.",PROVISIONAL_PILOT,"RS07 readiness cannot be assigned from a single no-error P10 passage. Use a recent same-RS evidence window under the same scoring version. Direct self-correction is demonstrated only when ≥3 eligible natural errors support the repair-rate calculation. If fewer opportunities occur, a separate clean-reading readiness pathway requires ≥3 valid recent RS07 samples including P10 and ≥300 assessable words. Do not deliberately induce errors.","Use readiness_state only: PRIMARY_PENDING → PRIMARY_PASS/CONFIRMATION_PENDING → CONFIRMED_READY, or cause-specific NOT_YET / DISCORDANT_NOT_YET / REASSESS_TECHNICAL / INSUFFICIENT_EVIDENCE / INVALID_FORM / DIAGNOSTIC_HOLD. Only CONFIRMED_READY initially closes readiness; BASELINE_MASTERY is progress reporting only.","CONFIRM-1.0: A single valid P10 pass never closes an RS. Each RS readiness cycle uses two fresh unseen equivalent P10 forms: PRIMARY then CONFIRMATION. No coaching, hints, scored-result disclosure, or targeted practice may occur between a passing PRIMARY and its CONFIRMATION. Both valid forms must satisfy the same RS P10 readiness rule. If PRIMARY fails, stop the cycle and remediate before a new cycle. If PRIMARY passes but CONFIRMATION fails, mark DISCORDANT_NOT_YET and remediate before a new cycle. Technical-invalid forms are REASSESS_TECHNICAL and do not count as valid attempts. All valid forms remain in the audit record; the system may never cherry-pick the best historical pass.","EQUIV-2.1: exact 100 COUNT-100 words; World 1 one-word display; same RS/P10, scoring version, threshold version/status, comprehension blueprint class and safety/accessibility gates; fresh unseen content; non-compensatory global + RS-specific matching; candidate must pass all tolerances embedded in the canonical v0.22 Markdown specification.","ATTEMPT-1.0: A readiness cycle is PRIMARY→CONFIRMATION. A valid failure ends that cycle. A new cycle may begin only after an intervening targeted learning block for that RS. After two consecutive failed/discordant valid cycles, set DIAGNOSTIC_HOLD and require at least two targeted non-readiness practice passages plus a documented diagnostic review before another readiness cycle. There is no unlimited back-to-back retry loop. Genuine later learning may reopen assessment after the required learning block.",PRIMARY_PENDING; PRIMARY_PASS; CONFIRMATION_PENDING; CONFIRMED_READY; NOT_YET; DISCORDANT_NOT_YET; REASSESS_TECHNICAL; INSUFFICIENT_EVIDENCE; INVALID_FORM; DIAGNOSTIC_HOLD; REVALIDATION_DUE; REVALIDATION_PENDING; CURRENT_REVALIDATED; NOT_YET_AFTER_REVALIDATION; VERSION_INVALIDATED. Only CONFIRMED_READY initially closes readiness.,EQUIV-2.1,SpeedReader_W1_BandA_Form_Equivalence_v0.22.csv,EQUIV-2.1,PROVISIONAL_STRUCTURAL,PROVISIONAL_STRUCTURAL → EMPIRICAL_REVIEW → PRODUCTION_APPROVED; SUSPENDED_RECALIBRATE on material change.,COMP-P10-1.0,,RECENCY-1.0,,,EVIDENCE-MIN-1.2,,COMP-COVERAGE-1.0,,,,,MIRROR_ONLY,SpeedReader_W1_BandA_Spec_v0.25.md,SpeedReader_W1_BandA_Spec_v0.25.md is sole normative source; v0.25 CSVs are mirrors only.,FORM-SUPPLY-1.0,PRE_GENERATED_QA_APPROVED_BANK,PROHIBITED,,,,STATE-SEP-1.0,Progress descriptors report P1/current trajectory only and cannot close readiness. BASELINE_MASTERY is allowed here.,"Use readiness_state only: PRIMARY_PENDING → PRIMARY_PASS/CONFIRMATION_PENDING → CONFIRMED_READY, or cause-specific NOT_YET / DISCORDANT_NOT_YET / REASSESS_TECHNICAL / INSUFFICIENT_EVIDENCE / INVALID_FORM / DIAGNOSTIC_HOLD. Only CONFIRMED_READY initially closes readiness; BASELINE_MASTERY is progress reporting only.",RS07 only: REPAIR_DEMONSTRATED or CLEAN_READING_EVIDENCE; other RS use NONE. Subtype never replaces readiness_state.,"Even if P1 meets the eventual P10 target, final readiness requires fresh P10 PRIMARY + matched CONFIRMATION."
v0.25,RS07,Error monitoring & efficient repair,P9,"Maintain accurate reading by noticing and efficiently repairing genuine misreads when they occur, without requiring the passage to manufacture an error.","When a genuine misread occurs, the learner repairs the word or very short phrase promptly and continues locally. When too few natural errors occur to estimate repair rate, readiness may be supported only by sustained recent clean-reading evidence; that pathway must not be labelled as direct self-correction demonstration.",eligible_errors; timely_self_corrected_errors; uncorrected_eligible_errors; self_correction_rate = timely_self_corrected_errors / eligible_errors when eligible_errors ≥3; correction_latency_seconds; correction_triggered_full_restarts; recent_valid_RS07_samples; recent_assessable_words; recent_first_pass_accuracy.,Target ≥75% within 3 s and ≤1 correction-triggered full restart.,"P10 uses two non-equivalent evidence pathways over the recent RS07 evidence window (normally P8, P9, P10, same scoring version). DIRECT_REPAIR path: if ≥3 eligible natural errors occur, ≥80% must be self-corrected within 3 s, with ≤1 correction-triggered full restart and ≤1 uncorrected eligible error. CLEAN_READING path: if <3 eligible errors occur, require ≥3 valid recent RS07 samples including P10, ≥300 assessable words total, recent first-pass accuracy ≥99%, zero uncorrected eligible errors, and zero correction-triggered full restarts. DIRECT_REPAIR may yield READY_REPAIR_DEMONSTRATED. CLEAN_READING may yield READY_CLEAN_READING_EVIDENCE but must not be described as direct self-correction demonstration. Otherwise assign REASSESS_RS07_EVIDENCE when evidence is insufficient, or NOT_YET when valid evidence shows unresolved repair errors.",PROVISIONAL_PILOT,"RS07 readiness cannot be assigned from a single no-error P10 passage. Use a recent same-RS evidence window under the same scoring version. Direct self-correction is demonstrated only when ≥3 eligible natural errors support the repair-rate calculation. If fewer opportunities occur, a separate clean-reading readiness pathway requires ≥3 valid recent RS07 samples including P10 and ≥300 assessable words. Do not deliberately induce errors.","Use readiness_state only: PRIMARY_PENDING → PRIMARY_PASS/CONFIRMATION_PENDING → CONFIRMED_READY, or cause-specific NOT_YET / DISCORDANT_NOT_YET / REASSESS_TECHNICAL / INSUFFICIENT_EVIDENCE / INVALID_FORM / DIAGNOSTIC_HOLD. Only CONFIRMED_READY initially closes readiness; BASELINE_MASTERY is progress reporting only.","CONFIRM-1.0: A single valid P10 pass never closes an RS. Each RS readiness cycle uses two fresh unseen equivalent P10 forms: PRIMARY then CONFIRMATION. No coaching, hints, scored-result disclosure, or targeted practice may occur between a passing PRIMARY and its CONFIRMATION. Both valid forms must satisfy the same RS P10 readiness rule. If PRIMARY fails, stop the cycle and remediate before a new cycle. If PRIMARY passes but CONFIRMATION fails, mark DISCORDANT_NOT_YET and remediate before a new cycle. Technical-invalid forms are REASSESS_TECHNICAL and do not count as valid attempts. All valid forms remain in the audit record; the system may never cherry-pick the best historical pass.","EQUIV-2.1: exact 100 COUNT-100 words; World 1 one-word display; same RS/P10, scoring version, threshold version/status, comprehension blueprint class and safety/accessibility gates; fresh unseen content; non-compensatory global + RS-specific matching; candidate must pass all tolerances embedded in the canonical v0.22 Markdown specification.","ATTEMPT-1.0: A readiness cycle is PRIMARY→CONFIRMATION. A valid failure ends that cycle. A new cycle may begin only after an intervening targeted learning block for that RS. After two consecutive failed/discordant valid cycles, set DIAGNOSTIC_HOLD and require at least two targeted non-readiness practice passages plus a documented diagnostic review before another readiness cycle. There is no unlimited back-to-back retry loop. Genuine later learning may reopen assessment after the required learning block.",PRIMARY_PENDING; PRIMARY_PASS; CONFIRMATION_PENDING; CONFIRMED_READY; NOT_YET; DISCORDANT_NOT_YET; REASSESS_TECHNICAL; INSUFFICIENT_EVIDENCE; INVALID_FORM; DIAGNOSTIC_HOLD; REVALIDATION_DUE; REVALIDATION_PENDING; CURRENT_REVALIDATED; NOT_YET_AFTER_REVALIDATION; VERSION_INVALIDATED. Only CONFIRMED_READY initially closes readiness.,EQUIV-2.1,SpeedReader_W1_BandA_Form_Equivalence_v0.22.csv,EQUIV-2.1,PROVISIONAL_STRUCTURAL,PROVISIONAL_STRUCTURAL → EMPIRICAL_REVIEW → PRODUCTION_APPROVED; SUSPENDED_RECALIBRATE on material change.,COMP-P10-1.0,,RECENCY-1.0,,,EVIDENCE-MIN-1.2,,COMP-COVERAGE-1.0,,,,,MIRROR_ONLY,SpeedReader_W1_BandA_Spec_v0.25.md,SpeedReader_W1_BandA_Spec_v0.25.md is sole normative source; v0.25 CSVs are mirrors only.,FORM-SUPPLY-1.0,PRE_GENERATED_QA_APPROVED_BANK,PROHIBITED,,,,STATE-SEP-1.0,Progress descriptors report P1/current trajectory only and cannot close readiness. BASELINE_MASTERY is allowed here.,"Use readiness_state only: PRIMARY_PENDING → PRIMARY_PASS/CONFIRMATION_PENDING → CONFIRMED_READY, or cause-specific NOT_YET / DISCORDANT_NOT_YET / REASSESS_TECHNICAL / INSUFFICIENT_EVIDENCE / INVALID_FORM / DIAGNOSTIC_HOLD. Only CONFIRMED_READY initially closes readiness; BASELINE_MASTERY is progress reporting only.",RS07 only: REPAIR_DEMONSTRATED or CLEAN_READING_EVIDENCE; other RS use NONE. Subtype never replaces readiness_state.,"Even if P1 meets the eventual P10 target, final readiness requires fresh P10 PRIMARY + matched CONFIRMATION."
v0.25,RS07,Error monitoring & efficient repair,P10,"Maintain accurate reading by noticing and efficiently repairing genuine misreads when they occur, without requiring the passage to manufacture an error.","When a genuine misread occurs, the learner repairs the word or very short phrase promptly and continues locally. When too few natural errors occur to estimate repair rate, readiness may be supported only by sustained recent clean-reading evidence; that pathway must not be labelled as direct self-correction demonstration.",eligible_errors; timely_self_corrected_errors; uncorrected_eligible_errors; self_correction_rate = timely_self_corrected_errors / eligible_errors when eligible_errors ≥3; correction_latency_seconds; correction_triggered_full_restarts; recent_valid_RS07_samples; recent_assessable_words; recent_first_pass_accuracy.,Apply DIRECT_REPAIR / CLEAN_READING P10 evidence rule; never auto-pass a single no-error sample.,"P10 uses two non-equivalent evidence pathways over the recent RS07 evidence window (normally P8, P9, P10, same scoring version). DIRECT_REPAIR path: if ≥3 eligible natural errors occur, ≥80% must be self-corrected within 3 s, with ≤1 correction-triggered full restart and ≤1 uncorrected eligible error. CLEAN_READING path: if <3 eligible errors occur, require ≥3 valid recent RS07 samples including P10, ≥300 assessable words total, recent first-pass accuracy ≥99%, zero uncorrected eligible errors, and zero correction-triggered full restarts. DIRECT_REPAIR may yield READY_REPAIR_DEMONSTRATED. CLEAN_READING may yield READY_CLEAN_READING_EVIDENCE but must not be described as direct self-correction demonstration. Otherwise assign REASSESS_RS07_EVIDENCE when evidence is insufficient, or NOT_YET when valid evidence shows unresolved repair errors.",PROVISIONAL_PILOT,"RS07 readiness cannot be assigned from a single no-error P10 passage. Use a recent same-RS evidence window under the same scoring version. Direct self-correction is demonstrated only when ≥3 eligible natural errors support the repair-rate calculation. If fewer opportunities occur, a separate clean-reading readiness pathway requires ≥3 valid recent RS07 samples including P10 and ≥300 assessable words. Do not deliberately induce errors.","Use readiness_state only: PRIMARY_PENDING → PRIMARY_PASS/CONFIRMATION_PENDING → CONFIRMED_READY, or cause-specific NOT_YET / DISCORDANT_NOT_YET / REASSESS_TECHNICAL / INSUFFICIENT_EVIDENCE / INVALID_FORM / DIAGNOSTIC_HOLD. Only CONFIRMED_READY initially closes readiness; BASELINE_MASTERY is progress reporting only.","CONFIRM-1.0: A single valid P10 pass never closes an RS. Each RS readiness cycle uses two fresh unseen equivalent P10 forms: PRIMARY then CONFIRMATION. No coaching, hints, scored-result disclosure, or targeted practice may occur between a passing PRIMARY and its CONFIRMATION. Both valid forms must satisfy the same RS P10 readiness rule. If PRIMARY fails, stop the cycle and remediate before a new cycle. If PRIMARY passes but CONFIRMATION fails, mark DISCORDANT_NOT_YET and remediate before a new cycle. Technical-invalid forms are REASSESS_TECHNICAL and do not count as valid attempts. All valid forms remain in the audit record; the system may never cherry-pick the best historical pass.","EQUIV-2.1: exact 100 COUNT-100 words; World 1 one-word display; same RS/P10, scoring version, threshold version/status, comprehension blueprint class and safety/accessibility gates; fresh unseen content; non-compensatory global + RS-specific matching; candidate must pass all tolerances embedded in the canonical v0.22 Markdown specification.","ATTEMPT-1.0: A readiness cycle is PRIMARY→CONFIRMATION. A valid failure ends that cycle. A new cycle may begin only after an intervening targeted learning block for that RS. After two consecutive failed/discordant valid cycles, set DIAGNOSTIC_HOLD and require at least two targeted non-readiness practice passages plus a documented diagnostic review before another readiness cycle. There is no unlimited back-to-back retry loop. Genuine later learning may reopen assessment after the required learning block.",PRIMARY_PENDING; PRIMARY_PASS; CONFIRMATION_PENDING; CONFIRMED_READY; NOT_YET; DISCORDANT_NOT_YET; REASSESS_TECHNICAL; INSUFFICIENT_EVIDENCE; INVALID_FORM; DIAGNOSTIC_HOLD; REVALIDATION_DUE; REVALIDATION_PENDING; CURRENT_REVALIDATED; NOT_YET_AFTER_REVALIDATION; VERSION_INVALIDATED. Only CONFIRMED_READY initially closes readiness.,EQUIV-2.1,SpeedReader_W1_BandA_Form_Equivalence_v0.22.csv,EQUIV-2.1,PROVISIONAL_STRUCTURAL,PROVISIONAL_STRUCTURAL → EMPIRICAL_REVIEW → PRODUCTION_APPROVED; SUSPENDED_RECALIBRATE on material change.,COMP-P10-1.0,"First-attempt independent mastery = at least 3/4 correct AND the designated primary-skill item correct, before any hint, targeted reread, answer feedback, narrowing, worked example, or remediation. Comprehension readiness requires two independent first-attempt passes on fresh matched forms: COMP_PRIMARY_PASS then COMP_CONFIRMATION_PASS. No targeted comprehension coaching, hinting, answer explanation, or missed-item disclosure occurs between a passing PRIMARY and its CONFIRMATION. Both forms use the same P10 blueprint class but fresh passage evidence and fresh question wording. Only COMPREHENSION_CONFIRMED contributes to Band-A readiness.",RECENCY-1.0,Readiness evidence remains CURRENT until the first of: >56 calendar days since the latest passing same-RS confirmation/revalidation; >16 subsequent valid Band-A assessment/remediation sessions; or >28 consecutive calendar days with no SpeedReader learning session. Material scoring/threshold-version changes invalidate evidence immediately rather than merely making it stale. These numeric limits are PROVISIONAL_PILOT and require later calibration.,"When evidence is REVALIDATION_DUE only because of recency/inactivity, use one fresh unseen EQUIV-2.1 same-RS P10 revalidation form. Score oral and comprehension streams independently before any targeted feedback. A passing stream renews only that stream's freshness anchor. A valid failing stream becomes NOT_YET and requires targeted remediation followed by a new full PRIMARY→CONFIRMATION cycle for that stream. Technical invalidity does not count as failure and does not reset freshness until valid evidence is obtained.",EVIDENCE-MIN-1.2,DIRECT_REPAIR denominator is at least 3 eligible natural errors. CLEAN_READING denominator is at least 3 valid recent RS07 samples and 300 assessable words.,COMP-COVERAGE-1.0,Q1 D1: Direct recall | Q2 D7: Simple inference | Q3 D6: Main idea | Q4 D4: Prediction,,,,MIRROR_ONLY,SpeedReader_W1_BandA_Spec_v0.25.md,SpeedReader_W1_BandA_Spec_v0.25.md is sole normative source; v0.25 CSVs are mirrors only.,FORM-SUPPLY-1.0,PRE_GENERATED_QA_APPROVED_BANK,PROHIBITED,,,,STATE-SEP-1.0,Progress descriptors report P1/current trajectory only and cannot close readiness. BASELINE_MASTERY is allowed here.,"Use readiness_state only: PRIMARY_PENDING → PRIMARY_PASS/CONFIRMATION_PENDING → CONFIRMED_READY, or cause-specific NOT_YET / DISCORDANT_NOT_YET / REASSESS_TECHNICAL / INSUFFICIENT_EVIDENCE / INVALID_FORM / DIAGNOSTIC_HOLD. Only CONFIRMED_READY initially closes readiness; BASELINE_MASTERY is progress reporting only.",RS07 only: REPAIR_DEMONSTRATED or CLEAN_READING_EVIDENCE; other RS use NONE. Subtype never replaces readiness_state.,"Even if P1 meets the eventual P10 target, final readiness requires fresh P10 PRIMARY + matched CONFIRMATION."
v0.25,RS08,Repetition and restart control,P1,"Continue forward without unnecessary word repetitions, phrase repetitions or full restarts.",The learner does not repeatedly reread already-correct material simply because of uncertainty; purposeful brief self-correction is excluded.,unnecessary_repeats + full_restarts; separately record repetition used solely for accepted self-correction.,Baseline unnecessary-repeat and restart count.,At P10: ≤2 unnecessary repeated-word/phrase events and ≤1 full restart per 100 words.,PROVISIONAL_PILOT,Use same-RS valid P10 evidence under the canonical readiness specification.,"Use readiness_state only: PRIMARY_PENDING → PRIMARY_PASS/CONFIRMATION_PENDING → CONFIRMED_READY, or cause-specific NOT_YET / DISCORDANT_NOT_YET / REASSESS_TECHNICAL / INSUFFICIENT_EVIDENCE / INVALID_FORM / DIAGNOSTIC_HOLD. Only CONFIRMED_READY initially closes readiness; BASELINE_MASTERY is progress reporting only.","CONFIRM-1.0: A single valid P10 pass never closes an RS. Each RS readiness cycle uses two fresh unseen equivalent P10 forms: PRIMARY then CONFIRMATION. No coaching, hints, scored-result disclosure, or targeted practice may occur between a passing PRIMARY and its CONFIRMATION. Both valid forms must satisfy the same RS P10 readiness rule. If PRIMARY fails, stop the cycle and remediate before a new cycle. If PRIMARY passes but CONFIRMATION fails, mark DISCORDANT_NOT_YET and remediate before a new cycle. Technical-invalid forms are REASSESS_TECHNICAL and do not count as valid attempts. All valid forms remain in the audit record; the system may never cherry-pick the best historical pass.","EQUIV-2.1: exact 100 COUNT-100 words; World 1 one-word display; same RS/P10, scoring version, threshold version/status, comprehension blueprint class and safety/accessibility gates; fresh unseen content; non-compensatory global + RS-specific matching; candidate must pass all tolerances embedded in the canonical v0.22 Markdown specification.","ATTEMPT-1.0: A readiness cycle is PRIMARY→CONFIRMATION. A valid failure ends that cycle. A new cycle may begin only after an intervening targeted learning block for that RS. After two consecutive failed/discordant valid cycles, set DIAGNOSTIC_HOLD and require at least two targeted non-readiness practice passages plus a documented diagnostic review before another readiness cycle. There is no unlimited back-to-back retry loop. Genuine later learning may reopen assessment after the required learning block.",PRIMARY_PENDING; PRIMARY_PASS; CONFIRMATION_PENDING; CONFIRMED_READY; NOT_YET; DISCORDANT_NOT_YET; REASSESS_TECHNICAL; INSUFFICIENT_EVIDENCE; INVALID_FORM; DIAGNOSTIC_HOLD; REVALIDATION_DUE; REVALIDATION_PENDING; CURRENT_REVALIDATED; NOT_YET_AFTER_REVALIDATION; VERSION_INVALIDATED. Only CONFIRMED_READY initially closes readiness.,EQUIV-2.1,SpeedReader_W1_BandA_Form_Equivalence_v0.22.csv,EQUIV-2.1,PROVISIONAL_STRUCTURAL,PROVISIONAL_STRUCTURAL → EMPIRICAL_REVIEW → PRODUCTION_APPROVED; SUSPENDED_RECALIBRATE on material change.,COMP-P10-1.0,,RECENCY-1.0,,,EVIDENCE-MIN-1.2,,COMP-COVERAGE-1.0,,,,,MIRROR_ONLY,SpeedReader_W1_BandA_Spec_v0.25.md,SpeedReader_W1_BandA_Spec_v0.25.md is sole normative source; v0.25 CSVs are mirrors only.,FORM-SUPPLY-1.0,PRE_GENERATED_QA_APPROVED_BANK,PROHIBITED,,,,STATE-SEP-1.0,Progress descriptors report P1/current trajectory only and cannot close readiness. BASELINE_MASTERY is allowed here.,"Use readiness_state only: PRIMARY_PENDING → PRIMARY_PASS/CONFIRMATION_PENDING → CONFIRMED_READY, or cause-specific NOT_YET / DISCORDANT_NOT_YET / REASSESS_TECHNICAL / INSUFFICIENT_EVIDENCE / INVALID_FORM / DIAGNOSTIC_HOLD. Only CONFIRMED_READY initially closes readiness; BASELINE_MASTERY is progress reporting only.",NONE,"Even if P1 meets the eventual P10 target, final readiness requires fresh P10 PRIMARY + matched CONFIRMATION."
v0.25,RS08,Repetition and restart control,P2,"Continue forward without unnecessary word repetitions, phrase repetitions or full restarts.",The learner does not repeatedly reread already-correct material simply because of uncertainty; purposeful brief self-correction is excluded.,unnecessary_repeats + full_restarts; separately record repetition used solely for accepted self-correction.,≤8 events or ≥10% improvement from baseline.,At P10: ≤2 unnecessary repeated-word/phrase events and ≤1 full restart per 100 words.,PROVISIONAL_PILOT,Use same-RS valid P10 evidence under the canonical readiness specification.,"Use readiness_state only: PRIMARY_PENDING → PRIMARY_PASS/CONFIRMATION_PENDING → CONFIRMED_READY, or cause-specific NOT_YET / DISCORDANT_NOT_YET / REASSESS_TECHNICAL / INSUFFICIENT_EVIDENCE / INVALID_FORM / DIAGNOSTIC_HOLD. Only CONFIRMED_READY initially closes readiness; BASELINE_MASTERY is progress reporting only.","CONFIRM-1.0: A single valid P10 pass never closes an RS. Each RS readiness cycle uses two fresh unseen equivalent P10 forms: PRIMARY then CONFIRMATION. No coaching, hints, scored-result disclosure, or targeted practice may occur between a passing PRIMARY and its CONFIRMATION. Both valid forms must satisfy the same RS P10 readiness rule. If PRIMARY fails, stop the cycle and remediate before a new cycle. If PRIMARY passes but CONFIRMATION fails, mark DISCORDANT_NOT_YET and remediate before a new cycle. Technical-invalid forms are REASSESS_TECHNICAL and do not count as valid attempts. All valid forms remain in the audit record; the system may never cherry-pick the best historical pass.","EQUIV-2.1: exact 100 COUNT-100 words; World 1 one-word display; same RS/P10, scoring version, threshold version/status, comprehension blueprint class and safety/accessibility gates; fresh unseen content; non-compensatory global + RS-specific matching; candidate must pass all tolerances embedded in the canonical v0.22 Markdown specification.","ATTEMPT-1.0: A readiness cycle is PRIMARY→CONFIRMATION. A valid failure ends that cycle. A new cycle may begin only after an intervening targeted learning block for that RS. After two consecutive failed/discordant valid cycles, set DIAGNOSTIC_HOLD and require at least two targeted non-readiness practice passages plus a documented diagnostic review before another readiness cycle. There is no unlimited back-to-back retry loop. Genuine later learning may reopen assessment after the required learning block.",PRIMARY_PENDING; PRIMARY_PASS; CONFIRMATION_PENDING; CONFIRMED_READY; NOT_YET; DISCORDANT_NOT_YET; REASSESS_TECHNICAL; INSUFFICIENT_EVIDENCE; INVALID_FORM; DIAGNOSTIC_HOLD; REVALIDATION_DUE; REVALIDATION_PENDING; CURRENT_REVALIDATED; NOT_YET_AFTER_REVALIDATION; VERSION_INVALIDATED. Only CONFIRMED_READY initially closes readiness.,EQUIV-2.1,SpeedReader_W1_BandA_Form_Equivalence_v0.22.csv,EQUIV-2.1,PROVISIONAL_STRUCTURAL,PROVISIONAL_STRUCTURAL → EMPIRICAL_REVIEW → PRODUCTION_APPROVED; SUSPENDED_RECALIBRATE on material change.,COMP-P10-1.0,,RECENCY-1.0,,,EVIDENCE-MIN-1.2,,COMP-COVERAGE-1.0,,,,,MIRROR_ONLY,SpeedReader_W1_BandA_Spec_v0.25.md,SpeedReader_W1_BandA_Spec_v0.25.md is sole normative source; v0.25 CSVs are mirrors only.,FORM-SUPPLY-1.0,PRE_GENERATED_QA_APPROVED_BANK,PROHIBITED,,,,STATE-SEP-1.0,Progress descriptors report P1/current trajectory only and cannot close readiness. BASELINE_MASTERY is allowed here.,"Use readiness_state only: PRIMARY_PENDING → PRIMARY_PASS/CONFIRMATION_PENDING → CONFIRMED_READY, or cause-specific NOT_YET / DISCORDANT_NOT_YET / REASSESS_TECHNICAL / INSUFFICIENT_EVIDENCE / INVALID_FORM / DIAGNOSTIC_HOLD. Only CONFIRMED_READY initially closes readiness; BASELINE_MASTERY is progress reporting only.",NONE,"Even if P1 meets the eventual P10 target, final readiness requires fresh P10 PRIMARY + matched CONFIRMATION."
v0.25,RS08,Repetition and restart control,P3,"Continue forward without unnecessary word repetitions, phrase repetitions or full restarts.",The learner does not repeatedly reread already-correct material simply because of uncertainty; purposeful brief self-correction is excluded.,unnecessary_repeats + full_restarts; separately record repetition used solely for accepted self-correction.,≤7.,At P10: ≤2 unnecessary repeated-word/phrase events and ≤1 full restart per 100 words.,PROVISIONAL_PILOT,Use same-RS valid P10 evidence under the canonical readiness specification.,"Use readiness_state only: PRIMARY_PENDING → PRIMARY_PASS/CONFIRMATION_PENDING → CONFIRMED_READY, or cause-specific NOT_YET / DISCORDANT_NOT_YET / REASSESS_TECHNICAL / INSUFFICIENT_EVIDENCE / INVALID_FORM / DIAGNOSTIC_HOLD. Only CONFIRMED_READY initially closes readiness; BASELINE_MASTERY is progress reporting only.","CONFIRM-1.0: A single valid P10 pass never closes an RS. Each RS readiness cycle uses two fresh unseen equivalent P10 forms: PRIMARY then CONFIRMATION. No coaching, hints, scored-result disclosure, or targeted practice may occur between a passing PRIMARY and its CONFIRMATION. Both valid forms must satisfy the same RS P10 readiness rule. If PRIMARY fails, stop the cycle and remediate before a new cycle. If PRIMARY passes but CONFIRMATION fails, mark DISCORDANT_NOT_YET and remediate before a new cycle. Technical-invalid forms are REASSESS_TECHNICAL and do not count as valid attempts. All valid forms remain in the audit record; the system may never cherry-pick the best historical pass.","EQUIV-2.1: exact 100 COUNT-100 words; World 1 one-word display; same RS/P10, scoring version, threshold version/status, comprehension blueprint class and safety/accessibility gates; fresh unseen content; non-compensatory global + RS-specific matching; candidate must pass all tolerances embedded in the canonical v0.22 Markdown specification.","ATTEMPT-1.0: A readiness cycle is PRIMARY→CONFIRMATION. A valid failure ends that cycle. A new cycle may begin only after an intervening targeted learning block for that RS. After two consecutive failed/discordant valid cycles, set DIAGNOSTIC_HOLD and require at least two targeted non-readiness practice passages plus a documented diagnostic review before another readiness cycle. There is no unlimited back-to-back retry loop. Genuine later learning may reopen assessment after the required learning block.",PRIMARY_PENDING; PRIMARY_PASS; CONFIRMATION_PENDING; CONFIRMED_READY; NOT_YET; DISCORDANT_NOT_YET; REASSESS_TECHNICAL; INSUFFICIENT_EVIDENCE; INVALID_FORM; DIAGNOSTIC_HOLD; REVALIDATION_DUE; REVALIDATION_PENDING; CURRENT_REVALIDATED; NOT_YET_AFTER_REVALIDATION; VERSION_INVALIDATED. Only CONFIRMED_READY initially closes readiness.,EQUIV-2.1,SpeedReader_W1_BandA_Form_Equivalence_v0.22.csv,EQUIV-2.1,PROVISIONAL_STRUCTURAL,PROVISIONAL_STRUCTURAL → EMPIRICAL_REVIEW → PRODUCTION_APPROVED; SUSPENDED_RECALIBRATE on material change.,COMP-P10-1.0,,RECENCY-1.0,,,EVIDENCE-MIN-1.2,,COMP-COVERAGE-1.0,,,,,MIRROR_ONLY,SpeedReader_W1_BandA_Spec_v0.25.md,SpeedReader_W1_BandA_Spec_v0.25.md is sole normative source; v0.25 CSVs are mirrors only.,FORM-SUPPLY-1.0,PRE_GENERATED_QA_APPROVED_BANK,PROHIBITED,,,,STATE-SEP-1.0,Progress descriptors report P1/current trajectory only and cannot close readiness. BASELINE_MASTERY is allowed here.,"Use readiness_state only: PRIMARY_PENDING → PRIMARY_PASS/CONFIRMATION_PENDING → CONFIRMED_READY, or cause-specific NOT_YET / DISCORDANT_NOT_YET / REASSESS_TECHNICAL / INSUFFICIENT_EVIDENCE / INVALID_FORM / DIAGNOSTIC_HOLD. Only CONFIRMED_READY initially closes readiness; BASELINE_MASTERY is progress reporting only.",NONE,"Even if P1 meets the eventual P10 target, final readiness requires fresh P10 PRIMARY + matched CONFIRMATION."
v0.25,RS08,Repetition and restart control,P4,"Continue forward without unnecessary word repetitions, phrase repetitions or full restarts.",The learner does not repeatedly reread already-correct material simply because of uncertainty; purposeful brief self-correction is excluded.,unnecessary_repeats + full_restarts; separately record repetition used solely for accepted self-correction.,≤6.,At P10: ≤2 unnecessary repeated-word/phrase events and ≤1 full restart per 100 words.,PROVISIONAL_PILOT,Use same-RS valid P10 evidence under the canonical readiness specification.,"Use readiness_state only: PRIMARY_PENDING → PRIMARY_PASS/CONFIRMATION_PENDING → CONFIRMED_READY, or cause-specific NOT_YET / DISCORDANT_NOT_YET / REASSESS_TECHNICAL / INSUFFICIENT_EVIDENCE / INVALID_FORM / DIAGNOSTIC_HOLD. Only CONFIRMED_READY initially closes readiness; BASELINE_MASTERY is progress reporting only.","CONFIRM-1.0: A single valid P10 pass never closes an RS. Each RS readiness cycle uses two fresh unseen equivalent P10 forms: PRIMARY then CONFIRMATION. No coaching, hints, scored-result disclosure, or targeted practice may occur between a passing PRIMARY and its CONFIRMATION. Both valid forms must satisfy the same RS P10 readiness rule. If PRIMARY fails, stop the cycle and remediate before a new cycle. If PRIMARY passes but CONFIRMATION fails, mark DISCORDANT_NOT_YET and remediate before a new cycle. Technical-invalid forms are REASSESS_TECHNICAL and do not count as valid attempts. All valid forms remain in the audit record; the system may never cherry-pick the best historical pass.","EQUIV-2.1: exact 100 COUNT-100 words; World 1 one-word display; same RS/P10, scoring version, threshold version/status, comprehension blueprint class and safety/accessibility gates; fresh unseen content; non-compensatory global + RS-specific matching; candidate must pass all tolerances embedded in the canonical v0.22 Markdown specification.","ATTEMPT-1.0: A readiness cycle is PRIMARY→CONFIRMATION. A valid failure ends that cycle. A new cycle may begin only after an intervening targeted learning block for that RS. After two consecutive failed/discordant valid cycles, set DIAGNOSTIC_HOLD and require at least two targeted non-readiness practice passages plus a documented diagnostic review before another readiness cycle. There is no unlimited back-to-back retry loop. Genuine later learning may reopen assessment after the required learning block.",PRIMARY_PENDING; PRIMARY_PASS; CONFIRMATION_PENDING; CONFIRMED_READY; NOT_YET; DISCORDANT_NOT_YET; REASSESS_TECHNICAL; INSUFFICIENT_EVIDENCE; INVALID_FORM; DIAGNOSTIC_HOLD; REVALIDATION_DUE; REVALIDATION_PENDING; CURRENT_REVALIDATED; NOT_YET_AFTER_REVALIDATION; VERSION_INVALIDATED. Only CONFIRMED_READY initially closes readiness.,EQUIV-2.1,SpeedReader_W1_BandA_Form_Equivalence_v0.22.csv,EQUIV-2.1,PROVISIONAL_STRUCTURAL,PROVISIONAL_STRUCTURAL → EMPIRICAL_REVIEW → PRODUCTION_APPROVED; SUSPENDED_RECALIBRATE on material change.,COMP-P10-1.0,,RECENCY-1.0,,,EVIDENCE-MIN-1.2,,COMP-COVERAGE-1.0,,,,,MIRROR_ONLY,SpeedReader_W1_BandA_Spec_v0.25.md,SpeedReader_W1_BandA_Spec_v0.25.md is sole normative source; v0.25 CSVs are mirrors only.,FORM-SUPPLY-1.0,PRE_GENERATED_QA_APPROVED_BANK,PROHIBITED,,,,STATE-SEP-1.0,Progress descriptors report P1/current trajectory only and cannot close readiness. BASELINE_MASTERY is allowed here.,"Use readiness_state only: PRIMARY_PENDING → PRIMARY_PASS/CONFIRMATION_PENDING → CONFIRMED_READY, or cause-specific NOT_YET / DISCORDANT_NOT_YET / REASSESS_TECHNICAL / INSUFFICIENT_EVIDENCE / INVALID_FORM / DIAGNOSTIC_HOLD. Only CONFIRMED_READY initially closes readiness; BASELINE_MASTERY is progress reporting only.",NONE,"Even if P1 meets the eventual P10 target, final readiness requires fresh P10 PRIMARY + matched CONFIRMATION."
v0.25,RS08,Repetition and restart control,P5,"Continue forward without unnecessary word repetitions, phrase repetitions or full restarts.",The learner does not repeatedly reread already-correct material simply because of uncertainty; purposeful brief self-correction is excluded.,unnecessary_repeats + full_restarts; separately record repetition used solely for accepted self-correction.,≤5.,At P10: ≤2 unnecessary repeated-word/phrase events and ≤1 full restart per 100 words.,PROVISIONAL_PILOT,Use same-RS valid P10 evidence under the canonical readiness specification.,"Use readiness_state only: PRIMARY_PENDING → PRIMARY_PASS/CONFIRMATION_PENDING → CONFIRMED_READY, or cause-specific NOT_YET / DISCORDANT_NOT_YET / REASSESS_TECHNICAL / INSUFFICIENT_EVIDENCE / INVALID_FORM / DIAGNOSTIC_HOLD. Only CONFIRMED_READY initially closes readiness; BASELINE_MASTERY is progress reporting only.","CONFIRM-1.0: A single valid P10 pass never closes an RS. Each RS readiness cycle uses two fresh unseen equivalent P10 forms: PRIMARY then CONFIRMATION. No coaching, hints, scored-result disclosure, or targeted practice may occur between a passing PRIMARY and its CONFIRMATION. Both valid forms must satisfy the same RS P10 readiness rule. If PRIMARY fails, stop the cycle and remediate before a new cycle. If PRIMARY passes but CONFIRMATION fails, mark DISCORDANT_NOT_YET and remediate before a new cycle. Technical-invalid forms are REASSESS_TECHNICAL and do not count as valid attempts. All valid forms remain in the audit record; the system may never cherry-pick the best historical pass.","EQUIV-2.1: exact 100 COUNT-100 words; World 1 one-word display; same RS/P10, scoring version, threshold version/status, comprehension blueprint class and safety/accessibility gates; fresh unseen content; non-compensatory global + RS-specific matching; candidate must pass all tolerances embedded in the canonical v0.22 Markdown specification.","ATTEMPT-1.0: A readiness cycle is PRIMARY→CONFIRMATION. A valid failure ends that cycle. A new cycle may begin only after an intervening targeted learning block for that RS. After two consecutive failed/discordant valid cycles, set DIAGNOSTIC_HOLD and require at least two targeted non-readiness practice passages plus a documented diagnostic review before another readiness cycle. There is no unlimited back-to-back retry loop. Genuine later learning may reopen assessment after the required learning block.",PRIMARY_PENDING; PRIMARY_PASS; CONFIRMATION_PENDING; CONFIRMED_READY; NOT_YET; DISCORDANT_NOT_YET; REASSESS_TECHNICAL; INSUFFICIENT_EVIDENCE; INVALID_FORM; DIAGNOSTIC_HOLD; REVALIDATION_DUE; REVALIDATION_PENDING; CURRENT_REVALIDATED; NOT_YET_AFTER_REVALIDATION; VERSION_INVALIDATED. Only CONFIRMED_READY initially closes readiness.,EQUIV-2.1,SpeedReader_W1_BandA_Form_Equivalence_v0.22.csv,EQUIV-2.1,PROVISIONAL_STRUCTURAL,PROVISIONAL_STRUCTURAL → EMPIRICAL_REVIEW → PRODUCTION_APPROVED; SUSPENDED_RECALIBRATE on material change.,COMP-P10-1.0,,RECENCY-1.0,,,EVIDENCE-MIN-1.2,,COMP-COVERAGE-1.0,,,,,MIRROR_ONLY,SpeedReader_W1_BandA_Spec_v0.25.md,SpeedReader_W1_BandA_Spec_v0.25.md is sole normative source; v0.25 CSVs are mirrors only.,FORM-SUPPLY-1.0,PRE_GENERATED_QA_APPROVED_BANK,PROHIBITED,,,,STATE-SEP-1.0,Progress descriptors report P1/current trajectory only and cannot close readiness. BASELINE_MASTERY is allowed here.,"Use readiness_state only: PRIMARY_PENDING → PRIMARY_PASS/CONFIRMATION_PENDING → CONFIRMED_READY, or cause-specific NOT_YET / DISCORDANT_NOT_YET / REASSESS_TECHNICAL / INSUFFICIENT_EVIDENCE / INVALID_FORM / DIAGNOSTIC_HOLD. Only CONFIRMED_READY initially closes readiness; BASELINE_MASTERY is progress reporting only.",NONE,"Even if P1 meets the eventual P10 target, final readiness requires fresh P10 PRIMARY + matched CONFIRMATION."
v0.25,RS08,Repetition and restart control,P6,"Continue forward without unnecessary word repetitions, phrase repetitions or full restarts.",The learner does not repeatedly reread already-correct material simply because of uncertainty; purposeful brief self-correction is excluded.,unnecessary_repeats + full_restarts; separately record repetition used solely for accepted self-correction.,≤5 with ≤3 full restarts.,At P10: ≤2 unnecessary repeated-word/phrase events and ≤1 full restart per 100 words.,PROVISIONAL_PILOT,Use same-RS valid P10 evidence under the canonical readiness specification.,"Use readiness_state only: PRIMARY_PENDING → PRIMARY_PASS/CONFIRMATION_PENDING → CONFIRMED_READY, or cause-specific NOT_YET / DISCORDANT_NOT_YET / REASSESS_TECHNICAL / INSUFFICIENT_EVIDENCE / INVALID_FORM / DIAGNOSTIC_HOLD. Only CONFIRMED_READY initially closes readiness; BASELINE_MASTERY is progress reporting only.","CONFIRM-1.0: A single valid P10 pass never closes an RS. Each RS readiness cycle uses two fresh unseen equivalent P10 forms: PRIMARY then CONFIRMATION. No coaching, hints, scored-result disclosure, or targeted practice may occur between a passing PRIMARY and its CONFIRMATION. Both valid forms must satisfy the same RS P10 readiness rule. If PRIMARY fails, stop the cycle and remediate before a new cycle. If PRIMARY passes but CONFIRMATION fails, mark DISCORDANT_NOT_YET and remediate before a new cycle. Technical-invalid forms are REASSESS_TECHNICAL and do not count as valid attempts. All valid forms remain in the audit record; the system may never cherry-pick the best historical pass.","EQUIV-2.1: exact 100 COUNT-100 words; World 1 one-word display; same RS/P10, scoring version, threshold version/status, comprehension blueprint class and safety/accessibility gates; fresh unseen content; non-compensatory global + RS-specific matching; candidate must pass all tolerances embedded in the canonical v0.22 Markdown specification.","ATTEMPT-1.0: A readiness cycle is PRIMARY→CONFIRMATION. A valid failure ends that cycle. A new cycle may begin only after an intervening targeted learning block for that RS. After two consecutive failed/discordant valid cycles, set DIAGNOSTIC_HOLD and require at least two targeted non-readiness practice passages plus a documented diagnostic review before another readiness cycle. There is no unlimited back-to-back retry loop. Genuine later learning may reopen assessment after the required learning block.",PRIMARY_PENDING; PRIMARY_PASS; CONFIRMATION_PENDING; CONFIRMED_READY; NOT_YET; DISCORDANT_NOT_YET; REASSESS_TECHNICAL; INSUFFICIENT_EVIDENCE; INVALID_FORM; DIAGNOSTIC_HOLD; REVALIDATION_DUE; REVALIDATION_PENDING; CURRENT_REVALIDATED; NOT_YET_AFTER_REVALIDATION; VERSION_INVALIDATED. Only CONFIRMED_READY initially closes readiness.,EQUIV-2.1,SpeedReader_W1_BandA_Form_Equivalence_v0.22.csv,EQUIV-2.1,PROVISIONAL_STRUCTURAL,PROVISIONAL_STRUCTURAL → EMPIRICAL_REVIEW → PRODUCTION_APPROVED; SUSPENDED_RECALIBRATE on material change.,COMP-P10-1.0,,RECENCY-1.0,,,EVIDENCE-MIN-1.2,,COMP-COVERAGE-1.0,,,,,MIRROR_ONLY,SpeedReader_W1_BandA_Spec_v0.25.md,SpeedReader_W1_BandA_Spec_v0.25.md is sole normative source; v0.25 CSVs are mirrors only.,FORM-SUPPLY-1.0,PRE_GENERATED_QA_APPROVED_BANK,PROHIBITED,,,,STATE-SEP-1.0,Progress descriptors report P1/current trajectory only and cannot close readiness. BASELINE_MASTERY is allowed here.,"Use readiness_state only: PRIMARY_PENDING → PRIMARY_PASS/CONFIRMATION_PENDING → CONFIRMED_READY, or cause-specific NOT_YET / DISCORDANT_NOT_YET / REASSESS_TECHNICAL / INSUFFICIENT_EVIDENCE / INVALID_FORM / DIAGNOSTIC_HOLD. Only CONFIRMED_READY initially closes readiness; BASELINE_MASTERY is progress reporting only.",NONE,"Even if P1 meets the eventual P10 target, final readiness requires fresh P10 PRIMARY + matched CONFIRMATION."
v0.25,RS08,Repetition and restart control,P7,"Continue forward without unnecessary word repetitions, phrase repetitions or full restarts.",The learner does not repeatedly reread already-correct material simply because of uncertainty; purposeful brief self-correction is excluded.,unnecessary_repeats + full_restarts; separately record repetition used solely for accepted self-correction.,≤4 with ≤2 full restarts.,At P10: ≤2 unnecessary repeated-word/phrase events and ≤1 full restart per 100 words.,PROVISIONAL_PILOT,Use same-RS valid P10 evidence under the canonical readiness specification.,"Use readiness_state only: PRIMARY_PENDING → PRIMARY_PASS/CONFIRMATION_PENDING → CONFIRMED_READY, or cause-specific NOT_YET / DISCORDANT_NOT_YET / REASSESS_TECHNICAL / INSUFFICIENT_EVIDENCE / INVALID_FORM / DIAGNOSTIC_HOLD. Only CONFIRMED_READY initially closes readiness; BASELINE_MASTERY is progress reporting only.","CONFIRM-1.0: A single valid P10 pass never closes an RS. Each RS readiness cycle uses two fresh unseen equivalent P10 forms: PRIMARY then CONFIRMATION. No coaching, hints, scored-result disclosure, or targeted practice may occur between a passing PRIMARY and its CONFIRMATION. Both valid forms must satisfy the same RS P10 readiness rule. If PRIMARY fails, stop the cycle and remediate before a new cycle. If PRIMARY passes but CONFIRMATION fails, mark DISCORDANT_NOT_YET and remediate before a new cycle. Technical-invalid forms are REASSESS_TECHNICAL and do not count as valid attempts. All valid forms remain in the audit record; the system may never cherry-pick the best historical pass.","EQUIV-2.1: exact 100 COUNT-100 words; World 1 one-word display; same RS/P10, scoring version, threshold version/status, comprehension blueprint class and safety/accessibility gates; fresh unseen content; non-compensatory global + RS-specific matching; candidate must pass all tolerances embedded in the canonical v0.22 Markdown specification.","ATTEMPT-1.0: A readiness cycle is PRIMARY→CONFIRMATION. A valid failure ends that cycle. A new cycle may begin only after an intervening targeted learning block for that RS. After two consecutive failed/discordant valid cycles, set DIAGNOSTIC_HOLD and require at least two targeted non-readiness practice passages plus a documented diagnostic review before another readiness cycle. There is no unlimited back-to-back retry loop. Genuine later learning may reopen assessment after the required learning block.",PRIMARY_PENDING; PRIMARY_PASS; CONFIRMATION_PENDING; CONFIRMED_READY; NOT_YET; DISCORDANT_NOT_YET; REASSESS_TECHNICAL; INSUFFICIENT_EVIDENCE; INVALID_FORM; DIAGNOSTIC_HOLD; REVALIDATION_DUE; REVALIDATION_PENDING; CURRENT_REVALIDATED; NOT_YET_AFTER_REVALIDATION; VERSION_INVALIDATED. Only CONFIRMED_READY initially closes readiness.,EQUIV-2.1,SpeedReader_W1_BandA_Form_Equivalence_v0.22.csv,EQUIV-2.1,PROVISIONAL_STRUCTURAL,PROVISIONAL_STRUCTURAL → EMPIRICAL_REVIEW → PRODUCTION_APPROVED; SUSPENDED_RECALIBRATE on material change.,COMP-P10-1.0,,RECENCY-1.0,,,EVIDENCE-MIN-1.2,,COMP-COVERAGE-1.0,,,,,MIRROR_ONLY,SpeedReader_W1_BandA_Spec_v0.25.md,SpeedReader_W1_BandA_Spec_v0.25.md is sole normative source; v0.25 CSVs are mirrors only.,FORM-SUPPLY-1.0,PRE_GENERATED_QA_APPROVED_BANK,PROHIBITED,,,,STATE-SEP-1.0,Progress descriptors report P1/current trajectory only and cannot close readiness. BASELINE_MASTERY is allowed here.,"Use readiness_state only: PRIMARY_PENDING → PRIMARY_PASS/CONFIRMATION_PENDING → CONFIRMED_READY, or cause-specific NOT_YET / DISCORDANT_NOT_YET / REASSESS_TECHNICAL / INSUFFICIENT_EVIDENCE / INVALID_FORM / DIAGNOSTIC_HOLD. Only CONFIRMED_READY initially closes readiness; BASELINE_MASTERY is progress reporting only.",NONE,"Even if P1 meets the eventual P10 target, final readiness requires fresh P10 PRIMARY + matched CONFIRMATION."
v0.25,RS08,Repetition and restart control,P8,"Continue forward without unnecessary word repetitions, phrase repetitions or full restarts.",The learner does not repeatedly reread already-correct material simply because of uncertainty; purposeful brief self-correction is excluded.,unnecessary_repeats + full_restarts; separately record repetition used solely for accepted self-correction.,≤4 with ≤2 full restarts after a challenge word.,At P10: ≤2 unnecessary repeated-word/phrase events and ≤1 full restart per 100 words.,PROVISIONAL_PILOT,Use same-RS valid P10 evidence under the canonical readiness specification.,"Use readiness_state only: PRIMARY_PENDING → PRIMARY_PASS/CONFIRMATION_PENDING → CONFIRMED_READY, or cause-specific NOT_YET / DISCORDANT_NOT_YET / REASSESS_TECHNICAL / INSUFFICIENT_EVIDENCE / INVALID_FORM / DIAGNOSTIC_HOLD. Only CONFIRMED_READY initially closes readiness; BASELINE_MASTERY is progress reporting only.","CONFIRM-1.0: A single valid P10 pass never closes an RS. Each RS readiness cycle uses two fresh unseen equivalent P10 forms: PRIMARY then CONFIRMATION. No coaching, hints, scored-result disclosure, or targeted practice may occur between a passing PRIMARY and its CONFIRMATION. Both valid forms must satisfy the same RS P10 readiness rule. If PRIMARY fails, stop the cycle and remediate before a new cycle. If PRIMARY passes but CONFIRMATION fails, mark DISCORDANT_NOT_YET and remediate before a new cycle. Technical-invalid forms are REASSESS_TECHNICAL and do not count as valid attempts. All valid forms remain in the audit record; the system may never cherry-pick the best historical pass.","EQUIV-2.1: exact 100 COUNT-100 words; World 1 one-word display; same RS/P10, scoring version, threshold version/status, comprehension blueprint class and safety/accessibility gates; fresh unseen content; non-compensatory global + RS-specific matching; candidate must pass all tolerances embedded in the canonical v0.22 Markdown specification.","ATTEMPT-1.0: A readiness cycle is PRIMARY→CONFIRMATION. A valid failure ends that cycle. A new cycle may begin only after an intervening targeted learning block for that RS. After two consecutive failed/discordant valid cycles, set DIAGNOSTIC_HOLD and require at least two targeted non-readiness practice passages plus a documented diagnostic review before another readiness cycle. There is no unlimited back-to-back retry loop. Genuine later learning may reopen assessment after the required learning block.",PRIMARY_PENDING; PRIMARY_PASS; CONFIRMATION_PENDING; CONFIRMED_READY; NOT_YET; DISCORDANT_NOT_YET; REASSESS_TECHNICAL; INSUFFICIENT_EVIDENCE; INVALID_FORM; DIAGNOSTIC_HOLD; REVALIDATION_DUE; REVALIDATION_PENDING; CURRENT_REVALIDATED; NOT_YET_AFTER_REVALIDATION; VERSION_INVALIDATED. Only CONFIRMED_READY initially closes readiness.,EQUIV-2.1,SpeedReader_W1_BandA_Form_Equivalence_v0.22.csv,EQUIV-2.1,PROVISIONAL_STRUCTURAL,PROVISIONAL_STRUCTURAL → EMPIRICAL_REVIEW → PRODUCTION_APPROVED; SUSPENDED_RECALIBRATE on material change.,COMP-P10-1.0,,RECENCY-1.0,,,EVIDENCE-MIN-1.2,,COMP-COVERAGE-1.0,,,,,MIRROR_ONLY,SpeedReader_W1_BandA_Spec_v0.25.md,SpeedReader_W1_BandA_Spec_v0.25.md is sole normative source; v0.25 CSVs are mirrors only.,FORM-SUPPLY-1.0,PRE_GENERATED_QA_APPROVED_BANK,PROHIBITED,,,,STATE-SEP-1.0,Progress descriptors report P1/current trajectory only and cannot close readiness. BASELINE_MASTERY is allowed here.,"Use readiness_state only: PRIMARY_PENDING → PRIMARY_PASS/CONFIRMATION_PENDING → CONFIRMED_READY, or cause-specific NOT_YET / DISCORDANT_NOT_YET / REASSESS_TECHNICAL / INSUFFICIENT_EVIDENCE / INVALID_FORM / DIAGNOSTIC_HOLD. Only CONFIRMED_READY initially closes readiness; BASELINE_MASTERY is progress reporting only.",NONE,"Even if P1 meets the eventual P10 target, final readiness requires fresh P10 PRIMARY + matched CONFIRMATION."
v0.25,RS08,Repetition and restart control,P9,"Continue forward without unnecessary word repetitions, phrase repetitions or full restarts.",The learner does not repeatedly reread already-correct material simply because of uncertainty; purposeful brief self-correction is excluded.,unnecessary_repeats + full_restarts; separately record repetition used solely for accepted self-correction.,≤3 with ≤1 full restart.,At P10: ≤2 unnecessary repeated-word/phrase events and ≤1 full restart per 100 words.,PROVISIONAL_PILOT,Use same-RS valid P10 evidence under the canonical readiness specification.,"Use readiness_state only: PRIMARY_PENDING → PRIMARY_PASS/CONFIRMATION_PENDING → CONFIRMED_READY, or cause-specific NOT_YET / DISCORDANT_NOT_YET / REASSESS_TECHNICAL / INSUFFICIENT_EVIDENCE / INVALID_FORM / DIAGNOSTIC_HOLD. Only CONFIRMED_READY initially closes readiness; BASELINE_MASTERY is progress reporting only.","CONFIRM-1.0: A single valid P10 pass never closes an RS. Each RS readiness cycle uses two fresh unseen equivalent P10 forms: PRIMARY then CONFIRMATION. No coaching, hints, scored-result disclosure, or targeted practice may occur between a passing PRIMARY and its CONFIRMATION. Both valid forms must satisfy the same RS P10 readiness rule. If PRIMARY fails, stop the cycle and remediate before a new cycle. If PRIMARY passes but CONFIRMATION fails, mark DISCORDANT_NOT_YET and remediate before a new cycle. Technical-invalid forms are REASSESS_TECHNICAL and do not count as valid attempts. All valid forms remain in the audit record; the system may never cherry-pick the best historical pass.","EQUIV-2.1: exact 100 COUNT-100 words; World 1 one-word display; same RS/P10, scoring version, threshold version/status, comprehension blueprint class and safety/accessibility gates; fresh unseen content; non-compensatory global + RS-specific matching; candidate must pass all tolerances embedded in the canonical v0.22 Markdown specification.","ATTEMPT-1.0: A readiness cycle is PRIMARY→CONFIRMATION. A valid failure ends that cycle. A new cycle may begin only after an intervening targeted learning block for that RS. After two consecutive failed/discordant valid cycles, set DIAGNOSTIC_HOLD and require at least two targeted non-readiness practice passages plus a documented diagnostic review before another readiness cycle. There is no unlimited back-to-back retry loop. Genuine later learning may reopen assessment after the required learning block.",PRIMARY_PENDING; PRIMARY_PASS; CONFIRMATION_PENDING; CONFIRMED_READY; NOT_YET; DISCORDANT_NOT_YET; REASSESS_TECHNICAL; INSUFFICIENT_EVIDENCE; INVALID_FORM; DIAGNOSTIC_HOLD; REVALIDATION_DUE; REVALIDATION_PENDING; CURRENT_REVALIDATED; NOT_YET_AFTER_REVALIDATION; VERSION_INVALIDATED. Only CONFIRMED_READY initially closes readiness.,EQUIV-2.1,SpeedReader_W1_BandA_Form_Equivalence_v0.22.csv,EQUIV-2.1,PROVISIONAL_STRUCTURAL,PROVISIONAL_STRUCTURAL → EMPIRICAL_REVIEW → PRODUCTION_APPROVED; SUSPENDED_RECALIBRATE on material change.,COMP-P10-1.0,,RECENCY-1.0,,,EVIDENCE-MIN-1.2,,COMP-COVERAGE-1.0,,,,,MIRROR_ONLY,SpeedReader_W1_BandA_Spec_v0.25.md,SpeedReader_W1_BandA_Spec_v0.25.md is sole normative source; v0.25 CSVs are mirrors only.,FORM-SUPPLY-1.0,PRE_GENERATED_QA_APPROVED_BANK,PROHIBITED,,,,STATE-SEP-1.0,Progress descriptors report P1/current trajectory only and cannot close readiness. BASELINE_MASTERY is allowed here.,"Use readiness_state only: PRIMARY_PENDING → PRIMARY_PASS/CONFIRMATION_PENDING → CONFIRMED_READY, or cause-specific NOT_YET / DISCORDANT_NOT_YET / REASSESS_TECHNICAL / INSUFFICIENT_EVIDENCE / INVALID_FORM / DIAGNOSTIC_HOLD. Only CONFIRMED_READY initially closes readiness; BASELINE_MASTERY is progress reporting only.",NONE,"Even if P1 meets the eventual P10 target, final readiness requires fresh P10 PRIMARY + matched CONFIRMATION."
v0.25,RS08,Repetition and restart control,P10,"Continue forward without unnecessary word repetitions, phrase repetitions or full restarts.",The learner does not repeatedly reread already-correct material simply because of uncertainty; purposeful brief self-correction is excluded.,unnecessary_repeats + full_restarts; separately record repetition used solely for accepted self-correction.,≤2 with ≤1 full restart.,At P10: ≤2 unnecessary repeated-word/phrase events and ≤1 full restart per 100 words.,PROVISIONAL_PILOT,Use same-RS valid P10 evidence under the canonical readiness specification.,"Use readiness_state only: PRIMARY_PENDING → PRIMARY_PASS/CONFIRMATION_PENDING → CONFIRMED_READY, or cause-specific NOT_YET / DISCORDANT_NOT_YET / REASSESS_TECHNICAL / INSUFFICIENT_EVIDENCE / INVALID_FORM / DIAGNOSTIC_HOLD. Only CONFIRMED_READY initially closes readiness; BASELINE_MASTERY is progress reporting only.","CONFIRM-1.0: A single valid P10 pass never closes an RS. Each RS readiness cycle uses two fresh unseen equivalent P10 forms: PRIMARY then CONFIRMATION. No coaching, hints, scored-result disclosure, or targeted practice may occur between a passing PRIMARY and its CONFIRMATION. Both valid forms must satisfy the same RS P10 readiness rule. If PRIMARY fails, stop the cycle and remediate before a new cycle. If PRIMARY passes but CONFIRMATION fails, mark DISCORDANT_NOT_YET and remediate before a new cycle. Technical-invalid forms are REASSESS_TECHNICAL and do not count as valid attempts. All valid forms remain in the audit record; the system may never cherry-pick the best historical pass.","EQUIV-2.1: exact 100 COUNT-100 words; World 1 one-word display; same RS/P10, scoring version, threshold version/status, comprehension blueprint class and safety/accessibility gates; fresh unseen content; non-compensatory global + RS-specific matching; candidate must pass all tolerances embedded in the canonical v0.22 Markdown specification.","ATTEMPT-1.0: A readiness cycle is PRIMARY→CONFIRMATION. A valid failure ends that cycle. A new cycle may begin only after an intervening targeted learning block for that RS. After two consecutive failed/discordant valid cycles, set DIAGNOSTIC_HOLD and require at least two targeted non-readiness practice passages plus a documented diagnostic review before another readiness cycle. There is no unlimited back-to-back retry loop. Genuine later learning may reopen assessment after the required learning block.",PRIMARY_PENDING; PRIMARY_PASS; CONFIRMATION_PENDING; CONFIRMED_READY; NOT_YET; DISCORDANT_NOT_YET; REASSESS_TECHNICAL; INSUFFICIENT_EVIDENCE; INVALID_FORM; DIAGNOSTIC_HOLD; REVALIDATION_DUE; REVALIDATION_PENDING; CURRENT_REVALIDATED; NOT_YET_AFTER_REVALIDATION; VERSION_INVALIDATED. Only CONFIRMED_READY initially closes readiness.,EQUIV-2.1,SpeedReader_W1_BandA_Form_Equivalence_v0.22.csv,EQUIV-2.1,PROVISIONAL_STRUCTURAL,PROVISIONAL_STRUCTURAL → EMPIRICAL_REVIEW → PRODUCTION_APPROVED; SUSPENDED_RECALIBRATE on material change.,COMP-P10-1.0,"First-attempt independent mastery = at least 3/4 correct AND the designated primary-skill item correct, before any hint, targeted reread, answer feedback, narrowing, worked example, or remediation. Comprehension readiness requires two independent first-attempt passes on fresh matched forms: COMP_PRIMARY_PASS then COMP_CONFIRMATION_PASS. No targeted comprehension coaching, hinting, answer explanation, or missed-item disclosure occurs between a passing PRIMARY and its CONFIRMATION. Both forms use the same P10 blueprint class but fresh passage evidence and fresh question wording. Only COMPREHENSION_CONFIRMED contributes to Band-A readiness.",RECENCY-1.0,Readiness evidence remains CURRENT until the first of: >56 calendar days since the latest passing same-RS confirmation/revalidation; >16 subsequent valid Band-A assessment/remediation sessions; or >28 consecutive calendar days with no SpeedReader learning session. Material scoring/threshold-version changes invalidate evidence immediately rather than merely making it stale. These numeric limits are PROVISIONAL_PILOT and require later calibration.,"When evidence is REVALIDATION_DUE only because of recency/inactivity, use one fresh unseen EQUIV-2.1 same-RS P10 revalidation form. Score oral and comprehension streams independently before any targeted feedback. A passing stream renews only that stream's freshness anchor. A valid failing stream becomes NOT_YET and requires targeted remediation followed by a new full PRIMARY→CONFIRMATION cycle for that stream. Technical invalidity does not count as failure and does not reset freshness until valid evidence is obtained.",EVIDENCE-MIN-1.2,At least 90 assessable words total AND at least 28 assessable words in each passage third.,COMP-COVERAGE-1.0,Q1 D2: Sequence | Q2 D3: Cause/effect | Q3 D5: Feelings/motivation | Q4 D9: Judgment/application,,,,MIRROR_ONLY,SpeedReader_W1_BandA_Spec_v0.25.md,SpeedReader_W1_BandA_Spec_v0.25.md is sole normative source; v0.25 CSVs are mirrors only.,FORM-SUPPLY-1.0,PRE_GENERATED_QA_APPROVED_BANK,PROHIBITED,first≥28; middle≥28; final≥28; total≥90.,,,STATE-SEP-1.0,Progress descriptors report P1/current trajectory only and cannot close readiness. BASELINE_MASTERY is allowed here.,"Use readiness_state only: PRIMARY_PENDING → PRIMARY_PASS/CONFIRMATION_PENDING → CONFIRMED_READY, or cause-specific NOT_YET / DISCORDANT_NOT_YET / REASSESS_TECHNICAL / INSUFFICIENT_EVIDENCE / INVALID_FORM / DIAGNOSTIC_HOLD. Only CONFIRMED_READY initially closes readiness; BASELINE_MASTERY is progress reporting only.",NONE,"Even if P1 meets the eventual P10 target, final readiness requires fresh P10 PRIMARY + matched CONFIRMATION."
v0.25,RS09,Sentence-boundary control,P1,Recognise sentence endings orally while keeping one-word visual tracking.,"At full stops, question marks and exclamation marks, the learner makes a brief natural boundary pause and begins the next sentence cleanly.",sentence_boundary_compliance = eligible terminal marks followed by 150–1800 ms pause / eligible terminal marks; boundary_linked_omissions.,Baseline boundary pauses; use clear short sentences.,At P10: ≥85% sentence-boundary compliance and zero boundary-linked omitted first words.,PROVISIONAL_PILOT,Use same-RS valid P10 evidence under the canonical readiness specification.,"Use readiness_state only: PRIMARY_PENDING → PRIMARY_PASS/CONFIRMATION_PENDING → CONFIRMED_READY, or cause-specific NOT_YET / DISCORDANT_NOT_YET / REASSESS_TECHNICAL / INSUFFICIENT_EVIDENCE / INVALID_FORM / DIAGNOSTIC_HOLD. Only CONFIRMED_READY initially closes readiness; BASELINE_MASTERY is progress reporting only.","CONFIRM-1.0: A single valid P10 pass never closes an RS. Each RS readiness cycle uses two fresh unseen equivalent P10 forms: PRIMARY then CONFIRMATION. No coaching, hints, scored-result disclosure, or targeted practice may occur between a passing PRIMARY and its CONFIRMATION. Both valid forms must satisfy the same RS P10 readiness rule. If PRIMARY fails, stop the cycle and remediate before a new cycle. If PRIMARY passes but CONFIRMATION fails, mark DISCORDANT_NOT_YET and remediate before a new cycle. Technical-invalid forms are REASSESS_TECHNICAL and do not count as valid attempts. All valid forms remain in the audit record; the system may never cherry-pick the best historical pass.","EQUIV-2.1: exact 100 COUNT-100 words; World 1 one-word display; same RS/P10, scoring version, threshold version/status, comprehension blueprint class and safety/accessibility gates; fresh unseen content; non-compensatory global + RS-specific matching; candidate must pass all tolerances embedded in the canonical v0.22 Markdown specification.","ATTEMPT-1.0: A readiness cycle is PRIMARY→CONFIRMATION. A valid failure ends that cycle. A new cycle may begin only after an intervening targeted learning block for that RS. After two consecutive failed/discordant valid cycles, set DIAGNOSTIC_HOLD and require at least two targeted non-readiness practice passages plus a documented diagnostic review before another readiness cycle. There is no unlimited back-to-back retry loop. Genuine later learning may reopen assessment after the required learning block.",PRIMARY_PENDING; PRIMARY_PASS; CONFIRMATION_PENDING; CONFIRMED_READY; NOT_YET; DISCORDANT_NOT_YET; REASSESS_TECHNICAL; INSUFFICIENT_EVIDENCE; INVALID_FORM; DIAGNOSTIC_HOLD; REVALIDATION_DUE; REVALIDATION_PENDING; CURRENT_REVALIDATED; NOT_YET_AFTER_REVALIDATION; VERSION_INVALIDATED. Only CONFIRMED_READY initially closes readiness.,EQUIV-2.1,SpeedReader_W1_BandA_Form_Equivalence_v0.22.csv,EQUIV-2.1,PROVISIONAL_STRUCTURAL,PROVISIONAL_STRUCTURAL → EMPIRICAL_REVIEW → PRODUCTION_APPROVED; SUSPENDED_RECALIBRATE on material change.,COMP-P10-1.0,,RECENCY-1.0,,,EVIDENCE-MIN-1.2,,COMP-COVERAGE-1.0,,,,,MIRROR_ONLY,SpeedReader_W1_BandA_Spec_v0.25.md,SpeedReader_W1_BandA_Spec_v0.25.md is sole normative source; v0.25 CSVs are mirrors only.,FORM-SUPPLY-1.0,PRE_GENERATED_QA_APPROVED_BANK,PROHIBITED,,,,STATE-SEP-1.0,Progress descriptors report P1/current trajectory only and cannot close readiness. BASELINE_MASTERY is allowed here.,"Use readiness_state only: PRIMARY_PENDING → PRIMARY_PASS/CONFIRMATION_PENDING → CONFIRMED_READY, or cause-specific NOT_YET / DISCORDANT_NOT_YET / REASSESS_TECHNICAL / INSUFFICIENT_EVIDENCE / INVALID_FORM / DIAGNOSTIC_HOLD. Only CONFIRMED_READY initially closes readiness; BASELINE_MASTERY is progress reporting only.",NONE,"Even if P1 meets the eventual P10 target, final readiness requires fresh P10 PRIMARY + matched CONFIRMATION."
v0.25,RS09,Sentence-boundary control,P2,Recognise sentence endings orally while keeping one-word visual tracking.,"At full stops, question marks and exclamation marks, the learner makes a brief natural boundary pause and begins the next sentence cleanly.",sentence_boundary_compliance = eligible terminal marks followed by 150–1800 ms pause / eligible terminal marks; boundary_linked_omissions.,≥50% compliant boundaries.,At P10: ≥85% sentence-boundary compliance and zero boundary-linked omitted first words.,PROVISIONAL_PILOT,Use same-RS valid P10 evidence under the canonical readiness specification.,"Use readiness_state only: PRIMARY_PENDING → PRIMARY_PASS/CONFIRMATION_PENDING → CONFIRMED_READY, or cause-specific NOT_YET / DISCORDANT_NOT_YET / REASSESS_TECHNICAL / INSUFFICIENT_EVIDENCE / INVALID_FORM / DIAGNOSTIC_HOLD. Only CONFIRMED_READY initially closes readiness; BASELINE_MASTERY is progress reporting only.","CONFIRM-1.0: A single valid P10 pass never closes an RS. Each RS readiness cycle uses two fresh unseen equivalent P10 forms: PRIMARY then CONFIRMATION. No coaching, hints, scored-result disclosure, or targeted practice may occur between a passing PRIMARY and its CONFIRMATION. Both valid forms must satisfy the same RS P10 readiness rule. If PRIMARY fails, stop the cycle and remediate before a new cycle. If PRIMARY passes but CONFIRMATION fails, mark DISCORDANT_NOT_YET and remediate before a new cycle. Technical-invalid forms are REASSESS_TECHNICAL and do not count as valid attempts. All valid forms remain in the audit record; the system may never cherry-pick the best historical pass.","EQUIV-2.1: exact 100 COUNT-100 words; World 1 one-word display; same RS/P10, scoring version, threshold version/status, comprehension blueprint class and safety/accessibility gates; fresh unseen content; non-compensatory global + RS-specific matching; candidate must pass all tolerances embedded in the canonical v0.22 Markdown specification.","ATTEMPT-1.0: A readiness cycle is PRIMARY→CONFIRMATION. A valid failure ends that cycle. A new cycle may begin only after an intervening targeted learning block for that RS. After two consecutive failed/discordant valid cycles, set DIAGNOSTIC_HOLD and require at least two targeted non-readiness practice passages plus a documented diagnostic review before another readiness cycle. There is no unlimited back-to-back retry loop. Genuine later learning may reopen assessment after the required learning block.",PRIMARY_PENDING; PRIMARY_PASS; CONFIRMATION_PENDING; CONFIRMED_READY; NOT_YET; DISCORDANT_NOT_YET; REASSESS_TECHNICAL; INSUFFICIENT_EVIDENCE; INVALID_FORM; DIAGNOSTIC_HOLD; REVALIDATION_DUE; REVALIDATION_PENDING; CURRENT_REVALIDATED; NOT_YET_AFTER_REVALIDATION; VERSION_INVALIDATED. Only CONFIRMED_READY initially closes readiness.,EQUIV-2.1,SpeedReader_W1_BandA_Form_Equivalence_v0.22.csv,EQUIV-2.1,PROVISIONAL_STRUCTURAL,PROVISIONAL_STRUCTURAL → EMPIRICAL_REVIEW → PRODUCTION_APPROVED; SUSPENDED_RECALIBRATE on material change.,COMP-P10-1.0,,RECENCY-1.0,,,EVIDENCE-MIN-1.2,,COMP-COVERAGE-1.0,,,,,MIRROR_ONLY,SpeedReader_W1_BandA_Spec_v0.25.md,SpeedReader_W1_BandA_Spec_v0.25.md is sole normative source; v0.25 CSVs are mirrors only.,FORM-SUPPLY-1.0,PRE_GENERATED_QA_APPROVED_BANK,PROHIBITED,,,,STATE-SEP-1.0,Progress descriptors report P1/current trajectory only and cannot close readiness. BASELINE_MASTERY is allowed here.,"Use readiness_state only: PRIMARY_PENDING → PRIMARY_PASS/CONFIRMATION_PENDING → CONFIRMED_READY, or cause-specific NOT_YET / DISCORDANT_NOT_YET / REASSESS_TECHNICAL / INSUFFICIENT_EVIDENCE / INVALID_FORM / DIAGNOSTIC_HOLD. Only CONFIRMED_READY initially closes readiness; BASELINE_MASTERY is progress reporting only.",NONE,"Even if P1 meets the eventual P10 target, final readiness requires fresh P10 PRIMARY + matched CONFIRMATION."
v0.25,RS09,Sentence-boundary control,P3,Recognise sentence endings orally while keeping one-word visual tracking.,"At full stops, question marks and exclamation marks, the learner makes a brief natural boundary pause and begins the next sentence cleanly.",sentence_boundary_compliance = eligible terminal marks followed by 150–1800 ms pause / eligible terminal marks; boundary_linked_omissions.,≥55%.,At P10: ≥85% sentence-boundary compliance and zero boundary-linked omitted first words.,PROVISIONAL_PILOT,Use same-RS valid P10 evidence under the canonical readiness specification.,"Use readiness_state only: PRIMARY_PENDING → PRIMARY_PASS/CONFIRMATION_PENDING → CONFIRMED_READY, or cause-specific NOT_YET / DISCORDANT_NOT_YET / REASSESS_TECHNICAL / INSUFFICIENT_EVIDENCE / INVALID_FORM / DIAGNOSTIC_HOLD. Only CONFIRMED_READY initially closes readiness; BASELINE_MASTERY is progress reporting only.","CONFIRM-1.0: A single valid P10 pass never closes an RS. Each RS readiness cycle uses two fresh unseen equivalent P10 forms: PRIMARY then CONFIRMATION. No coaching, hints, scored-result disclosure, or targeted practice may occur between a passing PRIMARY and its CONFIRMATION. Both valid forms must satisfy the same RS P10 readiness rule. If PRIMARY fails, stop the cycle and remediate before a new cycle. If PRIMARY passes but CONFIRMATION fails, mark DISCORDANT_NOT_YET and remediate before a new cycle. Technical-invalid forms are REASSESS_TECHNICAL and do not count as valid attempts. All valid forms remain in the audit record; the system may never cherry-pick the best historical pass.","EQUIV-2.1: exact 100 COUNT-100 words; World 1 one-word display; same RS/P10, scoring version, threshold version/status, comprehension blueprint class and safety/accessibility gates; fresh unseen content; non-compensatory global + RS-specific matching; candidate must pass all tolerances embedded in the canonical v0.22 Markdown specification.","ATTEMPT-1.0: A readiness cycle is PRIMARY→CONFIRMATION. A valid failure ends that cycle. A new cycle may begin only after an intervening targeted learning block for that RS. After two consecutive failed/discordant valid cycles, set DIAGNOSTIC_HOLD and require at least two targeted non-readiness practice passages plus a documented diagnostic review before another readiness cycle. There is no unlimited back-to-back retry loop. Genuine later learning may reopen assessment after the required learning block.",PRIMARY_PENDING; PRIMARY_PASS; CONFIRMATION_PENDING; CONFIRMED_READY; NOT_YET; DISCORDANT_NOT_YET; REASSESS_TECHNICAL; INSUFFICIENT_EVIDENCE; INVALID_FORM; DIAGNOSTIC_HOLD; REVALIDATION_DUE; REVALIDATION_PENDING; CURRENT_REVALIDATED; NOT_YET_AFTER_REVALIDATION; VERSION_INVALIDATED. Only CONFIRMED_READY initially closes readiness.,EQUIV-2.1,SpeedReader_W1_BandA_Form_Equivalence_v0.22.csv,EQUIV-2.1,PROVISIONAL_STRUCTURAL,PROVISIONAL_STRUCTURAL → EMPIRICAL_REVIEW → PRODUCTION_APPROVED; SUSPENDED_RECALIBRATE on material change.,COMP-P10-1.0,,RECENCY-1.0,,,EVIDENCE-MIN-1.2,,COMP-COVERAGE-1.0,,,,,MIRROR_ONLY,SpeedReader_W1_BandA_Spec_v0.25.md,SpeedReader_W1_BandA_Spec_v0.25.md is sole normative source; v0.25 CSVs are mirrors only.,FORM-SUPPLY-1.0,PRE_GENERATED_QA_APPROVED_BANK,PROHIBITED,,,,STATE-SEP-1.0,Progress descriptors report P1/current trajectory only and cannot close readiness. BASELINE_MASTERY is allowed here.,"Use readiness_state only: PRIMARY_PENDING → PRIMARY_PASS/CONFIRMATION_PENDING → CONFIRMED_READY, or cause-specific NOT_YET / DISCORDANT_NOT_YET / REASSESS_TECHNICAL / INSUFFICIENT_EVIDENCE / INVALID_FORM / DIAGNOSTIC_HOLD. Only CONFIRMED_READY initially closes readiness; BASELINE_MASTERY is progress reporting only.",NONE,"Even if P1 meets the eventual P10 target, final readiness requires fresh P10 PRIMARY + matched CONFIRMATION."
v0.25,RS09,Sentence-boundary control,P4,Recognise sentence endings orally while keeping one-word visual tracking.,"At full stops, question marks and exclamation marks, the learner makes a brief natural boundary pause and begins the next sentence cleanly.",sentence_boundary_compliance = eligible terminal marks followed by 150–1800 ms pause / eligible terminal marks; boundary_linked_omissions.,≥60%.,At P10: ≥85% sentence-boundary compliance and zero boundary-linked omitted first words.,PROVISIONAL_PILOT,Use same-RS valid P10 evidence under the canonical readiness specification.,"Use readiness_state only: PRIMARY_PENDING → PRIMARY_PASS/CONFIRMATION_PENDING → CONFIRMED_READY, or cause-specific NOT_YET / DISCORDANT_NOT_YET / REASSESS_TECHNICAL / INSUFFICIENT_EVIDENCE / INVALID_FORM / DIAGNOSTIC_HOLD. Only CONFIRMED_READY initially closes readiness; BASELINE_MASTERY is progress reporting only.","CONFIRM-1.0: A single valid P10 pass never closes an RS. Each RS readiness cycle uses two fresh unseen equivalent P10 forms: PRIMARY then CONFIRMATION. No coaching, hints, scored-result disclosure, or targeted practice may occur between a passing PRIMARY and its CONFIRMATION. Both valid forms must satisfy the same RS P10 readiness rule. If PRIMARY fails, stop the cycle and remediate before a new cycle. If PRIMARY passes but CONFIRMATION fails, mark DISCORDANT_NOT_YET and remediate before a new cycle. Technical-invalid forms are REASSESS_TECHNICAL and do not count as valid attempts. All valid forms remain in the audit record; the system may never cherry-pick the best historical pass.","EQUIV-2.1: exact 100 COUNT-100 words; World 1 one-word display; same RS/P10, scoring version, threshold version/status, comprehension blueprint class and safety/accessibility gates; fresh unseen content; non-compensatory global + RS-specific matching; candidate must pass all tolerances embedded in the canonical v0.22 Markdown specification.","ATTEMPT-1.0: A readiness cycle is PRIMARY→CONFIRMATION. A valid failure ends that cycle. A new cycle may begin only after an intervening targeted learning block for that RS. After two consecutive failed/discordant valid cycles, set DIAGNOSTIC_HOLD and require at least two targeted non-readiness practice passages plus a documented diagnostic review before another readiness cycle. There is no unlimited back-to-back retry loop. Genuine later learning may reopen assessment after the required learning block.",PRIMARY_PENDING; PRIMARY_PASS; CONFIRMATION_PENDING; CONFIRMED_READY; NOT_YET; DISCORDANT_NOT_YET; REASSESS_TECHNICAL; INSUFFICIENT_EVIDENCE; INVALID_FORM; DIAGNOSTIC_HOLD; REVALIDATION_DUE; REVALIDATION_PENDING; CURRENT_REVALIDATED; NOT_YET_AFTER_REVALIDATION; VERSION_INVALIDATED. Only CONFIRMED_READY initially closes readiness.,EQUIV-2.1,SpeedReader_W1_BandA_Form_Equivalence_v0.22.csv,EQUIV-2.1,PROVISIONAL_STRUCTURAL,PROVISIONAL_STRUCTURAL → EMPIRICAL_REVIEW → PRODUCTION_APPROVED; SUSPENDED_RECALIBRATE on material change.,COMP-P10-1.0,,RECENCY-1.0,,,EVIDENCE-MIN-1.2,,COMP-COVERAGE-1.0,,,,,MIRROR_ONLY,SpeedReader_W1_BandA_Spec_v0.25.md,SpeedReader_W1_BandA_Spec_v0.25.md is sole normative source; v0.25 CSVs are mirrors only.,FORM-SUPPLY-1.0,PRE_GENERATED_QA_APPROVED_BANK,PROHIBITED,,,,STATE-SEP-1.0,Progress descriptors report P1/current trajectory only and cannot close readiness. BASELINE_MASTERY is allowed here.,"Use readiness_state only: PRIMARY_PENDING → PRIMARY_PASS/CONFIRMATION_PENDING → CONFIRMED_READY, or cause-specific NOT_YET / DISCORDANT_NOT_YET / REASSESS_TECHNICAL / INSUFFICIENT_EVIDENCE / INVALID_FORM / DIAGNOSTIC_HOLD. Only CONFIRMED_READY initially closes readiness; BASELINE_MASTERY is progress reporting only.",NONE,"Even if P1 meets the eventual P10 target, final readiness requires fresh P10 PRIMARY + matched CONFIRMATION."
v0.25,RS09,Sentence-boundary control,P5,Recognise sentence endings orally while keeping one-word visual tracking.,"At full stops, question marks and exclamation marks, the learner makes a brief natural boundary pause and begins the next sentence cleanly.",sentence_boundary_compliance = eligible terminal marks followed by 150–1800 ms pause / eligible terminal marks; boundary_linked_omissions.,≥65%.,At P10: ≥85% sentence-boundary compliance and zero boundary-linked omitted first words.,PROVISIONAL_PILOT,Use same-RS valid P10 evidence under the canonical readiness specification.,"Use readiness_state only: PRIMARY_PENDING → PRIMARY_PASS/CONFIRMATION_PENDING → CONFIRMED_READY, or cause-specific NOT_YET / DISCORDANT_NOT_YET / REASSESS_TECHNICAL / INSUFFICIENT_EVIDENCE / INVALID_FORM / DIAGNOSTIC_HOLD. Only CONFIRMED_READY initially closes readiness; BASELINE_MASTERY is progress reporting only.","CONFIRM-1.0: A single valid P10 pass never closes an RS. Each RS readiness cycle uses two fresh unseen equivalent P10 forms: PRIMARY then CONFIRMATION. No coaching, hints, scored-result disclosure, or targeted practice may occur between a passing PRIMARY and its CONFIRMATION. Both valid forms must satisfy the same RS P10 readiness rule. If PRIMARY fails, stop the cycle and remediate before a new cycle. If PRIMARY passes but CONFIRMATION fails, mark DISCORDANT_NOT_YET and remediate before a new cycle. Technical-invalid forms are REASSESS_TECHNICAL and do not count as valid attempts. All valid forms remain in the audit record; the system may never cherry-pick the best historical pass.","EQUIV-2.1: exact 100 COUNT-100 words; World 1 one-word display; same RS/P10, scoring version, threshold version/status, comprehension blueprint class and safety/accessibility gates; fresh unseen content; non-compensatory global + RS-specific matching; candidate must pass all tolerances embedded in the canonical v0.22 Markdown specification.","ATTEMPT-1.0: A readiness cycle is PRIMARY→CONFIRMATION. A valid failure ends that cycle. A new cycle may begin only after an intervening targeted learning block for that RS. After two consecutive failed/discordant valid cycles, set DIAGNOSTIC_HOLD and require at least two targeted non-readiness practice passages plus a documented diagnostic review before another readiness cycle. There is no unlimited back-to-back retry loop. Genuine later learning may reopen assessment after the required learning block.",PRIMARY_PENDING; PRIMARY_PASS; CONFIRMATION_PENDING; CONFIRMED_READY; NOT_YET; DISCORDANT_NOT_YET; REASSESS_TECHNICAL; INSUFFICIENT_EVIDENCE; INVALID_FORM; DIAGNOSTIC_HOLD; REVALIDATION_DUE; REVALIDATION_PENDING; CURRENT_REVALIDATED; NOT_YET_AFTER_REVALIDATION; VERSION_INVALIDATED. Only CONFIRMED_READY initially closes readiness.,EQUIV-2.1,SpeedReader_W1_BandA_Form_Equivalence_v0.22.csv,EQUIV-2.1,PROVISIONAL_STRUCTURAL,PROVISIONAL_STRUCTURAL → EMPIRICAL_REVIEW → PRODUCTION_APPROVED; SUSPENDED_RECALIBRATE on material change.,COMP-P10-1.0,,RECENCY-1.0,,,EVIDENCE-MIN-1.2,,COMP-COVERAGE-1.0,,,,,MIRROR_ONLY,SpeedReader_W1_BandA_Spec_v0.25.md,SpeedReader_W1_BandA_Spec_v0.25.md is sole normative source; v0.25 CSVs are mirrors only.,FORM-SUPPLY-1.0,PRE_GENERATED_QA_APPROVED_BANK,PROHIBITED,,,,STATE-SEP-1.0,Progress descriptors report P1/current trajectory only and cannot close readiness. BASELINE_MASTERY is allowed here.,"Use readiness_state only: PRIMARY_PENDING → PRIMARY_PASS/CONFIRMATION_PENDING → CONFIRMED_READY, or cause-specific NOT_YET / DISCORDANT_NOT_YET / REASSESS_TECHNICAL / INSUFFICIENT_EVIDENCE / INVALID_FORM / DIAGNOSTIC_HOLD. Only CONFIRMED_READY initially closes readiness; BASELINE_MASTERY is progress reporting only.",NONE,"Even if P1 meets the eventual P10 target, final readiness requires fresh P10 PRIMARY + matched CONFIRMATION."
v0.25,RS09,Sentence-boundary control,P6,Recognise sentence endings orally while keeping one-word visual tracking.,"At full stops, question marks and exclamation marks, the learner makes a brief natural boundary pause and begins the next sentence cleanly.",sentence_boundary_compliance = eligible terminal marks followed by 150–1800 ms pause / eligible terminal marks; boundary_linked_omissions.,≥70%.,At P10: ≥85% sentence-boundary compliance and zero boundary-linked omitted first words.,PROVISIONAL_PILOT,Use same-RS valid P10 evidence under the canonical readiness specification.,"Use readiness_state only: PRIMARY_PENDING → PRIMARY_PASS/CONFIRMATION_PENDING → CONFIRMED_READY, or cause-specific NOT_YET / DISCORDANT_NOT_YET / REASSESS_TECHNICAL / INSUFFICIENT_EVIDENCE / INVALID_FORM / DIAGNOSTIC_HOLD. Only CONFIRMED_READY initially closes readiness; BASELINE_MASTERY is progress reporting only.","CONFIRM-1.0: A single valid P10 pass never closes an RS. Each RS readiness cycle uses two fresh unseen equivalent P10 forms: PRIMARY then CONFIRMATION. No coaching, hints, scored-result disclosure, or targeted practice may occur between a passing PRIMARY and its CONFIRMATION. Both valid forms must satisfy the same RS P10 readiness rule. If PRIMARY fails, stop the cycle and remediate before a new cycle. If PRIMARY passes but CONFIRMATION fails, mark DISCORDANT_NOT_YET and remediate before a new cycle. Technical-invalid forms are REASSESS_TECHNICAL and do not count as valid attempts. All valid forms remain in the audit record; the system may never cherry-pick the best historical pass.","EQUIV-2.1: exact 100 COUNT-100 words; World 1 one-word display; same RS/P10, scoring version, threshold version/status, comprehension blueprint class and safety/accessibility gates; fresh unseen content; non-compensatory global + RS-specific matching; candidate must pass all tolerances embedded in the canonical v0.22 Markdown specification.","ATTEMPT-1.0: A readiness cycle is PRIMARY→CONFIRMATION. A valid failure ends that cycle. A new cycle may begin only after an intervening targeted learning block for that RS. After two consecutive failed/discordant valid cycles, set DIAGNOSTIC_HOLD and require at least two targeted non-readiness practice passages plus a documented diagnostic review before another readiness cycle. There is no unlimited back-to-back retry loop. Genuine later learning may reopen assessment after the required learning block.",PRIMARY_PENDING; PRIMARY_PASS; CONFIRMATION_PENDING; CONFIRMED_READY; NOT_YET; DISCORDANT_NOT_YET; REASSESS_TECHNICAL; INSUFFICIENT_EVIDENCE; INVALID_FORM; DIAGNOSTIC_HOLD; REVALIDATION_DUE; REVALIDATION_PENDING; CURRENT_REVALIDATED; NOT_YET_AFTER_REVALIDATION; VERSION_INVALIDATED. Only CONFIRMED_READY initially closes readiness.,EQUIV-2.1,SpeedReader_W1_BandA_Form_Equivalence_v0.22.csv,EQUIV-2.1,PROVISIONAL_STRUCTURAL,PROVISIONAL_STRUCTURAL → EMPIRICAL_REVIEW → PRODUCTION_APPROVED; SUSPENDED_RECALIBRATE on material change.,COMP-P10-1.0,,RECENCY-1.0,,,EVIDENCE-MIN-1.2,,COMP-COVERAGE-1.0,,,,,MIRROR_ONLY,SpeedReader_W1_BandA_Spec_v0.25.md,SpeedReader_W1_BandA_Spec_v0.25.md is sole normative source; v0.25 CSVs are mirrors only.,FORM-SUPPLY-1.0,PRE_GENERATED_QA_APPROVED_BANK,PROHIBITED,,,,STATE-SEP-1.0,Progress descriptors report P1/current trajectory only and cannot close readiness. BASELINE_MASTERY is allowed here.,"Use readiness_state only: PRIMARY_PENDING → PRIMARY_PASS/CONFIRMATION_PENDING → CONFIRMED_READY, or cause-specific NOT_YET / DISCORDANT_NOT_YET / REASSESS_TECHNICAL / INSUFFICIENT_EVIDENCE / INVALID_FORM / DIAGNOSTIC_HOLD. Only CONFIRMED_READY initially closes readiness; BASELINE_MASTERY is progress reporting only.",NONE,"Even if P1 meets the eventual P10 target, final readiness requires fresh P10 PRIMARY + matched CONFIRMATION."
v0.25,RS09,Sentence-boundary control,P7,Recognise sentence endings orally while keeping one-word visual tracking.,"At full stops, question marks and exclamation marks, the learner makes a brief natural boundary pause and begins the next sentence cleanly.",sentence_boundary_compliance = eligible terminal marks followed by 150–1800 ms pause / eligible terminal marks; boundary_linked_omissions.,≥75% with no more than 1 boundary-linked omission.,At P10: ≥85% sentence-boundary compliance and zero boundary-linked omitted first words.,PROVISIONAL_PILOT,Use same-RS valid P10 evidence under the canonical readiness specification.,"Use readiness_state only: PRIMARY_PENDING → PRIMARY_PASS/CONFIRMATION_PENDING → CONFIRMED_READY, or cause-specific NOT_YET / DISCORDANT_NOT_YET / REASSESS_TECHNICAL / INSUFFICIENT_EVIDENCE / INVALID_FORM / DIAGNOSTIC_HOLD. Only CONFIRMED_READY initially closes readiness; BASELINE_MASTERY is progress reporting only.","CONFIRM-1.0: A single valid P10 pass never closes an RS. Each RS readiness cycle uses two fresh unseen equivalent P10 forms: PRIMARY then CONFIRMATION. No coaching, hints, scored-result disclosure, or targeted practice may occur between a passing PRIMARY and its CONFIRMATION. Both valid forms must satisfy the same RS P10 readiness rule. If PRIMARY fails, stop the cycle and remediate before a new cycle. If PRIMARY passes but CONFIRMATION fails, mark DISCORDANT_NOT_YET and remediate before a new cycle. Technical-invalid forms are REASSESS_TECHNICAL and do not count as valid attempts. All valid forms remain in the audit record; the system may never cherry-pick the best historical pass.","EQUIV-2.1: exact 100 COUNT-100 words; World 1 one-word display; same RS/P10, scoring version, threshold version/status, comprehension blueprint class and safety/accessibility gates; fresh unseen content; non-compensatory global + RS-specific matching; candidate must pass all tolerances embedded in the canonical v0.22 Markdown specification.","ATTEMPT-1.0: A readiness cycle is PRIMARY→CONFIRMATION. A valid failure ends that cycle. A new cycle may begin only after an intervening targeted learning block for that RS. After two consecutive failed/discordant valid cycles, set DIAGNOSTIC_HOLD and require at least two targeted non-readiness practice passages plus a documented diagnostic review before another readiness cycle. There is no unlimited back-to-back retry loop. Genuine later learning may reopen assessment after the required learning block.",PRIMARY_PENDING; PRIMARY_PASS; CONFIRMATION_PENDING; CONFIRMED_READY; NOT_YET; DISCORDANT_NOT_YET; REASSESS_TECHNICAL; INSUFFICIENT_EVIDENCE; INVALID_FORM; DIAGNOSTIC_HOLD; REVALIDATION_DUE; REVALIDATION_PENDING; CURRENT_REVALIDATED; NOT_YET_AFTER_REVALIDATION; VERSION_INVALIDATED. Only CONFIRMED_READY initially closes readiness.,EQUIV-2.1,SpeedReader_W1_BandA_Form_Equivalence_v0.22.csv,EQUIV-2.1,PROVISIONAL_STRUCTURAL,PROVISIONAL_STRUCTURAL → EMPIRICAL_REVIEW → PRODUCTION_APPROVED; SUSPENDED_RECALIBRATE on material change.,COMP-P10-1.0,,RECENCY-1.0,,,EVIDENCE-MIN-1.2,,COMP-COVERAGE-1.0,,,,,MIRROR_ONLY,SpeedReader_W1_BandA_Spec_v0.25.md,SpeedReader_W1_BandA_Spec_v0.25.md is sole normative source; v0.25 CSVs are mirrors only.,FORM-SUPPLY-1.0,PRE_GENERATED_QA_APPROVED_BANK,PROHIBITED,,,,STATE-SEP-1.0,Progress descriptors report P1/current trajectory only and cannot close readiness. BASELINE_MASTERY is allowed here.,"Use readiness_state only: PRIMARY_PENDING → PRIMARY_PASS/CONFIRMATION_PENDING → CONFIRMED_READY, or cause-specific NOT_YET / DISCORDANT_NOT_YET / REASSESS_TECHNICAL / INSUFFICIENT_EVIDENCE / INVALID_FORM / DIAGNOSTIC_HOLD. Only CONFIRMED_READY initially closes readiness; BASELINE_MASTERY is progress reporting only.",NONE,"Even if P1 meets the eventual P10 target, final readiness requires fresh P10 PRIMARY + matched CONFIRMATION."
v0.25,RS09,Sentence-boundary control,P8,Recognise sentence endings orally while keeping one-word visual tracking.,"At full stops, question marks and exclamation marks, the learner makes a brief natural boundary pause and begins the next sentence cleanly.",sentence_boundary_compliance = eligible terminal marks followed by 150–1800 ms pause / eligible terminal marks; boundary_linked_omissions.,≥78%.,At P10: ≥85% sentence-boundary compliance and zero boundary-linked omitted first words.,PROVISIONAL_PILOT,Use same-RS valid P10 evidence under the canonical readiness specification.,"Use readiness_state only: PRIMARY_PENDING → PRIMARY_PASS/CONFIRMATION_PENDING → CONFIRMED_READY, or cause-specific NOT_YET / DISCORDANT_NOT_YET / REASSESS_TECHNICAL / INSUFFICIENT_EVIDENCE / INVALID_FORM / DIAGNOSTIC_HOLD. Only CONFIRMED_READY initially closes readiness; BASELINE_MASTERY is progress reporting only.","CONFIRM-1.0: A single valid P10 pass never closes an RS. Each RS readiness cycle uses two fresh unseen equivalent P10 forms: PRIMARY then CONFIRMATION. No coaching, hints, scored-result disclosure, or targeted practice may occur between a passing PRIMARY and its CONFIRMATION. Both valid forms must satisfy the same RS P10 readiness rule. If PRIMARY fails, stop the cycle and remediate before a new cycle. If PRIMARY passes but CONFIRMATION fails, mark DISCORDANT_NOT_YET and remediate before a new cycle. Technical-invalid forms are REASSESS_TECHNICAL and do not count as valid attempts. All valid forms remain in the audit record; the system may never cherry-pick the best historical pass.","EQUIV-2.1: exact 100 COUNT-100 words; World 1 one-word display; same RS/P10, scoring version, threshold version/status, comprehension blueprint class and safety/accessibility gates; fresh unseen content; non-compensatory global + RS-specific matching; candidate must pass all tolerances embedded in the canonical v0.22 Markdown specification.","ATTEMPT-1.0: A readiness cycle is PRIMARY→CONFIRMATION. A valid failure ends that cycle. A new cycle may begin only after an intervening targeted learning block for that RS. After two consecutive failed/discordant valid cycles, set DIAGNOSTIC_HOLD and require at least two targeted non-readiness practice passages plus a documented diagnostic review before another readiness cycle. There is no unlimited back-to-back retry loop. Genuine later learning may reopen assessment after the required learning block.",PRIMARY_PENDING; PRIMARY_PASS; CONFIRMATION_PENDING; CONFIRMED_READY; NOT_YET; DISCORDANT_NOT_YET; REASSESS_TECHNICAL; INSUFFICIENT_EVIDENCE; INVALID_FORM; DIAGNOSTIC_HOLD; REVALIDATION_DUE; REVALIDATION_PENDING; CURRENT_REVALIDATED; NOT_YET_AFTER_REVALIDATION; VERSION_INVALIDATED. Only CONFIRMED_READY initially closes readiness.,EQUIV-2.1,SpeedReader_W1_BandA_Form_Equivalence_v0.22.csv,EQUIV-2.1,PROVISIONAL_STRUCTURAL,PROVISIONAL_STRUCTURAL → EMPIRICAL_REVIEW → PRODUCTION_APPROVED; SUSPENDED_RECALIBRATE on material change.,COMP-P10-1.0,,RECENCY-1.0,,,EVIDENCE-MIN-1.2,,COMP-COVERAGE-1.0,,,,,MIRROR_ONLY,SpeedReader_W1_BandA_Spec_v0.25.md,SpeedReader_W1_BandA_Spec_v0.25.md is sole normative source; v0.25 CSVs are mirrors only.,FORM-SUPPLY-1.0,PRE_GENERATED_QA_APPROVED_BANK,PROHIBITED,,,,STATE-SEP-1.0,Progress descriptors report P1/current trajectory only and cannot close readiness. BASELINE_MASTERY is allowed here.,"Use readiness_state only: PRIMARY_PENDING → PRIMARY_PASS/CONFIRMATION_PENDING → CONFIRMED_READY, or cause-specific NOT_YET / DISCORDANT_NOT_YET / REASSESS_TECHNICAL / INSUFFICIENT_EVIDENCE / INVALID_FORM / DIAGNOSTIC_HOLD. Only CONFIRMED_READY initially closes readiness; BASELINE_MASTERY is progress reporting only.",NONE,"Even if P1 meets the eventual P10 target, final readiness requires fresh P10 PRIMARY + matched CONFIRMATION."
v0.25,RS09,Sentence-boundary control,P9,Recognise sentence endings orally while keeping one-word visual tracking.,"At full stops, question marks and exclamation marks, the learner makes a brief natural boundary pause and begins the next sentence cleanly.",sentence_boundary_compliance = eligible terminal marks followed by 150–1800 ms pause / eligible terminal marks; boundary_linked_omissions.,≥82% and zero boundary-linked omissions.,At P10: ≥85% sentence-boundary compliance and zero boundary-linked omitted first words.,PROVISIONAL_PILOT,Use same-RS valid P10 evidence under the canonical readiness specification.,"Use readiness_state only: PRIMARY_PENDING → PRIMARY_PASS/CONFIRMATION_PENDING → CONFIRMED_READY, or cause-specific NOT_YET / DISCORDANT_NOT_YET / REASSESS_TECHNICAL / INSUFFICIENT_EVIDENCE / INVALID_FORM / DIAGNOSTIC_HOLD. Only CONFIRMED_READY initially closes readiness; BASELINE_MASTERY is progress reporting only.","CONFIRM-1.0: A single valid P10 pass never closes an RS. Each RS readiness cycle uses two fresh unseen equivalent P10 forms: PRIMARY then CONFIRMATION. No coaching, hints, scored-result disclosure, or targeted practice may occur between a passing PRIMARY and its CONFIRMATION. Both valid forms must satisfy the same RS P10 readiness rule. If PRIMARY fails, stop the cycle and remediate before a new cycle. If PRIMARY passes but CONFIRMATION fails, mark DISCORDANT_NOT_YET and remediate before a new cycle. Technical-invalid forms are REASSESS_TECHNICAL and do not count as valid attempts. All valid forms remain in the audit record; the system may never cherry-pick the best historical pass.","EQUIV-2.1: exact 100 COUNT-100 words; World 1 one-word display; same RS/P10, scoring version, threshold version/status, comprehension blueprint class and safety/accessibility gates; fresh unseen content; non-compensatory global + RS-specific matching; candidate must pass all tolerances embedded in the canonical v0.22 Markdown specification.","ATTEMPT-1.0: A readiness cycle is PRIMARY→CONFIRMATION. A valid failure ends that cycle. A new cycle may begin only after an intervening targeted learning block for that RS. After two consecutive failed/discordant valid cycles, set DIAGNOSTIC_HOLD and require at least two targeted non-readiness practice passages plus a documented diagnostic review before another readiness cycle. There is no unlimited back-to-back retry loop. Genuine later learning may reopen assessment after the required learning block.",PRIMARY_PENDING; PRIMARY_PASS; CONFIRMATION_PENDING; CONFIRMED_READY; NOT_YET; DISCORDANT_NOT_YET; REASSESS_TECHNICAL; INSUFFICIENT_EVIDENCE; INVALID_FORM; DIAGNOSTIC_HOLD; REVALIDATION_DUE; REVALIDATION_PENDING; CURRENT_REVALIDATED; NOT_YET_AFTER_REVALIDATION; VERSION_INVALIDATED. Only CONFIRMED_READY initially closes readiness.,EQUIV-2.1,SpeedReader_W1_BandA_Form_Equivalence_v0.22.csv,EQUIV-2.1,PROVISIONAL_STRUCTURAL,PROVISIONAL_STRUCTURAL → EMPIRICAL_REVIEW → PRODUCTION_APPROVED; SUSPENDED_RECALIBRATE on material change.,COMP-P10-1.0,,RECENCY-1.0,,,EVIDENCE-MIN-1.2,,COMP-COVERAGE-1.0,,,,,MIRROR_ONLY,SpeedReader_W1_BandA_Spec_v0.25.md,SpeedReader_W1_BandA_Spec_v0.25.md is sole normative source; v0.25 CSVs are mirrors only.,FORM-SUPPLY-1.0,PRE_GENERATED_QA_APPROVED_BANK,PROHIBITED,,,,STATE-SEP-1.0,Progress descriptors report P1/current trajectory only and cannot close readiness. BASELINE_MASTERY is allowed here.,"Use readiness_state only: PRIMARY_PENDING → PRIMARY_PASS/CONFIRMATION_PENDING → CONFIRMED_READY, or cause-specific NOT_YET / DISCORDANT_NOT_YET / REASSESS_TECHNICAL / INSUFFICIENT_EVIDENCE / INVALID_FORM / DIAGNOSTIC_HOLD. Only CONFIRMED_READY initially closes readiness; BASELINE_MASTERY is progress reporting only.",NONE,"Even if P1 meets the eventual P10 target, final readiness requires fresh P10 PRIMARY + matched CONFIRMATION."
v0.25,RS09,Sentence-boundary control,P10,Recognise sentence endings orally while keeping one-word visual tracking.,"At full stops, question marks and exclamation marks, the learner makes a brief natural boundary pause and begins the next sentence cleanly.",sentence_boundary_compliance = eligible terminal marks followed by 150–1800 ms pause / eligible terminal marks; boundary_linked_omissions.,≥85% and zero boundary-linked omissions.,At P10: ≥85% sentence-boundary compliance and zero boundary-linked omitted first words.,PROVISIONAL_PILOT,Use same-RS valid P10 evidence under the canonical readiness specification.,"Use readiness_state only: PRIMARY_PENDING → PRIMARY_PASS/CONFIRMATION_PENDING → CONFIRMED_READY, or cause-specific NOT_YET / DISCORDANT_NOT_YET / REASSESS_TECHNICAL / INSUFFICIENT_EVIDENCE / INVALID_FORM / DIAGNOSTIC_HOLD. Only CONFIRMED_READY initially closes readiness; BASELINE_MASTERY is progress reporting only.","CONFIRM-1.0: A single valid P10 pass never closes an RS. Each RS readiness cycle uses two fresh unseen equivalent P10 forms: PRIMARY then CONFIRMATION. No coaching, hints, scored-result disclosure, or targeted practice may occur between a passing PRIMARY and its CONFIRMATION. Both valid forms must satisfy the same RS P10 readiness rule. If PRIMARY fails, stop the cycle and remediate before a new cycle. If PRIMARY passes but CONFIRMATION fails, mark DISCORDANT_NOT_YET and remediate before a new cycle. Technical-invalid forms are REASSESS_TECHNICAL and do not count as valid attempts. All valid forms remain in the audit record; the system may never cherry-pick the best historical pass.","EQUIV-2.1: exact 100 COUNT-100 words; World 1 one-word display; same RS/P10, scoring version, threshold version/status, comprehension blueprint class and safety/accessibility gates; fresh unseen content; non-compensatory global + RS-specific matching; candidate must pass all tolerances embedded in the canonical v0.22 Markdown specification.","ATTEMPT-1.0: A readiness cycle is PRIMARY→CONFIRMATION. A valid failure ends that cycle. A new cycle may begin only after an intervening targeted learning block for that RS. After two consecutive failed/discordant valid cycles, set DIAGNOSTIC_HOLD and require at least two targeted non-readiness practice passages plus a documented diagnostic review before another readiness cycle. There is no unlimited back-to-back retry loop. Genuine later learning may reopen assessment after the required learning block.",PRIMARY_PENDING; PRIMARY_PASS; CONFIRMATION_PENDING; CONFIRMED_READY; NOT_YET; DISCORDANT_NOT_YET; REASSESS_TECHNICAL; INSUFFICIENT_EVIDENCE; INVALID_FORM; DIAGNOSTIC_HOLD; REVALIDATION_DUE; REVALIDATION_PENDING; CURRENT_REVALIDATED; NOT_YET_AFTER_REVALIDATION; VERSION_INVALIDATED. Only CONFIRMED_READY initially closes readiness.,EQUIV-2.1,SpeedReader_W1_BandA_Form_Equivalence_v0.22.csv,EQUIV-2.1,PROVISIONAL_STRUCTURAL,PROVISIONAL_STRUCTURAL → EMPIRICAL_REVIEW → PRODUCTION_APPROVED; SUSPENDED_RECALIBRATE on material change.,COMP-P10-1.0,"First-attempt independent mastery = at least 3/4 correct AND the designated primary-skill item correct, before any hint, targeted reread, answer feedback, narrowing, worked example, or remediation. Comprehension readiness requires two independent first-attempt passes on fresh matched forms: COMP_PRIMARY_PASS then COMP_CONFIRMATION_PASS. No targeted comprehension coaching, hinting, answer explanation, or missed-item disclosure occurs between a passing PRIMARY and its CONFIRMATION. Both forms use the same P10 blueprint class but fresh passage evidence and fresh question wording. Only COMPREHENSION_CONFIRMED contributes to Band-A readiness.",RECENCY-1.0,Readiness evidence remains CURRENT until the first of: >56 calendar days since the latest passing same-RS confirmation/revalidation; >16 subsequent valid Band-A assessment/remediation sessions; or >28 consecutive calendar days with no SpeedReader learning session. Material scoring/threshold-version changes invalidate evidence immediately rather than merely making it stale. These numeric limits are PROVISIONAL_PILOT and require later calibration.,"When evidence is REVALIDATION_DUE only because of recency/inactivity, use one fresh unseen EQUIV-2.1 same-RS P10 revalidation form. Score oral and comprehension streams independently before any targeted feedback. A passing stream renews only that stream's freshness anchor. A valid failing stream becomes NOT_YET and requires targeted remediation followed by a new full PRIMARY→CONFIRMATION cycle for that stream. Technical invalidity does not count as failure and does not reset freshness until valid evidence is obtained.",EVIDENCE-MIN-1.2,At least 6 assessable terminal-boundary opportunities; form validator rejects a P10 readiness form below 6.,COMP-COVERAGE-1.0,Q1 D8: Vocabulary-in-context | Q2 D1: Direct recall | Q3 D7: Simple inference | Q4 D4: Prediction,,,,MIRROR_ONLY,SpeedReader_W1_BandA_Spec_v0.25.md,SpeedReader_W1_BandA_Spec_v0.25.md is sole normative source; v0.25 CSVs are mirrors only.,FORM-SUPPLY-1.0,PRE_GENERATED_QA_APPROVED_BANK,PROHIBITED,,,,STATE-SEP-1.0,Progress descriptors report P1/current trajectory only and cannot close readiness. BASELINE_MASTERY is allowed here.,"Use readiness_state only: PRIMARY_PENDING → PRIMARY_PASS/CONFIRMATION_PENDING → CONFIRMED_READY, or cause-specific NOT_YET / DISCORDANT_NOT_YET / REASSESS_TECHNICAL / INSUFFICIENT_EVIDENCE / INVALID_FORM / DIAGNOSTIC_HOLD. Only CONFIRMED_READY initially closes readiness; BASELINE_MASTERY is progress reporting only.",NONE,"Even if P1 meets the eventual P10 target, final readiness requires fresh P10 PRIMARY + matched CONFIRMATION."
v0.25,RS10,Internal-punctuation control,P1,Respond to commas and similar internal punctuation without turning them into full stops or ignoring them completely.,"The learner makes a shorter internal pause at commas where appropriate, then continues the same sentence without losing place.",internal_punctuation_compliance = eligible commas/semicolons/colons followed by 80–900 ms pause / eligible internal marks; punctuation-triggered restarts.,Baseline with 1–2 simple commas.,At P10: ≥80% internal-punctuation compliance and zero punctuation-triggered full restarts.,PROVISIONAL_PILOT,Use same-RS valid P10 evidence under the canonical readiness specification.,"Use readiness_state only: PRIMARY_PENDING → PRIMARY_PASS/CONFIRMATION_PENDING → CONFIRMED_READY, or cause-specific NOT_YET / DISCORDANT_NOT_YET / REASSESS_TECHNICAL / INSUFFICIENT_EVIDENCE / INVALID_FORM / DIAGNOSTIC_HOLD. Only CONFIRMED_READY initially closes readiness; BASELINE_MASTERY is progress reporting only.","CONFIRM-1.0: A single valid P10 pass never closes an RS. Each RS readiness cycle uses two fresh unseen equivalent P10 forms: PRIMARY then CONFIRMATION. No coaching, hints, scored-result disclosure, or targeted practice may occur between a passing PRIMARY and its CONFIRMATION. Both valid forms must satisfy the same RS P10 readiness rule. If PRIMARY fails, stop the cycle and remediate before a new cycle. If PRIMARY passes but CONFIRMATION fails, mark DISCORDANT_NOT_YET and remediate before a new cycle. Technical-invalid forms are REASSESS_TECHNICAL and do not count as valid attempts. All valid forms remain in the audit record; the system may never cherry-pick the best historical pass.","EQUIV-2.1: exact 100 COUNT-100 words; World 1 one-word display; same RS/P10, scoring version, threshold version/status, comprehension blueprint class and safety/accessibility gates; fresh unseen content; non-compensatory global + RS-specific matching; candidate must pass all tolerances embedded in the canonical v0.22 Markdown specification.","ATTEMPT-1.0: A readiness cycle is PRIMARY→CONFIRMATION. A valid failure ends that cycle. A new cycle may begin only after an intervening targeted learning block for that RS. After two consecutive failed/discordant valid cycles, set DIAGNOSTIC_HOLD and require at least two targeted non-readiness practice passages plus a documented diagnostic review before another readiness cycle. There is no unlimited back-to-back retry loop. Genuine later learning may reopen assessment after the required learning block.",PRIMARY_PENDING; PRIMARY_PASS; CONFIRMATION_PENDING; CONFIRMED_READY; NOT_YET; DISCORDANT_NOT_YET; REASSESS_TECHNICAL; INSUFFICIENT_EVIDENCE; INVALID_FORM; DIAGNOSTIC_HOLD; REVALIDATION_DUE; REVALIDATION_PENDING; CURRENT_REVALIDATED; NOT_YET_AFTER_REVALIDATION; VERSION_INVALIDATED. Only CONFIRMED_READY initially closes readiness.,EQUIV-2.1,SpeedReader_W1_BandA_Form_Equivalence_v0.22.csv,EQUIV-2.1,PROVISIONAL_STRUCTURAL,PROVISIONAL_STRUCTURAL → EMPIRICAL_REVIEW → PRODUCTION_APPROVED; SUSPENDED_RECALIBRATE on material change.,COMP-P10-1.0,,RECENCY-1.0,,,EVIDENCE-MIN-1.2,,COMP-COVERAGE-1.0,,,,,MIRROR_ONLY,SpeedReader_W1_BandA_Spec_v0.25.md,SpeedReader_W1_BandA_Spec_v0.25.md is sole normative source; v0.25 CSVs are mirrors only.,FORM-SUPPLY-1.0,PRE_GENERATED_QA_APPROVED_BANK,PROHIBITED,,,,STATE-SEP-1.0,Progress descriptors report P1/current trajectory only and cannot close readiness. BASELINE_MASTERY is allowed here.,"Use readiness_state only: PRIMARY_PENDING → PRIMARY_PASS/CONFIRMATION_PENDING → CONFIRMED_READY, or cause-specific NOT_YET / DISCORDANT_NOT_YET / REASSESS_TECHNICAL / INSUFFICIENT_EVIDENCE / INVALID_FORM / DIAGNOSTIC_HOLD. Only CONFIRMED_READY initially closes readiness; BASELINE_MASTERY is progress reporting only.",NONE,"Even if P1 meets the eventual P10 target, final readiness requires fresh P10 PRIMARY + matched CONFIRMATION."
v0.25,RS10,Internal-punctuation control,P2,Respond to commas and similar internal punctuation without turning them into full stops or ignoring them completely.,"The learner makes a shorter internal pause at commas where appropriate, then continues the same sentence without losing place.",internal_punctuation_compliance = eligible commas/semicolons/colons followed by 80–900 ms pause / eligible internal marks; punctuation-triggered restarts.,≥45% compliant internal marks.,At P10: ≥80% internal-punctuation compliance and zero punctuation-triggered full restarts.,PROVISIONAL_PILOT,Use same-RS valid P10 evidence under the canonical readiness specification.,"Use readiness_state only: PRIMARY_PENDING → PRIMARY_PASS/CONFIRMATION_PENDING → CONFIRMED_READY, or cause-specific NOT_YET / DISCORDANT_NOT_YET / REASSESS_TECHNICAL / INSUFFICIENT_EVIDENCE / INVALID_FORM / DIAGNOSTIC_HOLD. Only CONFIRMED_READY initially closes readiness; BASELINE_MASTERY is progress reporting only.","CONFIRM-1.0: A single valid P10 pass never closes an RS. Each RS readiness cycle uses two fresh unseen equivalent P10 forms: PRIMARY then CONFIRMATION. No coaching, hints, scored-result disclosure, or targeted practice may occur between a passing PRIMARY and its CONFIRMATION. Both valid forms must satisfy the same RS P10 readiness rule. If PRIMARY fails, stop the cycle and remediate before a new cycle. If PRIMARY passes but CONFIRMATION fails, mark DISCORDANT_NOT_YET and remediate before a new cycle. Technical-invalid forms are REASSESS_TECHNICAL and do not count as valid attempts. All valid forms remain in the audit record; the system may never cherry-pick the best historical pass.","EQUIV-2.1: exact 100 COUNT-100 words; World 1 one-word display; same RS/P10, scoring version, threshold version/status, comprehension blueprint class and safety/accessibility gates; fresh unseen content; non-compensatory global + RS-specific matching; candidate must pass all tolerances embedded in the canonical v0.22 Markdown specification.","ATTEMPT-1.0: A readiness cycle is PRIMARY→CONFIRMATION. A valid failure ends that cycle. A new cycle may begin only after an intervening targeted learning block for that RS. After two consecutive failed/discordant valid cycles, set DIAGNOSTIC_HOLD and require at least two targeted non-readiness practice passages plus a documented diagnostic review before another readiness cycle. There is no unlimited back-to-back retry loop. Genuine later learning may reopen assessment after the required learning block.",PRIMARY_PENDING; PRIMARY_PASS; CONFIRMATION_PENDING; CONFIRMED_READY; NOT_YET; DISCORDANT_NOT_YET; REASSESS_TECHNICAL; INSUFFICIENT_EVIDENCE; INVALID_FORM; DIAGNOSTIC_HOLD; REVALIDATION_DUE; REVALIDATION_PENDING; CURRENT_REVALIDATED; NOT_YET_AFTER_REVALIDATION; VERSION_INVALIDATED. Only CONFIRMED_READY initially closes readiness.,EQUIV-2.1,SpeedReader_W1_BandA_Form_Equivalence_v0.22.csv,EQUIV-2.1,PROVISIONAL_STRUCTURAL,PROVISIONAL_STRUCTURAL → EMPIRICAL_REVIEW → PRODUCTION_APPROVED; SUSPENDED_RECALIBRATE on material change.,COMP-P10-1.0,,RECENCY-1.0,,,EVIDENCE-MIN-1.2,,COMP-COVERAGE-1.0,,,,,MIRROR_ONLY,SpeedReader_W1_BandA_Spec_v0.25.md,SpeedReader_W1_BandA_Spec_v0.25.md is sole normative source; v0.25 CSVs are mirrors only.,FORM-SUPPLY-1.0,PRE_GENERATED_QA_APPROVED_BANK,PROHIBITED,,,,STATE-SEP-1.0,Progress descriptors report P1/current trajectory only and cannot close readiness. BASELINE_MASTERY is allowed here.,"Use readiness_state only: PRIMARY_PENDING → PRIMARY_PASS/CONFIRMATION_PENDING → CONFIRMED_READY, or cause-specific NOT_YET / DISCORDANT_NOT_YET / REASSESS_TECHNICAL / INSUFFICIENT_EVIDENCE / INVALID_FORM / DIAGNOSTIC_HOLD. Only CONFIRMED_READY initially closes readiness; BASELINE_MASTERY is progress reporting only.",NONE,"Even if P1 meets the eventual P10 target, final readiness requires fresh P10 PRIMARY + matched CONFIRMATION."
v0.25,RS10,Internal-punctuation control,P3,Respond to commas and similar internal punctuation without turning them into full stops or ignoring them completely.,"The learner makes a shorter internal pause at commas where appropriate, then continues the same sentence without losing place.",internal_punctuation_compliance = eligible commas/semicolons/colons followed by 80–900 ms pause / eligible internal marks; punctuation-triggered restarts.,≥50%.,At P10: ≥80% internal-punctuation compliance and zero punctuation-triggered full restarts.,PROVISIONAL_PILOT,Use same-RS valid P10 evidence under the canonical readiness specification.,"Use readiness_state only: PRIMARY_PENDING → PRIMARY_PASS/CONFIRMATION_PENDING → CONFIRMED_READY, or cause-specific NOT_YET / DISCORDANT_NOT_YET / REASSESS_TECHNICAL / INSUFFICIENT_EVIDENCE / INVALID_FORM / DIAGNOSTIC_HOLD. Only CONFIRMED_READY initially closes readiness; BASELINE_MASTERY is progress reporting only.","CONFIRM-1.0: A single valid P10 pass never closes an RS. Each RS readiness cycle uses two fresh unseen equivalent P10 forms: PRIMARY then CONFIRMATION. No coaching, hints, scored-result disclosure, or targeted practice may occur between a passing PRIMARY and its CONFIRMATION. Both valid forms must satisfy the same RS P10 readiness rule. If PRIMARY fails, stop the cycle and remediate before a new cycle. If PRIMARY passes but CONFIRMATION fails, mark DISCORDANT_NOT_YET and remediate before a new cycle. Technical-invalid forms are REASSESS_TECHNICAL and do not count as valid attempts. All valid forms remain in the audit record; the system may never cherry-pick the best historical pass.","EQUIV-2.1: exact 100 COUNT-100 words; World 1 one-word display; same RS/P10, scoring version, threshold version/status, comprehension blueprint class and safety/accessibility gates; fresh unseen content; non-compensatory global + RS-specific matching; candidate must pass all tolerances embedded in the canonical v0.22 Markdown specification.","ATTEMPT-1.0: A readiness cycle is PRIMARY→CONFIRMATION. A valid failure ends that cycle. A new cycle may begin only after an intervening targeted learning block for that RS. After two consecutive failed/discordant valid cycles, set DIAGNOSTIC_HOLD and require at least two targeted non-readiness practice passages plus a documented diagnostic review before another readiness cycle. There is no unlimited back-to-back retry loop. Genuine later learning may reopen assessment after the required learning block.",PRIMARY_PENDING; PRIMARY_PASS; CONFIRMATION_PENDING; CONFIRMED_READY; NOT_YET; DISCORDANT_NOT_YET; REASSESS_TECHNICAL; INSUFFICIENT_EVIDENCE; INVALID_FORM; DIAGNOSTIC_HOLD; REVALIDATION_DUE; REVALIDATION_PENDING; CURRENT_REVALIDATED; NOT_YET_AFTER_REVALIDATION; VERSION_INVALIDATED. Only CONFIRMED_READY initially closes readiness.,EQUIV-2.1,SpeedReader_W1_BandA_Form_Equivalence_v0.22.csv,EQUIV-2.1,PROVISIONAL_STRUCTURAL,PROVISIONAL_STRUCTURAL → EMPIRICAL_REVIEW → PRODUCTION_APPROVED; SUSPENDED_RECALIBRATE on material change.,COMP-P10-1.0,,RECENCY-1.0,,,EVIDENCE-MIN-1.2,,COMP-COVERAGE-1.0,,,,,MIRROR_ONLY,SpeedReader_W1_BandA_Spec_v0.25.md,SpeedReader_W1_BandA_Spec_v0.25.md is sole normative source; v0.25 CSVs are mirrors only.,FORM-SUPPLY-1.0,PRE_GENERATED_QA_APPROVED_BANK,PROHIBITED,,,,STATE-SEP-1.0,Progress descriptors report P1/current trajectory only and cannot close readiness. BASELINE_MASTERY is allowed here.,"Use readiness_state only: PRIMARY_PENDING → PRIMARY_PASS/CONFIRMATION_PENDING → CONFIRMED_READY, or cause-specific NOT_YET / DISCORDANT_NOT_YET / REASSESS_TECHNICAL / INSUFFICIENT_EVIDENCE / INVALID_FORM / DIAGNOSTIC_HOLD. Only CONFIRMED_READY initially closes readiness; BASELINE_MASTERY is progress reporting only.",NONE,"Even if P1 meets the eventual P10 target, final readiness requires fresh P10 PRIMARY + matched CONFIRMATION."
v0.25,RS10,Internal-punctuation control,P4,Respond to commas and similar internal punctuation without turning them into full stops or ignoring them completely.,"The learner makes a shorter internal pause at commas where appropriate, then continues the same sentence without losing place.",internal_punctuation_compliance = eligible commas/semicolons/colons followed by 80–900 ms pause / eligible internal marks; punctuation-triggered restarts.,≥55%.,At P10: ≥80% internal-punctuation compliance and zero punctuation-triggered full restarts.,PROVISIONAL_PILOT,Use same-RS valid P10 evidence under the canonical readiness specification.,"Use readiness_state only: PRIMARY_PENDING → PRIMARY_PASS/CONFIRMATION_PENDING → CONFIRMED_READY, or cause-specific NOT_YET / DISCORDANT_NOT_YET / REASSESS_TECHNICAL / INSUFFICIENT_EVIDENCE / INVALID_FORM / DIAGNOSTIC_HOLD. Only CONFIRMED_READY initially closes readiness; BASELINE_MASTERY is progress reporting only.","CONFIRM-1.0: A single valid P10 pass never closes an RS. Each RS readiness cycle uses two fresh unseen equivalent P10 forms: PRIMARY then CONFIRMATION. No coaching, hints, scored-result disclosure, or targeted practice may occur between a passing PRIMARY and its CONFIRMATION. Both valid forms must satisfy the same RS P10 readiness rule. If PRIMARY fails, stop the cycle and remediate before a new cycle. If PRIMARY passes but CONFIRMATION fails, mark DISCORDANT_NOT_YET and remediate before a new cycle. Technical-invalid forms are REASSESS_TECHNICAL and do not count as valid attempts. All valid forms remain in the audit record; the system may never cherry-pick the best historical pass.","EQUIV-2.1: exact 100 COUNT-100 words; World 1 one-word display; same RS/P10, scoring version, threshold version/status, comprehension blueprint class and safety/accessibility gates; fresh unseen content; non-compensatory global + RS-specific matching; candidate must pass all tolerances embedded in the canonical v0.22 Markdown specification.","ATTEMPT-1.0: A readiness cycle is PRIMARY→CONFIRMATION. A valid failure ends that cycle. A new cycle may begin only after an intervening targeted learning block for that RS. After two consecutive failed/discordant valid cycles, set DIAGNOSTIC_HOLD and require at least two targeted non-readiness practice passages plus a documented diagnostic review before another readiness cycle. There is no unlimited back-to-back retry loop. Genuine later learning may reopen assessment after the required learning block.",PRIMARY_PENDING; PRIMARY_PASS; CONFIRMATION_PENDING; CONFIRMED_READY; NOT_YET; DISCORDANT_NOT_YET; REASSESS_TECHNICAL; INSUFFICIENT_EVIDENCE; INVALID_FORM; DIAGNOSTIC_HOLD; REVALIDATION_DUE; REVALIDATION_PENDING; CURRENT_REVALIDATED; NOT_YET_AFTER_REVALIDATION; VERSION_INVALIDATED. Only CONFIRMED_READY initially closes readiness.,EQUIV-2.1,SpeedReader_W1_BandA_Form_Equivalence_v0.22.csv,EQUIV-2.1,PROVISIONAL_STRUCTURAL,PROVISIONAL_STRUCTURAL → EMPIRICAL_REVIEW → PRODUCTION_APPROVED; SUSPENDED_RECALIBRATE on material change.,COMP-P10-1.0,,RECENCY-1.0,,,EVIDENCE-MIN-1.2,,COMP-COVERAGE-1.0,,,,,MIRROR_ONLY,SpeedReader_W1_BandA_Spec_v0.25.md,SpeedReader_W1_BandA_Spec_v0.25.md is sole normative source; v0.25 CSVs are mirrors only.,FORM-SUPPLY-1.0,PRE_GENERATED_QA_APPROVED_BANK,PROHIBITED,,,,STATE-SEP-1.0,Progress descriptors report P1/current trajectory only and cannot close readiness. BASELINE_MASTERY is allowed here.,"Use readiness_state only: PRIMARY_PENDING → PRIMARY_PASS/CONFIRMATION_PENDING → CONFIRMED_READY, or cause-specific NOT_YET / DISCORDANT_NOT_YET / REASSESS_TECHNICAL / INSUFFICIENT_EVIDENCE / INVALID_FORM / DIAGNOSTIC_HOLD. Only CONFIRMED_READY initially closes readiness; BASELINE_MASTERY is progress reporting only.",NONE,"Even if P1 meets the eventual P10 target, final readiness requires fresh P10 PRIMARY + matched CONFIRMATION."
v0.25,RS10,Internal-punctuation control,P5,Respond to commas and similar internal punctuation without turning them into full stops or ignoring them completely.,"The learner makes a shorter internal pause at commas where appropriate, then continues the same sentence without losing place.",internal_punctuation_compliance = eligible commas/semicolons/colons followed by 80–900 ms pause / eligible internal marks; punctuation-triggered restarts.,≥60%.,At P10: ≥80% internal-punctuation compliance and zero punctuation-triggered full restarts.,PROVISIONAL_PILOT,Use same-RS valid P10 evidence under the canonical readiness specification.,"Use readiness_state only: PRIMARY_PENDING → PRIMARY_PASS/CONFIRMATION_PENDING → CONFIRMED_READY, or cause-specific NOT_YET / DISCORDANT_NOT_YET / REASSESS_TECHNICAL / INSUFFICIENT_EVIDENCE / INVALID_FORM / DIAGNOSTIC_HOLD. Only CONFIRMED_READY initially closes readiness; BASELINE_MASTERY is progress reporting only.","CONFIRM-1.0: A single valid P10 pass never closes an RS. Each RS readiness cycle uses two fresh unseen equivalent P10 forms: PRIMARY then CONFIRMATION. No coaching, hints, scored-result disclosure, or targeted practice may occur between a passing PRIMARY and its CONFIRMATION. Both valid forms must satisfy the same RS P10 readiness rule. If PRIMARY fails, stop the cycle and remediate before a new cycle. If PRIMARY passes but CONFIRMATION fails, mark DISCORDANT_NOT_YET and remediate before a new cycle. Technical-invalid forms are REASSESS_TECHNICAL and do not count as valid attempts. All valid forms remain in the audit record; the system may never cherry-pick the best historical pass.","EQUIV-2.1: exact 100 COUNT-100 words; World 1 one-word display; same RS/P10, scoring version, threshold version/status, comprehension blueprint class and safety/accessibility gates; fresh unseen content; non-compensatory global + RS-specific matching; candidate must pass all tolerances embedded in the canonical v0.22 Markdown specification.","ATTEMPT-1.0: A readiness cycle is PRIMARY→CONFIRMATION. A valid failure ends that cycle. A new cycle may begin only after an intervening targeted learning block for that RS. After two consecutive failed/discordant valid cycles, set DIAGNOSTIC_HOLD and require at least two targeted non-readiness practice passages plus a documented diagnostic review before another readiness cycle. There is no unlimited back-to-back retry loop. Genuine later learning may reopen assessment after the required learning block.",PRIMARY_PENDING; PRIMARY_PASS; CONFIRMATION_PENDING; CONFIRMED_READY; NOT_YET; DISCORDANT_NOT_YET; REASSESS_TECHNICAL; INSUFFICIENT_EVIDENCE; INVALID_FORM; DIAGNOSTIC_HOLD; REVALIDATION_DUE; REVALIDATION_PENDING; CURRENT_REVALIDATED; NOT_YET_AFTER_REVALIDATION; VERSION_INVALIDATED. Only CONFIRMED_READY initially closes readiness.,EQUIV-2.1,SpeedReader_W1_BandA_Form_Equivalence_v0.22.csv,EQUIV-2.1,PROVISIONAL_STRUCTURAL,PROVISIONAL_STRUCTURAL → EMPIRICAL_REVIEW → PRODUCTION_APPROVED; SUSPENDED_RECALIBRATE on material change.,COMP-P10-1.0,,RECENCY-1.0,,,EVIDENCE-MIN-1.2,,COMP-COVERAGE-1.0,,,,,MIRROR_ONLY,SpeedReader_W1_BandA_Spec_v0.25.md,SpeedReader_W1_BandA_Spec_v0.25.md is sole normative source; v0.25 CSVs are mirrors only.,FORM-SUPPLY-1.0,PRE_GENERATED_QA_APPROVED_BANK,PROHIBITED,,,,STATE-SEP-1.0,Progress descriptors report P1/current trajectory only and cannot close readiness. BASELINE_MASTERY is allowed here.,"Use readiness_state only: PRIMARY_PENDING → PRIMARY_PASS/CONFIRMATION_PENDING → CONFIRMED_READY, or cause-specific NOT_YET / DISCORDANT_NOT_YET / REASSESS_TECHNICAL / INSUFFICIENT_EVIDENCE / INVALID_FORM / DIAGNOSTIC_HOLD. Only CONFIRMED_READY initially closes readiness; BASELINE_MASTERY is progress reporting only.",NONE,"Even if P1 meets the eventual P10 target, final readiness requires fresh P10 PRIMARY + matched CONFIRMATION."
v0.25,RS10,Internal-punctuation control,P6,Respond to commas and similar internal punctuation without turning them into full stops or ignoring them completely.,"The learner makes a shorter internal pause at commas where appropriate, then continues the same sentence without losing place.",internal_punctuation_compliance = eligible commas/semicolons/colons followed by 80–900 ms pause / eligible internal marks; punctuation-triggered restarts.,≥65%.,At P10: ≥80% internal-punctuation compliance and zero punctuation-triggered full restarts.,PROVISIONAL_PILOT,Use same-RS valid P10 evidence under the canonical readiness specification.,"Use readiness_state only: PRIMARY_PENDING → PRIMARY_PASS/CONFIRMATION_PENDING → CONFIRMED_READY, or cause-specific NOT_YET / DISCORDANT_NOT_YET / REASSESS_TECHNICAL / INSUFFICIENT_EVIDENCE / INVALID_FORM / DIAGNOSTIC_HOLD. Only CONFIRMED_READY initially closes readiness; BASELINE_MASTERY is progress reporting only.","CONFIRM-1.0: A single valid P10 pass never closes an RS. Each RS readiness cycle uses two fresh unseen equivalent P10 forms: PRIMARY then CONFIRMATION. No coaching, hints, scored-result disclosure, or targeted practice may occur between a passing PRIMARY and its CONFIRMATION. Both valid forms must satisfy the same RS P10 readiness rule. If PRIMARY fails, stop the cycle and remediate before a new cycle. If PRIMARY passes but CONFIRMATION fails, mark DISCORDANT_NOT_YET and remediate before a new cycle. Technical-invalid forms are REASSESS_TECHNICAL and do not count as valid attempts. All valid forms remain in the audit record; the system may never cherry-pick the best historical pass.","EQUIV-2.1: exact 100 COUNT-100 words; World 1 one-word display; same RS/P10, scoring version, threshold version/status, comprehension blueprint class and safety/accessibility gates; fresh unseen content; non-compensatory global + RS-specific matching; candidate must pass all tolerances embedded in the canonical v0.22 Markdown specification.","ATTEMPT-1.0: A readiness cycle is PRIMARY→CONFIRMATION. A valid failure ends that cycle. A new cycle may begin only after an intervening targeted learning block for that RS. After two consecutive failed/discordant valid cycles, set DIAGNOSTIC_HOLD and require at least two targeted non-readiness practice passages plus a documented diagnostic review before another readiness cycle. There is no unlimited back-to-back retry loop. Genuine later learning may reopen assessment after the required learning block.",PRIMARY_PENDING; PRIMARY_PASS; CONFIRMATION_PENDING; CONFIRMED_READY; NOT_YET; DISCORDANT_NOT_YET; REASSESS_TECHNICAL; INSUFFICIENT_EVIDENCE; INVALID_FORM; DIAGNOSTIC_HOLD; REVALIDATION_DUE; REVALIDATION_PENDING; CURRENT_REVALIDATED; NOT_YET_AFTER_REVALIDATION; VERSION_INVALIDATED. Only CONFIRMED_READY initially closes readiness.,EQUIV-2.1,SpeedReader_W1_BandA_Form_Equivalence_v0.22.csv,EQUIV-2.1,PROVISIONAL_STRUCTURAL,PROVISIONAL_STRUCTURAL → EMPIRICAL_REVIEW → PRODUCTION_APPROVED; SUSPENDED_RECALIBRATE on material change.,COMP-P10-1.0,,RECENCY-1.0,,,EVIDENCE-MIN-1.2,,COMP-COVERAGE-1.0,,,,,MIRROR_ONLY,SpeedReader_W1_BandA_Spec_v0.25.md,SpeedReader_W1_BandA_Spec_v0.25.md is sole normative source; v0.25 CSVs are mirrors only.,FORM-SUPPLY-1.0,PRE_GENERATED_QA_APPROVED_BANK,PROHIBITED,,,,STATE-SEP-1.0,Progress descriptors report P1/current trajectory only and cannot close readiness. BASELINE_MASTERY is allowed here.,"Use readiness_state only: PRIMARY_PENDING → PRIMARY_PASS/CONFIRMATION_PENDING → CONFIRMED_READY, or cause-specific NOT_YET / DISCORDANT_NOT_YET / REASSESS_TECHNICAL / INSUFFICIENT_EVIDENCE / INVALID_FORM / DIAGNOSTIC_HOLD. Only CONFIRMED_READY initially closes readiness; BASELINE_MASTERY is progress reporting only.",NONE,"Even if P1 meets the eventual P10 target, final readiness requires fresh P10 PRIMARY + matched CONFIRMATION."
v0.25,RS10,Internal-punctuation control,P7,Respond to commas and similar internal punctuation without turning them into full stops or ignoring them completely.,"The learner makes a shorter internal pause at commas where appropriate, then continues the same sentence without losing place.",internal_punctuation_compliance = eligible commas/semicolons/colons followed by 80–900 ms pause / eligible internal marks; punctuation-triggered restarts.,≥70% with ≤1 punctuation-triggered restart.,At P10: ≥80% internal-punctuation compliance and zero punctuation-triggered full restarts.,PROVISIONAL_PILOT,Use same-RS valid P10 evidence under the canonical readiness specification.,"Use readiness_state only: PRIMARY_PENDING → PRIMARY_PASS/CONFIRMATION_PENDING → CONFIRMED_READY, or cause-specific NOT_YET / DISCORDANT_NOT_YET / REASSESS_TECHNICAL / INSUFFICIENT_EVIDENCE / INVALID_FORM / DIAGNOSTIC_HOLD. Only CONFIRMED_READY initially closes readiness; BASELINE_MASTERY is progress reporting only.","CONFIRM-1.0: A single valid P10 pass never closes an RS. Each RS readiness cycle uses two fresh unseen equivalent P10 forms: PRIMARY then CONFIRMATION. No coaching, hints, scored-result disclosure, or targeted practice may occur between a passing PRIMARY and its CONFIRMATION. Both valid forms must satisfy the same RS P10 readiness rule. If PRIMARY fails, stop the cycle and remediate before a new cycle. If PRIMARY passes but CONFIRMATION fails, mark DISCORDANT_NOT_YET and remediate before a new cycle. Technical-invalid forms are REASSESS_TECHNICAL and do not count as valid attempts. All valid forms remain in the audit record; the system may never cherry-pick the best historical pass.","EQUIV-2.1: exact 100 COUNT-100 words; World 1 one-word display; same RS/P10, scoring version, threshold version/status, comprehension blueprint class and safety/accessibility gates; fresh unseen content; non-compensatory global + RS-specific matching; candidate must pass all tolerances embedded in the canonical v0.22 Markdown specification.","ATTEMPT-1.0: A readiness cycle is PRIMARY→CONFIRMATION. A valid failure ends that cycle. A new cycle may begin only after an intervening targeted learning block for that RS. After two consecutive failed/discordant valid cycles, set DIAGNOSTIC_HOLD and require at least two targeted non-readiness practice passages plus a documented diagnostic review before another readiness cycle. There is no unlimited back-to-back retry loop. Genuine later learning may reopen assessment after the required learning block.",PRIMARY_PENDING; PRIMARY_PASS; CONFIRMATION_PENDING; CONFIRMED_READY; NOT_YET; DISCORDANT_NOT_YET; REASSESS_TECHNICAL; INSUFFICIENT_EVIDENCE; INVALID_FORM; DIAGNOSTIC_HOLD; REVALIDATION_DUE; REVALIDATION_PENDING; CURRENT_REVALIDATED; NOT_YET_AFTER_REVALIDATION; VERSION_INVALIDATED. Only CONFIRMED_READY initially closes readiness.,EQUIV-2.1,SpeedReader_W1_BandA_Form_Equivalence_v0.22.csv,EQUIV-2.1,PROVISIONAL_STRUCTURAL,PROVISIONAL_STRUCTURAL → EMPIRICAL_REVIEW → PRODUCTION_APPROVED; SUSPENDED_RECALIBRATE on material change.,COMP-P10-1.0,,RECENCY-1.0,,,EVIDENCE-MIN-1.2,,COMP-COVERAGE-1.0,,,,,MIRROR_ONLY,SpeedReader_W1_BandA_Spec_v0.25.md,SpeedReader_W1_BandA_Spec_v0.25.md is sole normative source; v0.25 CSVs are mirrors only.,FORM-SUPPLY-1.0,PRE_GENERATED_QA_APPROVED_BANK,PROHIBITED,,,,STATE-SEP-1.0,Progress descriptors report P1/current trajectory only and cannot close readiness. BASELINE_MASTERY is allowed here.,"Use readiness_state only: PRIMARY_PENDING → PRIMARY_PASS/CONFIRMATION_PENDING → CONFIRMED_READY, or cause-specific NOT_YET / DISCORDANT_NOT_YET / REASSESS_TECHNICAL / INSUFFICIENT_EVIDENCE / INVALID_FORM / DIAGNOSTIC_HOLD. Only CONFIRMED_READY initially closes readiness; BASELINE_MASTERY is progress reporting only.",NONE,"Even if P1 meets the eventual P10 target, final readiness requires fresh P10 PRIMARY + matched CONFIRMATION."
v0.25,RS10,Internal-punctuation control,P8,Respond to commas and similar internal punctuation without turning them into full stops or ignoring them completely.,"The learner makes a shorter internal pause at commas where appropriate, then continues the same sentence without losing place.",internal_punctuation_compliance = eligible commas/semicolons/colons followed by 80–900 ms pause / eligible internal marks; punctuation-triggered restarts.,≥72%.,At P10: ≥80% internal-punctuation compliance and zero punctuation-triggered full restarts.,PROVISIONAL_PILOT,Use same-RS valid P10 evidence under the canonical readiness specification.,"Use readiness_state only: PRIMARY_PENDING → PRIMARY_PASS/CONFIRMATION_PENDING → CONFIRMED_READY, or cause-specific NOT_YET / DISCORDANT_NOT_YET / REASSESS_TECHNICAL / INSUFFICIENT_EVIDENCE / INVALID_FORM / DIAGNOSTIC_HOLD. Only CONFIRMED_READY initially closes readiness; BASELINE_MASTERY is progress reporting only.","CONFIRM-1.0: A single valid P10 pass never closes an RS. Each RS readiness cycle uses two fresh unseen equivalent P10 forms: PRIMARY then CONFIRMATION. No coaching, hints, scored-result disclosure, or targeted practice may occur between a passing PRIMARY and its CONFIRMATION. Both valid forms must satisfy the same RS P10 readiness rule. If PRIMARY fails, stop the cycle and remediate before a new cycle. If PRIMARY passes but CONFIRMATION fails, mark DISCORDANT_NOT_YET and remediate before a new cycle. Technical-invalid forms are REASSESS_TECHNICAL and do not count as valid attempts. All valid forms remain in the audit record; the system may never cherry-pick the best historical pass.","EQUIV-2.1: exact 100 COUNT-100 words; World 1 one-word display; same RS/P10, scoring version, threshold version/status, comprehension blueprint class and safety/accessibility gates; fresh unseen content; non-compensatory global + RS-specific matching; candidate must pass all tolerances embedded in the canonical v0.22 Markdown specification.","ATTEMPT-1.0: A readiness cycle is PRIMARY→CONFIRMATION. A valid failure ends that cycle. A new cycle may begin only after an intervening targeted learning block for that RS. After two consecutive failed/discordant valid cycles, set DIAGNOSTIC_HOLD and require at least two targeted non-readiness practice passages plus a documented diagnostic review before another readiness cycle. There is no unlimited back-to-back retry loop. Genuine later learning may reopen assessment after the required learning block.",PRIMARY_PENDING; PRIMARY_PASS; CONFIRMATION_PENDING; CONFIRMED_READY; NOT_YET; DISCORDANT_NOT_YET; REASSESS_TECHNICAL; INSUFFICIENT_EVIDENCE; INVALID_FORM; DIAGNOSTIC_HOLD; REVALIDATION_DUE; REVALIDATION_PENDING; CURRENT_REVALIDATED; NOT_YET_AFTER_REVALIDATION; VERSION_INVALIDATED. Only CONFIRMED_READY initially closes readiness.,EQUIV-2.1,SpeedReader_W1_BandA_Form_Equivalence_v0.22.csv,EQUIV-2.1,PROVISIONAL_STRUCTURAL,PROVISIONAL_STRUCTURAL → EMPIRICAL_REVIEW → PRODUCTION_APPROVED; SUSPENDED_RECALIBRATE on material change.,COMP-P10-1.0,,RECENCY-1.0,,,EVIDENCE-MIN-1.2,,COMP-COVERAGE-1.0,,,,,MIRROR_ONLY,SpeedReader_W1_BandA_Spec_v0.25.md,SpeedReader_W1_BandA_Spec_v0.25.md is sole normative source; v0.25 CSVs are mirrors only.,FORM-SUPPLY-1.0,PRE_GENERATED_QA_APPROVED_BANK,PROHIBITED,,,,STATE-SEP-1.0,Progress descriptors report P1/current trajectory only and cannot close readiness. BASELINE_MASTERY is allowed here.,"Use readiness_state only: PRIMARY_PENDING → PRIMARY_PASS/CONFIRMATION_PENDING → CONFIRMED_READY, or cause-specific NOT_YET / DISCORDANT_NOT_YET / REASSESS_TECHNICAL / INSUFFICIENT_EVIDENCE / INVALID_FORM / DIAGNOSTIC_HOLD. Only CONFIRMED_READY initially closes readiness; BASELINE_MASTERY is progress reporting only.",NONE,"Even if P1 meets the eventual P10 target, final readiness requires fresh P10 PRIMARY + matched CONFIRMATION."
v0.25,RS10,Internal-punctuation control,P9,Respond to commas and similar internal punctuation without turning them into full stops or ignoring them completely.,"The learner makes a shorter internal pause at commas where appropriate, then continues the same sentence without losing place.",internal_punctuation_compliance = eligible commas/semicolons/colons followed by 80–900 ms pause / eligible internal marks; punctuation-triggered restarts.,≥76% with zero punctuation-triggered full restart.,At P10: ≥80% internal-punctuation compliance and zero punctuation-triggered full restarts.,PROVISIONAL_PILOT,Use same-RS valid P10 evidence under the canonical readiness specification.,"Use readiness_state only: PRIMARY_PENDING → PRIMARY_PASS/CONFIRMATION_PENDING → CONFIRMED_READY, or cause-specific NOT_YET / DISCORDANT_NOT_YET / REASSESS_TECHNICAL / INSUFFICIENT_EVIDENCE / INVALID_FORM / DIAGNOSTIC_HOLD. Only CONFIRMED_READY initially closes readiness; BASELINE_MASTERY is progress reporting only.","CONFIRM-1.0: A single valid P10 pass never closes an RS. Each RS readiness cycle uses two fresh unseen equivalent P10 forms: PRIMARY then CONFIRMATION. No coaching, hints, scored-result disclosure, or targeted practice may occur between a passing PRIMARY and its CONFIRMATION. Both valid forms must satisfy the same RS P10 readiness rule. If PRIMARY fails, stop the cycle and remediate before a new cycle. If PRIMARY passes but CONFIRMATION fails, mark DISCORDANT_NOT_YET and remediate before a new cycle. Technical-invalid forms are REASSESS_TECHNICAL and do not count as valid attempts. All valid forms remain in the audit record; the system may never cherry-pick the best historical pass.","EQUIV-2.1: exact 100 COUNT-100 words; World 1 one-word display; same RS/P10, scoring version, threshold version/status, comprehension blueprint class and safety/accessibility gates; fresh unseen content; non-compensatory global + RS-specific matching; candidate must pass all tolerances embedded in the canonical v0.22 Markdown specification.","ATTEMPT-1.0: A readiness cycle is PRIMARY→CONFIRMATION. A valid failure ends that cycle. A new cycle may begin only after an intervening targeted learning block for that RS. After two consecutive failed/discordant valid cycles, set DIAGNOSTIC_HOLD and require at least two targeted non-readiness practice passages plus a documented diagnostic review before another readiness cycle. There is no unlimited back-to-back retry loop. Genuine later learning may reopen assessment after the required learning block.",PRIMARY_PENDING; PRIMARY_PASS; CONFIRMATION_PENDING; CONFIRMED_READY; NOT_YET; DISCORDANT_NOT_YET; REASSESS_TECHNICAL; INSUFFICIENT_EVIDENCE; INVALID_FORM; DIAGNOSTIC_HOLD; REVALIDATION_DUE; REVALIDATION_PENDING; CURRENT_REVALIDATED; NOT_YET_AFTER_REVALIDATION; VERSION_INVALIDATED. Only CONFIRMED_READY initially closes readiness.,EQUIV-2.1,SpeedReader_W1_BandA_Form_Equivalence_v0.22.csv,EQUIV-2.1,PROVISIONAL_STRUCTURAL,PROVISIONAL_STRUCTURAL → EMPIRICAL_REVIEW → PRODUCTION_APPROVED; SUSPENDED_RECALIBRATE on material change.,COMP-P10-1.0,,RECENCY-1.0,,,EVIDENCE-MIN-1.2,,COMP-COVERAGE-1.0,,,,,MIRROR_ONLY,SpeedReader_W1_BandA_Spec_v0.25.md,SpeedReader_W1_BandA_Spec_v0.25.md is sole normative source; v0.25 CSVs are mirrors only.,FORM-SUPPLY-1.0,PRE_GENERATED_QA_APPROVED_BANK,PROHIBITED,,,,STATE-SEP-1.0,Progress descriptors report P1/current trajectory only and cannot close readiness. BASELINE_MASTERY is allowed here.,"Use readiness_state only: PRIMARY_PENDING → PRIMARY_PASS/CONFIRMATION_PENDING → CONFIRMED_READY, or cause-specific NOT_YET / DISCORDANT_NOT_YET / REASSESS_TECHNICAL / INSUFFICIENT_EVIDENCE / INVALID_FORM / DIAGNOSTIC_HOLD. Only CONFIRMED_READY initially closes readiness; BASELINE_MASTERY is progress reporting only.",NONE,"Even if P1 meets the eventual P10 target, final readiness requires fresh P10 PRIMARY + matched CONFIRMATION."
v0.25,RS10,Internal-punctuation control,P10,Respond to commas and similar internal punctuation without turning them into full stops or ignoring them completely.,"The learner makes a shorter internal pause at commas where appropriate, then continues the same sentence without losing place.",internal_punctuation_compliance = eligible commas/semicolons/colons followed by 80–900 ms pause / eligible internal marks; punctuation-triggered restarts.,Exactly 5 pre-tagged natural eligible internal-punctuation opportunities; ≥80% compliance and zero punctuation-triggered full restart.,At P10: ≥80% internal-punctuation compliance and zero punctuation-triggered full restarts.,PROVISIONAL_PILOT,Use same-RS valid P10 evidence under the canonical readiness specification.,"Use readiness_state only: PRIMARY_PENDING → PRIMARY_PASS/CONFIRMATION_PENDING → CONFIRMED_READY, or cause-specific NOT_YET / DISCORDANT_NOT_YET / REASSESS_TECHNICAL / INSUFFICIENT_EVIDENCE / INVALID_FORM / DIAGNOSTIC_HOLD. Only CONFIRMED_READY initially closes readiness; BASELINE_MASTERY is progress reporting only.","CONFIRM-1.0: A single valid P10 pass never closes an RS. Each RS readiness cycle uses two fresh unseen equivalent P10 forms: PRIMARY then CONFIRMATION. No coaching, hints, scored-result disclosure, or targeted practice may occur between a passing PRIMARY and its CONFIRMATION. Both valid forms must satisfy the same RS P10 readiness rule. If PRIMARY fails, stop the cycle and remediate before a new cycle. If PRIMARY passes but CONFIRMATION fails, mark DISCORDANT_NOT_YET and remediate before a new cycle. Technical-invalid forms are REASSESS_TECHNICAL and do not count as valid attempts. All valid forms remain in the audit record; the system may never cherry-pick the best historical pass.","EQUIV-2.1: exact 100 COUNT-100 words; World 1 one-word display; same RS/P10, scoring version, threshold version/status, comprehension blueprint class and safety/accessibility gates; fresh unseen content; non-compensatory global + RS-specific matching; candidate must pass all tolerances embedded in the canonical v0.22 Markdown specification.","ATTEMPT-1.0: A readiness cycle is PRIMARY→CONFIRMATION. A valid failure ends that cycle. A new cycle may begin only after an intervening targeted learning block for that RS. After two consecutive failed/discordant valid cycles, set DIAGNOSTIC_HOLD and require at least two targeted non-readiness practice passages plus a documented diagnostic review before another readiness cycle. There is no unlimited back-to-back retry loop. Genuine later learning may reopen assessment after the required learning block.",PRIMARY_PENDING; PRIMARY_PASS; CONFIRMATION_PENDING; CONFIRMED_READY; NOT_YET; DISCORDANT_NOT_YET; REASSESS_TECHNICAL; INSUFFICIENT_EVIDENCE; INVALID_FORM; DIAGNOSTIC_HOLD; REVALIDATION_DUE; REVALIDATION_PENDING; CURRENT_REVALIDATED; NOT_YET_AFTER_REVALIDATION; VERSION_INVALIDATED. Only CONFIRMED_READY initially closes readiness.,EQUIV-2.1,SpeedReader_W1_BandA_Form_Equivalence_v0.22.csv,EQUIV-2.1,PROVISIONAL_STRUCTURAL,PROVISIONAL_STRUCTURAL → EMPIRICAL_REVIEW → PRODUCTION_APPROVED; SUSPENDED_RECALIBRATE on material change.,COMP-P10-1.0,"First-attempt independent mastery = at least 3/4 correct AND the designated primary-skill item correct, before any hint, targeted reread, answer feedback, narrowing, worked example, or remediation. Comprehension readiness requires two independent first-attempt passes on fresh matched forms: COMP_PRIMARY_PASS then COMP_CONFIRMATION_PASS. No targeted comprehension coaching, hinting, answer explanation, or missed-item disclosure occurs between a passing PRIMARY and its CONFIRMATION. Both forms use the same P10 blueprint class but fresh passage evidence and fresh question wording. Only COMPREHENSION_CONFIRMED contributes to Band-A readiness.",RECENCY-1.0,Readiness evidence remains CURRENT until the first of: >56 calendar days since the latest passing same-RS confirmation/revalidation; >16 subsequent valid Band-A assessment/remediation sessions; or >28 consecutive calendar days with no SpeedReader learning session. Material scoring/threshold-version changes invalidate evidence immediately rather than merely making it stale. These numeric limits are PROVISIONAL_PILOT and require later calibration.,"When evidence is REVALIDATION_DUE only because of recency/inactivity, use one fresh unseen EQUIV-2.1 same-RS P10 revalidation form. Score oral and comprehension streams independently before any targeted feedback. A passing stream renews only that stream's freshness anchor. A valid failing stream becomes NOT_YET and requires targeted remediation followed by a new full PRIMARY→CONFIRMATION cycle for that stream. Technical invalidity does not count as failure and does not reset freshness until valid evidence is obtained.",EVIDENCE-MIN-1.2,Frozen prose naturally contains ≥5 eligible events; exactly 5 are scored; all 5 assessable.,COMP-COVERAGE-1.0,Q1 D2: Sequence | Q2 D8: Vocabulary-in-context | Q3 D3: Cause/effect | Q4 D9: Judgment/application,,,,MIRROR_ONLY,SpeedReader_W1_BandA_Spec_v0.25.md,SpeedReader_W1_BandA_Spec_v0.25.md is sole normative source; v0.25 CSVs are mirrors only.,FORM-SUPPLY-1.0,PRE_GENERATED_QA_APPROVED_BANK,PROHIBITED,,RS10-FEAS-1.0,"RS10 INTERNAL PUNCTUATION P10: write natural beginner prose first. Before RS10 scoring tags are assigned, the frozen learner-visible body must already contain at least 5 naturally justified eligible internal punctuation events (comma, semicolon or colon). Do not add punctuation solely to satisfy the denominator. After prose naturalness QA passes, tag exactly 5 eligible events as RS10 scoring opportunities. At least 2 tagged opportunities must occur in each 50-word half; the fifth may occur in either half. Additional natural internal punctuation may remain unscored. Before RS10 form-family production approval, evaluate at least 20 independently produced P10 candidates. At least 16/20 (80%) must reach the natural ≥5-opportunity requirement on the first complete prose-QA pass without punctuation-only edits, and no BANK_APPROVED form may be accepted with punctuation manipulation. If more than 4/20 (20%) require punctuation-specific repair to reach five, or repeated prose QA identifies comma stuffing, set RS10_MINIMUM_RECALIBRATION_REVIEW before production approval.",STATE-SEP-1.0,Progress descriptors report P1/current trajectory only and cannot close readiness. BASELINE_MASTERY is allowed here.,"Use readiness_state only: PRIMARY_PENDING → PRIMARY_PASS/CONFIRMATION_PENDING → CONFIRMED_READY, or cause-specific NOT_YET / DISCORDANT_NOT_YET / REASSESS_TECHNICAL / INSUFFICIENT_EVIDENCE / INVALID_FORM / DIAGNOSTIC_HOLD. Only CONFIRMED_READY initially closes readiness; BASELINE_MASTERY is progress reporting only.",NONE,"Even if P1 meets the eventual P10 target, final readiness requires fresh P10 PRIMARY + matched CONFIRMATION."
v0.25,RS11,Pace consistency,P1,"Maintain a calm, reasonably even oral pace rather than rushing and stalling.","The learner's speed across the four quarters of the passage stays increasingly stable, after excluding punctuation pauses and unscored audio.",Compute WPM for four equal assessable-word quartiles. pace_spread = (max quartile WPM - min quartile WPM) / median quartile WPM.,Baseline quartile WPM profile only.,At P10: pace_spread ≤0.25 with no single quartile >35% slower than the learner's passage median. Absolute WPM is not compared with peers.,PROVISIONAL_PILOT,Use same-RS valid P10 evidence under the canonical readiness specification.,"Use readiness_state only: PRIMARY_PENDING → PRIMARY_PASS/CONFIRMATION_PENDING → CONFIRMED_READY, or cause-specific NOT_YET / DISCORDANT_NOT_YET / REASSESS_TECHNICAL / INSUFFICIENT_EVIDENCE / INVALID_FORM / DIAGNOSTIC_HOLD. Only CONFIRMED_READY initially closes readiness; BASELINE_MASTERY is progress reporting only.","CONFIRM-1.0: A single valid P10 pass never closes an RS. Each RS readiness cycle uses two fresh unseen equivalent P10 forms: PRIMARY then CONFIRMATION. No coaching, hints, scored-result disclosure, or targeted practice may occur between a passing PRIMARY and its CONFIRMATION. Both valid forms must satisfy the same RS P10 readiness rule. If PRIMARY fails, stop the cycle and remediate before a new cycle. If PRIMARY passes but CONFIRMATION fails, mark DISCORDANT_NOT_YET and remediate before a new cycle. Technical-invalid forms are REASSESS_TECHNICAL and do not count as valid attempts. All valid forms remain in the audit record; the system may never cherry-pick the best historical pass.","EQUIV-2.1: exact 100 COUNT-100 words; World 1 one-word display; same RS/P10, scoring version, threshold version/status, comprehension blueprint class and safety/accessibility gates; fresh unseen content; non-compensatory global + RS-specific matching; candidate must pass all tolerances embedded in the canonical v0.22 Markdown specification.","ATTEMPT-1.0: A readiness cycle is PRIMARY→CONFIRMATION. A valid failure ends that cycle. A new cycle may begin only after an intervening targeted learning block for that RS. After two consecutive failed/discordant valid cycles, set DIAGNOSTIC_HOLD and require at least two targeted non-readiness practice passages plus a documented diagnostic review before another readiness cycle. There is no unlimited back-to-back retry loop. Genuine later learning may reopen assessment after the required learning block.",PRIMARY_PENDING; PRIMARY_PASS; CONFIRMATION_PENDING; CONFIRMED_READY; NOT_YET; DISCORDANT_NOT_YET; REASSESS_TECHNICAL; INSUFFICIENT_EVIDENCE; INVALID_FORM; DIAGNOSTIC_HOLD; REVALIDATION_DUE; REVALIDATION_PENDING; CURRENT_REVALIDATED; NOT_YET_AFTER_REVALIDATION; VERSION_INVALIDATED. Only CONFIRMED_READY initially closes readiness.,EQUIV-2.1,SpeedReader_W1_BandA_Form_Equivalence_v0.22.csv,EQUIV-2.1,PROVISIONAL_STRUCTURAL,PROVISIONAL_STRUCTURAL → EMPIRICAL_REVIEW → PRODUCTION_APPROVED; SUSPENDED_RECALIBRATE on material change.,COMP-P10-1.0,,RECENCY-1.0,,,EVIDENCE-MIN-1.2,,COMP-COVERAGE-1.0,,,,,MIRROR_ONLY,SpeedReader_W1_BandA_Spec_v0.25.md,SpeedReader_W1_BandA_Spec_v0.25.md is sole normative source; v0.25 CSVs are mirrors only.,FORM-SUPPLY-1.0,PRE_GENERATED_QA_APPROVED_BANK,PROHIBITED,,,,STATE-SEP-1.0,Progress descriptors report P1/current trajectory only and cannot close readiness. BASELINE_MASTERY is allowed here.,"Use readiness_state only: PRIMARY_PENDING → PRIMARY_PASS/CONFIRMATION_PENDING → CONFIRMED_READY, or cause-specific NOT_YET / DISCORDANT_NOT_YET / REASSESS_TECHNICAL / INSUFFICIENT_EVIDENCE / INVALID_FORM / DIAGNOSTIC_HOLD. Only CONFIRMED_READY initially closes readiness; BASELINE_MASTERY is progress reporting only.",NONE,"Even if P1 meets the eventual P10 target, final readiness requires fresh P10 PRIMARY + matched CONFIRMATION."
v0.25,RS11,Pace consistency,P2,"Maintain a calm, reasonably even oral pace rather than rushing and stalling.","The learner's speed across the four quarters of the passage stays increasingly stable, after excluding punctuation pauses and unscored audio.",Compute WPM for four equal assessable-word quartiles. pace_spread = (max quartile WPM - min quartile WPM) / median quartile WPM.,pace_spread ≤0.50 or ≥10% improvement from baseline.,At P10: pace_spread ≤0.25 with no single quartile >35% slower than the learner's passage median. Absolute WPM is not compared with peers.,PROVISIONAL_PILOT,Use same-RS valid P10 evidence under the canonical readiness specification.,"Use readiness_state only: PRIMARY_PENDING → PRIMARY_PASS/CONFIRMATION_PENDING → CONFIRMED_READY, or cause-specific NOT_YET / DISCORDANT_NOT_YET / REASSESS_TECHNICAL / INSUFFICIENT_EVIDENCE / INVALID_FORM / DIAGNOSTIC_HOLD. Only CONFIRMED_READY initially closes readiness; BASELINE_MASTERY is progress reporting only.","CONFIRM-1.0: A single valid P10 pass never closes an RS. Each RS readiness cycle uses two fresh unseen equivalent P10 forms: PRIMARY then CONFIRMATION. No coaching, hints, scored-result disclosure, or targeted practice may occur between a passing PRIMARY and its CONFIRMATION. Both valid forms must satisfy the same RS P10 readiness rule. If PRIMARY fails, stop the cycle and remediate before a new cycle. If PRIMARY passes but CONFIRMATION fails, mark DISCORDANT_NOT_YET and remediate before a new cycle. Technical-invalid forms are REASSESS_TECHNICAL and do not count as valid attempts. All valid forms remain in the audit record; the system may never cherry-pick the best historical pass.","EQUIV-2.1: exact 100 COUNT-100 words; World 1 one-word display; same RS/P10, scoring version, threshold version/status, comprehension blueprint class and safety/accessibility gates; fresh unseen content; non-compensatory global + RS-specific matching; candidate must pass all tolerances embedded in the canonical v0.22 Markdown specification.","ATTEMPT-1.0: A readiness cycle is PRIMARY→CONFIRMATION. A valid failure ends that cycle. A new cycle may begin only after an intervening targeted learning block for that RS. After two consecutive failed/discordant valid cycles, set DIAGNOSTIC_HOLD and require at least two targeted non-readiness practice passages plus a documented diagnostic review before another readiness cycle. There is no unlimited back-to-back retry loop. Genuine later learning may reopen assessment after the required learning block.",PRIMARY_PENDING; PRIMARY_PASS; CONFIRMATION_PENDING; CONFIRMED_READY; NOT_YET; DISCORDANT_NOT_YET; REASSESS_TECHNICAL; INSUFFICIENT_EVIDENCE; INVALID_FORM; DIAGNOSTIC_HOLD; REVALIDATION_DUE; REVALIDATION_PENDING; CURRENT_REVALIDATED; NOT_YET_AFTER_REVALIDATION; VERSION_INVALIDATED. Only CONFIRMED_READY initially closes readiness.,EQUIV-2.1,SpeedReader_W1_BandA_Form_Equivalence_v0.22.csv,EQUIV-2.1,PROVISIONAL_STRUCTURAL,PROVISIONAL_STRUCTURAL → EMPIRICAL_REVIEW → PRODUCTION_APPROVED; SUSPENDED_RECALIBRATE on material change.,COMP-P10-1.0,,RECENCY-1.0,,,EVIDENCE-MIN-1.2,,COMP-COVERAGE-1.0,,,,,MIRROR_ONLY,SpeedReader_W1_BandA_Spec_v0.25.md,SpeedReader_W1_BandA_Spec_v0.25.md is sole normative source; v0.25 CSVs are mirrors only.,FORM-SUPPLY-1.0,PRE_GENERATED_QA_APPROVED_BANK,PROHIBITED,,,,STATE-SEP-1.0,Progress descriptors report P1/current trajectory only and cannot close readiness. BASELINE_MASTERY is allowed here.,"Use readiness_state only: PRIMARY_PENDING → PRIMARY_PASS/CONFIRMATION_PENDING → CONFIRMED_READY, or cause-specific NOT_YET / DISCORDANT_NOT_YET / REASSESS_TECHNICAL / INSUFFICIENT_EVIDENCE / INVALID_FORM / DIAGNOSTIC_HOLD. Only CONFIRMED_READY initially closes readiness; BASELINE_MASTERY is progress reporting only.",NONE,"Even if P1 meets the eventual P10 target, final readiness requires fresh P10 PRIMARY + matched CONFIRMATION."
v0.25,RS11,Pace consistency,P3,"Maintain a calm, reasonably even oral pace rather than rushing and stalling.","The learner's speed across the four quarters of the passage stays increasingly stable, after excluding punctuation pauses and unscored audio.",Compute WPM for four equal assessable-word quartiles. pace_spread = (max quartile WPM - min quartile WPM) / median quartile WPM.,≤0.45.,At P10: pace_spread ≤0.25 with no single quartile >35% slower than the learner's passage median. Absolute WPM is not compared with peers.,PROVISIONAL_PILOT,Use same-RS valid P10 evidence under the canonical readiness specification.,"Use readiness_state only: PRIMARY_PENDING → PRIMARY_PASS/CONFIRMATION_PENDING → CONFIRMED_READY, or cause-specific NOT_YET / DISCORDANT_NOT_YET / REASSESS_TECHNICAL / INSUFFICIENT_EVIDENCE / INVALID_FORM / DIAGNOSTIC_HOLD. Only CONFIRMED_READY initially closes readiness; BASELINE_MASTERY is progress reporting only.","CONFIRM-1.0: A single valid P10 pass never closes an RS. Each RS readiness cycle uses two fresh unseen equivalent P10 forms: PRIMARY then CONFIRMATION. No coaching, hints, scored-result disclosure, or targeted practice may occur between a passing PRIMARY and its CONFIRMATION. Both valid forms must satisfy the same RS P10 readiness rule. If PRIMARY fails, stop the cycle and remediate before a new cycle. If PRIMARY passes but CONFIRMATION fails, mark DISCORDANT_NOT_YET and remediate before a new cycle. Technical-invalid forms are REASSESS_TECHNICAL and do not count as valid attempts. All valid forms remain in the audit record; the system may never cherry-pick the best historical pass.","EQUIV-2.1: exact 100 COUNT-100 words; World 1 one-word display; same RS/P10, scoring version, threshold version/status, comprehension blueprint class and safety/accessibility gates; fresh unseen content; non-compensatory global + RS-specific matching; candidate must pass all tolerances embedded in the canonical v0.22 Markdown specification.","ATTEMPT-1.0: A readiness cycle is PRIMARY→CONFIRMATION. A valid failure ends that cycle. A new cycle may begin only after an intervening targeted learning block for that RS. After two consecutive failed/discordant valid cycles, set DIAGNOSTIC_HOLD and require at least two targeted non-readiness practice passages plus a documented diagnostic review before another readiness cycle. There is no unlimited back-to-back retry loop. Genuine later learning may reopen assessment after the required learning block.",PRIMARY_PENDING; PRIMARY_PASS; CONFIRMATION_PENDING; CONFIRMED_READY; NOT_YET; DISCORDANT_NOT_YET; REASSESS_TECHNICAL; INSUFFICIENT_EVIDENCE; INVALID_FORM; DIAGNOSTIC_HOLD; REVALIDATION_DUE; REVALIDATION_PENDING; CURRENT_REVALIDATED; NOT_YET_AFTER_REVALIDATION; VERSION_INVALIDATED. Only CONFIRMED_READY initially closes readiness.,EQUIV-2.1,SpeedReader_W1_BandA_Form_Equivalence_v0.22.csv,EQUIV-2.1,PROVISIONAL_STRUCTURAL,PROVISIONAL_STRUCTURAL → EMPIRICAL_REVIEW → PRODUCTION_APPROVED; SUSPENDED_RECALIBRATE on material change.,COMP-P10-1.0,,RECENCY-1.0,,,EVIDENCE-MIN-1.2,,COMP-COVERAGE-1.0,,,,,MIRROR_ONLY,SpeedReader_W1_BandA_Spec_v0.25.md,SpeedReader_W1_BandA_Spec_v0.25.md is sole normative source; v0.25 CSVs are mirrors only.,FORM-SUPPLY-1.0,PRE_GENERATED_QA_APPROVED_BANK,PROHIBITED,,,,STATE-SEP-1.0,Progress descriptors report P1/current trajectory only and cannot close readiness. BASELINE_MASTERY is allowed here.,"Use readiness_state only: PRIMARY_PENDING → PRIMARY_PASS/CONFIRMATION_PENDING → CONFIRMED_READY, or cause-specific NOT_YET / DISCORDANT_NOT_YET / REASSESS_TECHNICAL / INSUFFICIENT_EVIDENCE / INVALID_FORM / DIAGNOSTIC_HOLD. Only CONFIRMED_READY initially closes readiness; BASELINE_MASTERY is progress reporting only.",NONE,"Even if P1 meets the eventual P10 target, final readiness requires fresh P10 PRIMARY + matched CONFIRMATION."
v0.25,RS11,Pace consistency,P4,"Maintain a calm, reasonably even oral pace rather than rushing and stalling.","The learner's speed across the four quarters of the passage stays increasingly stable, after excluding punctuation pauses and unscored audio.",Compute WPM for four equal assessable-word quartiles. pace_spread = (max quartile WPM - min quartile WPM) / median quartile WPM.,≤0.42.,At P10: pace_spread ≤0.25 with no single quartile >35% slower than the learner's passage median. Absolute WPM is not compared with peers.,PROVISIONAL_PILOT,Use same-RS valid P10 evidence under the canonical readiness specification.,"Use readiness_state only: PRIMARY_PENDING → PRIMARY_PASS/CONFIRMATION_PENDING → CONFIRMED_READY, or cause-specific NOT_YET / DISCORDANT_NOT_YET / REASSESS_TECHNICAL / INSUFFICIENT_EVIDENCE / INVALID_FORM / DIAGNOSTIC_HOLD. Only CONFIRMED_READY initially closes readiness; BASELINE_MASTERY is progress reporting only.","CONFIRM-1.0: A single valid P10 pass never closes an RS. Each RS readiness cycle uses two fresh unseen equivalent P10 forms: PRIMARY then CONFIRMATION. No coaching, hints, scored-result disclosure, or targeted practice may occur between a passing PRIMARY and its CONFIRMATION. Both valid forms must satisfy the same RS P10 readiness rule. If PRIMARY fails, stop the cycle and remediate before a new cycle. If PRIMARY passes but CONFIRMATION fails, mark DISCORDANT_NOT_YET and remediate before a new cycle. Technical-invalid forms are REASSESS_TECHNICAL and do not count as valid attempts. All valid forms remain in the audit record; the system may never cherry-pick the best historical pass.","EQUIV-2.1: exact 100 COUNT-100 words; World 1 one-word display; same RS/P10, scoring version, threshold version/status, comprehension blueprint class and safety/accessibility gates; fresh unseen content; non-compensatory global + RS-specific matching; candidate must pass all tolerances embedded in the canonical v0.22 Markdown specification.","ATTEMPT-1.0: A readiness cycle is PRIMARY→CONFIRMATION. A valid failure ends that cycle. A new cycle may begin only after an intervening targeted learning block for that RS. After two consecutive failed/discordant valid cycles, set DIAGNOSTIC_HOLD and require at least two targeted non-readiness practice passages plus a documented diagnostic review before another readiness cycle. There is no unlimited back-to-back retry loop. Genuine later learning may reopen assessment after the required learning block.",PRIMARY_PENDING; PRIMARY_PASS; CONFIRMATION_PENDING; CONFIRMED_READY; NOT_YET; DISCORDANT_NOT_YET; REASSESS_TECHNICAL; INSUFFICIENT_EVIDENCE; INVALID_FORM; DIAGNOSTIC_HOLD; REVALIDATION_DUE; REVALIDATION_PENDING; CURRENT_REVALIDATED; NOT_YET_AFTER_REVALIDATION; VERSION_INVALIDATED. Only CONFIRMED_READY initially closes readiness.,EQUIV-2.1,SpeedReader_W1_BandA_Form_Equivalence_v0.22.csv,EQUIV-2.1,PROVISIONAL_STRUCTURAL,PROVISIONAL_STRUCTURAL → EMPIRICAL_REVIEW → PRODUCTION_APPROVED; SUSPENDED_RECALIBRATE on material change.,COMP-P10-1.0,,RECENCY-1.0,,,EVIDENCE-MIN-1.2,,COMP-COVERAGE-1.0,,,,,MIRROR_ONLY,SpeedReader_W1_BandA_Spec_v0.25.md,SpeedReader_W1_BandA_Spec_v0.25.md is sole normative source; v0.25 CSVs are mirrors only.,FORM-SUPPLY-1.0,PRE_GENERATED_QA_APPROVED_BANK,PROHIBITED,,,,STATE-SEP-1.0,Progress descriptors report P1/current trajectory only and cannot close readiness. BASELINE_MASTERY is allowed here.,"Use readiness_state only: PRIMARY_PENDING → PRIMARY_PASS/CONFIRMATION_PENDING → CONFIRMED_READY, or cause-specific NOT_YET / DISCORDANT_NOT_YET / REASSESS_TECHNICAL / INSUFFICIENT_EVIDENCE / INVALID_FORM / DIAGNOSTIC_HOLD. Only CONFIRMED_READY initially closes readiness; BASELINE_MASTERY is progress reporting only.",NONE,"Even if P1 meets the eventual P10 target, final readiness requires fresh P10 PRIMARY + matched CONFIRMATION."
v0.25,RS11,Pace consistency,P5,"Maintain a calm, reasonably even oral pace rather than rushing and stalling.","The learner's speed across the four quarters of the passage stays increasingly stable, after excluding punctuation pauses and unscored audio.",Compute WPM for four equal assessable-word quartiles. pace_spread = (max quartile WPM - min quartile WPM) / median quartile WPM.,≤0.40.,At P10: pace_spread ≤0.25 with no single quartile >35% slower than the learner's passage median. Absolute WPM is not compared with peers.,PROVISIONAL_PILOT,Use same-RS valid P10 evidence under the canonical readiness specification.,"Use readiness_state only: PRIMARY_PENDING → PRIMARY_PASS/CONFIRMATION_PENDING → CONFIRMED_READY, or cause-specific NOT_YET / DISCORDANT_NOT_YET / REASSESS_TECHNICAL / INSUFFICIENT_EVIDENCE / INVALID_FORM / DIAGNOSTIC_HOLD. Only CONFIRMED_READY initially closes readiness; BASELINE_MASTERY is progress reporting only.","CONFIRM-1.0: A single valid P10 pass never closes an RS. Each RS readiness cycle uses two fresh unseen equivalent P10 forms: PRIMARY then CONFIRMATION. No coaching, hints, scored-result disclosure, or targeted practice may occur between a passing PRIMARY and its CONFIRMATION. Both valid forms must satisfy the same RS P10 readiness rule. If PRIMARY fails, stop the cycle and remediate before a new cycle. If PRIMARY passes but CONFIRMATION fails, mark DISCORDANT_NOT_YET and remediate before a new cycle. Technical-invalid forms are REASSESS_TECHNICAL and do not count as valid attempts. All valid forms remain in the audit record; the system may never cherry-pick the best historical pass.","EQUIV-2.1: exact 100 COUNT-100 words; World 1 one-word display; same RS/P10, scoring version, threshold version/status, comprehension blueprint class and safety/accessibility gates; fresh unseen content; non-compensatory global + RS-specific matching; candidate must pass all tolerances embedded in the canonical v0.22 Markdown specification.","ATTEMPT-1.0: A readiness cycle is PRIMARY→CONFIRMATION. A valid failure ends that cycle. A new cycle may begin only after an intervening targeted learning block for that RS. After two consecutive failed/discordant valid cycles, set DIAGNOSTIC_HOLD and require at least two targeted non-readiness practice passages plus a documented diagnostic review before another readiness cycle. There is no unlimited back-to-back retry loop. Genuine later learning may reopen assessment after the required learning block.",PRIMARY_PENDING; PRIMARY_PASS; CONFIRMATION_PENDING; CONFIRMED_READY; NOT_YET; DISCORDANT_NOT_YET; REASSESS_TECHNICAL; INSUFFICIENT_EVIDENCE; INVALID_FORM; DIAGNOSTIC_HOLD; REVALIDATION_DUE; REVALIDATION_PENDING; CURRENT_REVALIDATED; NOT_YET_AFTER_REVALIDATION; VERSION_INVALIDATED. Only CONFIRMED_READY initially closes readiness.,EQUIV-2.1,SpeedReader_W1_BandA_Form_Equivalence_v0.22.csv,EQUIV-2.1,PROVISIONAL_STRUCTURAL,PROVISIONAL_STRUCTURAL → EMPIRICAL_REVIEW → PRODUCTION_APPROVED; SUSPENDED_RECALIBRATE on material change.,COMP-P10-1.0,,RECENCY-1.0,,,EVIDENCE-MIN-1.2,,COMP-COVERAGE-1.0,,,,,MIRROR_ONLY,SpeedReader_W1_BandA_Spec_v0.25.md,SpeedReader_W1_BandA_Spec_v0.25.md is sole normative source; v0.25 CSVs are mirrors only.,FORM-SUPPLY-1.0,PRE_GENERATED_QA_APPROVED_BANK,PROHIBITED,,,,STATE-SEP-1.0,Progress descriptors report P1/current trajectory only and cannot close readiness. BASELINE_MASTERY is allowed here.,"Use readiness_state only: PRIMARY_PENDING → PRIMARY_PASS/CONFIRMATION_PENDING → CONFIRMED_READY, or cause-specific NOT_YET / DISCORDANT_NOT_YET / REASSESS_TECHNICAL / INSUFFICIENT_EVIDENCE / INVALID_FORM / DIAGNOSTIC_HOLD. Only CONFIRMED_READY initially closes readiness; BASELINE_MASTERY is progress reporting only.",NONE,"Even if P1 meets the eventual P10 target, final readiness requires fresh P10 PRIMARY + matched CONFIRMATION."
v0.25,RS11,Pace consistency,P6,"Maintain a calm, reasonably even oral pace rather than rushing and stalling.","The learner's speed across the four quarters of the passage stays increasingly stable, after excluding punctuation pauses and unscored audio.",Compute WPM for four equal assessable-word quartiles. pace_spread = (max quartile WPM - min quartile WPM) / median quartile WPM.,≤0.36.,At P10: pace_spread ≤0.25 with no single quartile >35% slower than the learner's passage median. Absolute WPM is not compared with peers.,PROVISIONAL_PILOT,Use same-RS valid P10 evidence under the canonical readiness specification.,"Use readiness_state only: PRIMARY_PENDING → PRIMARY_PASS/CONFIRMATION_PENDING → CONFIRMED_READY, or cause-specific NOT_YET / DISCORDANT_NOT_YET / REASSESS_TECHNICAL / INSUFFICIENT_EVIDENCE / INVALID_FORM / DIAGNOSTIC_HOLD. Only CONFIRMED_READY initially closes readiness; BASELINE_MASTERY is progress reporting only.","CONFIRM-1.0: A single valid P10 pass never closes an RS. Each RS readiness cycle uses two fresh unseen equivalent P10 forms: PRIMARY then CONFIRMATION. No coaching, hints, scored-result disclosure, or targeted practice may occur between a passing PRIMARY and its CONFIRMATION. Both valid forms must satisfy the same RS P10 readiness rule. If PRIMARY fails, stop the cycle and remediate before a new cycle. If PRIMARY passes but CONFIRMATION fails, mark DISCORDANT_NOT_YET and remediate before a new cycle. Technical-invalid forms are REASSESS_TECHNICAL and do not count as valid attempts. All valid forms remain in the audit record; the system may never cherry-pick the best historical pass.","EQUIV-2.1: exact 100 COUNT-100 words; World 1 one-word display; same RS/P10, scoring version, threshold version/status, comprehension blueprint class and safety/accessibility gates; fresh unseen content; non-compensatory global + RS-specific matching; candidate must pass all tolerances embedded in the canonical v0.22 Markdown specification.","ATTEMPT-1.0: A readiness cycle is PRIMARY→CONFIRMATION. A valid failure ends that cycle. A new cycle may begin only after an intervening targeted learning block for that RS. After two consecutive failed/discordant valid cycles, set DIAGNOSTIC_HOLD and require at least two targeted non-readiness practice passages plus a documented diagnostic review before another readiness cycle. There is no unlimited back-to-back retry loop. Genuine later learning may reopen assessment after the required learning block.",PRIMARY_PENDING; PRIMARY_PASS; CONFIRMATION_PENDING; CONFIRMED_READY; NOT_YET; DISCORDANT_NOT_YET; REASSESS_TECHNICAL; INSUFFICIENT_EVIDENCE; INVALID_FORM; DIAGNOSTIC_HOLD; REVALIDATION_DUE; REVALIDATION_PENDING; CURRENT_REVALIDATED; NOT_YET_AFTER_REVALIDATION; VERSION_INVALIDATED. Only CONFIRMED_READY initially closes readiness.,EQUIV-2.1,SpeedReader_W1_BandA_Form_Equivalence_v0.22.csv,EQUIV-2.1,PROVISIONAL_STRUCTURAL,PROVISIONAL_STRUCTURAL → EMPIRICAL_REVIEW → PRODUCTION_APPROVED; SUSPENDED_RECALIBRATE on material change.,COMP-P10-1.0,,RECENCY-1.0,,,EVIDENCE-MIN-1.2,,COMP-COVERAGE-1.0,,,,,MIRROR_ONLY,SpeedReader_W1_BandA_Spec_v0.25.md,SpeedReader_W1_BandA_Spec_v0.25.md is sole normative source; v0.25 CSVs are mirrors only.,FORM-SUPPLY-1.0,PRE_GENERATED_QA_APPROVED_BANK,PROHIBITED,,,,STATE-SEP-1.0,Progress descriptors report P1/current trajectory only and cannot close readiness. BASELINE_MASTERY is allowed here.,"Use readiness_state only: PRIMARY_PENDING → PRIMARY_PASS/CONFIRMATION_PENDING → CONFIRMED_READY, or cause-specific NOT_YET / DISCORDANT_NOT_YET / REASSESS_TECHNICAL / INSUFFICIENT_EVIDENCE / INVALID_FORM / DIAGNOSTIC_HOLD. Only CONFIRMED_READY initially closes readiness; BASELINE_MASTERY is progress reporting only.",NONE,"Even if P1 meets the eventual P10 target, final readiness requires fresh P10 PRIMARY + matched CONFIRMATION."
v0.25,RS11,Pace consistency,P7,"Maintain a calm, reasonably even oral pace rather than rushing and stalling.","The learner's speed across the four quarters of the passage stays increasingly stable, after excluding punctuation pauses and unscored audio.",Compute WPM for four equal assessable-word quartiles. pace_spread = (max quartile WPM - min quartile WPM) / median quartile WPM.,≤0.34.,At P10: pace_spread ≤0.25 with no single quartile >35% slower than the learner's passage median. Absolute WPM is not compared with peers.,PROVISIONAL_PILOT,Use same-RS valid P10 evidence under the canonical readiness specification.,"Use readiness_state only: PRIMARY_PENDING → PRIMARY_PASS/CONFIRMATION_PENDING → CONFIRMED_READY, or cause-specific NOT_YET / DISCORDANT_NOT_YET / REASSESS_TECHNICAL / INSUFFICIENT_EVIDENCE / INVALID_FORM / DIAGNOSTIC_HOLD. Only CONFIRMED_READY initially closes readiness; BASELINE_MASTERY is progress reporting only.","CONFIRM-1.0: A single valid P10 pass never closes an RS. Each RS readiness cycle uses two fresh unseen equivalent P10 forms: PRIMARY then CONFIRMATION. No coaching, hints, scored-result disclosure, or targeted practice may occur between a passing PRIMARY and its CONFIRMATION. Both valid forms must satisfy the same RS P10 readiness rule. If PRIMARY fails, stop the cycle and remediate before a new cycle. If PRIMARY passes but CONFIRMATION fails, mark DISCORDANT_NOT_YET and remediate before a new cycle. Technical-invalid forms are REASSESS_TECHNICAL and do not count as valid attempts. All valid forms remain in the audit record; the system may never cherry-pick the best historical pass.","EQUIV-2.1: exact 100 COUNT-100 words; World 1 one-word display; same RS/P10, scoring version, threshold version/status, comprehension blueprint class and safety/accessibility gates; fresh unseen content; non-compensatory global + RS-specific matching; candidate must pass all tolerances embedded in the canonical v0.22 Markdown specification.","ATTEMPT-1.0: A readiness cycle is PRIMARY→CONFIRMATION. A valid failure ends that cycle. A new cycle may begin only after an intervening targeted learning block for that RS. After two consecutive failed/discordant valid cycles, set DIAGNOSTIC_HOLD and require at least two targeted non-readiness practice passages plus a documented diagnostic review before another readiness cycle. There is no unlimited back-to-back retry loop. Genuine later learning may reopen assessment after the required learning block.",PRIMARY_PENDING; PRIMARY_PASS; CONFIRMATION_PENDING; CONFIRMED_READY; NOT_YET; DISCORDANT_NOT_YET; REASSESS_TECHNICAL; INSUFFICIENT_EVIDENCE; INVALID_FORM; DIAGNOSTIC_HOLD; REVALIDATION_DUE; REVALIDATION_PENDING; CURRENT_REVALIDATED; NOT_YET_AFTER_REVALIDATION; VERSION_INVALIDATED. Only CONFIRMED_READY initially closes readiness.,EQUIV-2.1,SpeedReader_W1_BandA_Form_Equivalence_v0.22.csv,EQUIV-2.1,PROVISIONAL_STRUCTURAL,PROVISIONAL_STRUCTURAL → EMPIRICAL_REVIEW → PRODUCTION_APPROVED; SUSPENDED_RECALIBRATE on material change.,COMP-P10-1.0,,RECENCY-1.0,,,EVIDENCE-MIN-1.2,,COMP-COVERAGE-1.0,,,,,MIRROR_ONLY,SpeedReader_W1_BandA_Spec_v0.25.md,SpeedReader_W1_BandA_Spec_v0.25.md is sole normative source; v0.25 CSVs are mirrors only.,FORM-SUPPLY-1.0,PRE_GENERATED_QA_APPROVED_BANK,PROHIBITED,,,,STATE-SEP-1.0,Progress descriptors report P1/current trajectory only and cannot close readiness. BASELINE_MASTERY is allowed here.,"Use readiness_state only: PRIMARY_PENDING → PRIMARY_PASS/CONFIRMATION_PENDING → CONFIRMED_READY, or cause-specific NOT_YET / DISCORDANT_NOT_YET / REASSESS_TECHNICAL / INSUFFICIENT_EVIDENCE / INVALID_FORM / DIAGNOSTIC_HOLD. Only CONFIRMED_READY initially closes readiness; BASELINE_MASTERY is progress reporting only.",NONE,"Even if P1 meets the eventual P10 target, final readiness requires fresh P10 PRIMARY + matched CONFIRMATION."
v0.25,RS11,Pace consistency,P8,"Maintain a calm, reasonably even oral pace rather than rushing and stalling.","The learner's speed across the four quarters of the passage stays increasingly stable, after excluding punctuation pauses and unscored audio.",Compute WPM for four equal assessable-word quartiles. pace_spread = (max quartile WPM - min quartile WPM) / median quartile WPM.,≤0.30.,At P10: pace_spread ≤0.25 with no single quartile >35% slower than the learner's passage median. Absolute WPM is not compared with peers.,PROVISIONAL_PILOT,Use same-RS valid P10 evidence under the canonical readiness specification.,"Use readiness_state only: PRIMARY_PENDING → PRIMARY_PASS/CONFIRMATION_PENDING → CONFIRMED_READY, or cause-specific NOT_YET / DISCORDANT_NOT_YET / REASSESS_TECHNICAL / INSUFFICIENT_EVIDENCE / INVALID_FORM / DIAGNOSTIC_HOLD. Only CONFIRMED_READY initially closes readiness; BASELINE_MASTERY is progress reporting only.","CONFIRM-1.0: A single valid P10 pass never closes an RS. Each RS readiness cycle uses two fresh unseen equivalent P10 forms: PRIMARY then CONFIRMATION. No coaching, hints, scored-result disclosure, or targeted practice may occur between a passing PRIMARY and its CONFIRMATION. Both valid forms must satisfy the same RS P10 readiness rule. If PRIMARY fails, stop the cycle and remediate before a new cycle. If PRIMARY passes but CONFIRMATION fails, mark DISCORDANT_NOT_YET and remediate before a new cycle. Technical-invalid forms are REASSESS_TECHNICAL and do not count as valid attempts. All valid forms remain in the audit record; the system may never cherry-pick the best historical pass.","EQUIV-2.1: exact 100 COUNT-100 words; World 1 one-word display; same RS/P10, scoring version, threshold version/status, comprehension blueprint class and safety/accessibility gates; fresh unseen content; non-compensatory global + RS-specific matching; candidate must pass all tolerances embedded in the canonical v0.22 Markdown specification.","ATTEMPT-1.0: A readiness cycle is PRIMARY→CONFIRMATION. A valid failure ends that cycle. A new cycle may begin only after an intervening targeted learning block for that RS. After two consecutive failed/discordant valid cycles, set DIAGNOSTIC_HOLD and require at least two targeted non-readiness practice passages plus a documented diagnostic review before another readiness cycle. There is no unlimited back-to-back retry loop. Genuine later learning may reopen assessment after the required learning block.",PRIMARY_PENDING; PRIMARY_PASS; CONFIRMATION_PENDING; CONFIRMED_READY; NOT_YET; DISCORDANT_NOT_YET; REASSESS_TECHNICAL; INSUFFICIENT_EVIDENCE; INVALID_FORM; DIAGNOSTIC_HOLD; REVALIDATION_DUE; REVALIDATION_PENDING; CURRENT_REVALIDATED; NOT_YET_AFTER_REVALIDATION; VERSION_INVALIDATED. Only CONFIRMED_READY initially closes readiness.,EQUIV-2.1,SpeedReader_W1_BandA_Form_Equivalence_v0.22.csv,EQUIV-2.1,PROVISIONAL_STRUCTURAL,PROVISIONAL_STRUCTURAL → EMPIRICAL_REVIEW → PRODUCTION_APPROVED; SUSPENDED_RECALIBRATE on material change.,COMP-P10-1.0,,RECENCY-1.0,,,EVIDENCE-MIN-1.2,,COMP-COVERAGE-1.0,,,,,MIRROR_ONLY,SpeedReader_W1_BandA_Spec_v0.25.md,SpeedReader_W1_BandA_Spec_v0.25.md is sole normative source; v0.25 CSVs are mirrors only.,FORM-SUPPLY-1.0,PRE_GENERATED_QA_APPROVED_BANK,PROHIBITED,,,,STATE-SEP-1.0,Progress descriptors report P1/current trajectory only and cannot close readiness. BASELINE_MASTERY is allowed here.,"Use readiness_state only: PRIMARY_PENDING → PRIMARY_PASS/CONFIRMATION_PENDING → CONFIRMED_READY, or cause-specific NOT_YET / DISCORDANT_NOT_YET / REASSESS_TECHNICAL / INSUFFICIENT_EVIDENCE / INVALID_FORM / DIAGNOSTIC_HOLD. Only CONFIRMED_READY initially closes readiness; BASELINE_MASTERY is progress reporting only.",NONE,"Even if P1 meets the eventual P10 target, final readiness requires fresh P10 PRIMARY + matched CONFIRMATION."
v0.25,RS11,Pace consistency,P9,"Maintain a calm, reasonably even oral pace rather than rushing and stalling.","The learner's speed across the four quarters of the passage stays increasingly stable, after excluding punctuation pauses and unscored audio.",Compute WPM for four equal assessable-word quartiles. pace_spread = (max quartile WPM - min quartile WPM) / median quartile WPM.,≤0.28.,At P10: pace_spread ≤0.25 with no single quartile >35% slower than the learner's passage median. Absolute WPM is not compared with peers.,PROVISIONAL_PILOT,Use same-RS valid P10 evidence under the canonical readiness specification.,"Use readiness_state only: PRIMARY_PENDING → PRIMARY_PASS/CONFIRMATION_PENDING → CONFIRMED_READY, or cause-specific NOT_YET / DISCORDANT_NOT_YET / REASSESS_TECHNICAL / INSUFFICIENT_EVIDENCE / INVALID_FORM / DIAGNOSTIC_HOLD. Only CONFIRMED_READY initially closes readiness; BASELINE_MASTERY is progress reporting only.","CONFIRM-1.0: A single valid P10 pass never closes an RS. Each RS readiness cycle uses two fresh unseen equivalent P10 forms: PRIMARY then CONFIRMATION. No coaching, hints, scored-result disclosure, or targeted practice may occur between a passing PRIMARY and its CONFIRMATION. Both valid forms must satisfy the same RS P10 readiness rule. If PRIMARY fails, stop the cycle and remediate before a new cycle. If PRIMARY passes but CONFIRMATION fails, mark DISCORDANT_NOT_YET and remediate before a new cycle. Technical-invalid forms are REASSESS_TECHNICAL and do not count as valid attempts. All valid forms remain in the audit record; the system may never cherry-pick the best historical pass.","EQUIV-2.1: exact 100 COUNT-100 words; World 1 one-word display; same RS/P10, scoring version, threshold version/status, comprehension blueprint class and safety/accessibility gates; fresh unseen content; non-compensatory global + RS-specific matching; candidate must pass all tolerances embedded in the canonical v0.22 Markdown specification.","ATTEMPT-1.0: A readiness cycle is PRIMARY→CONFIRMATION. A valid failure ends that cycle. A new cycle may begin only after an intervening targeted learning block for that RS. After two consecutive failed/discordant valid cycles, set DIAGNOSTIC_HOLD and require at least two targeted non-readiness practice passages plus a documented diagnostic review before another readiness cycle. There is no unlimited back-to-back retry loop. Genuine later learning may reopen assessment after the required learning block.",PRIMARY_PENDING; PRIMARY_PASS; CONFIRMATION_PENDING; CONFIRMED_READY; NOT_YET; DISCORDANT_NOT_YET; REASSESS_TECHNICAL; INSUFFICIENT_EVIDENCE; INVALID_FORM; DIAGNOSTIC_HOLD; REVALIDATION_DUE; REVALIDATION_PENDING; CURRENT_REVALIDATED; NOT_YET_AFTER_REVALIDATION; VERSION_INVALIDATED. Only CONFIRMED_READY initially closes readiness.,EQUIV-2.1,SpeedReader_W1_BandA_Form_Equivalence_v0.22.csv,EQUIV-2.1,PROVISIONAL_STRUCTURAL,PROVISIONAL_STRUCTURAL → EMPIRICAL_REVIEW → PRODUCTION_APPROVED; SUSPENDED_RECALIBRATE on material change.,COMP-P10-1.0,,RECENCY-1.0,,,EVIDENCE-MIN-1.2,,COMP-COVERAGE-1.0,,,,,MIRROR_ONLY,SpeedReader_W1_BandA_Spec_v0.25.md,SpeedReader_W1_BandA_Spec_v0.25.md is sole normative source; v0.25 CSVs are mirrors only.,FORM-SUPPLY-1.0,PRE_GENERATED_QA_APPROVED_BANK,PROHIBITED,,,,STATE-SEP-1.0,Progress descriptors report P1/current trajectory only and cannot close readiness. BASELINE_MASTERY is allowed here.,"Use readiness_state only: PRIMARY_PENDING → PRIMARY_PASS/CONFIRMATION_PENDING → CONFIRMED_READY, or cause-specific NOT_YET / DISCORDANT_NOT_YET / REASSESS_TECHNICAL / INSUFFICIENT_EVIDENCE / INVALID_FORM / DIAGNOSTIC_HOLD. Only CONFIRMED_READY initially closes readiness; BASELINE_MASTERY is progress reporting only.",NONE,"Even if P1 meets the eventual P10 target, final readiness requires fresh P10 PRIMARY + matched CONFIRMATION."
v0.25,RS11,Pace consistency,P10,"Maintain a calm, reasonably even oral pace rather than rushing and stalling.","The learner's speed across the four quarters of the passage stays increasingly stable, after excluding punctuation pauses and unscored audio.",Compute WPM for four equal assessable-word quartiles. pace_spread = (max quartile WPM - min quartile WPM) / median quartile WPM.,≤0.25 and no quartile >35% below passage median.,At P10: pace_spread ≤0.25 with no single quartile >35% slower than the learner's passage median. Absolute WPM is not compared with peers.,PROVISIONAL_PILOT,Use same-RS valid P10 evidence under the canonical readiness specification.,"Use readiness_state only: PRIMARY_PENDING → PRIMARY_PASS/CONFIRMATION_PENDING → CONFIRMED_READY, or cause-specific NOT_YET / DISCORDANT_NOT_YET / REASSESS_TECHNICAL / INSUFFICIENT_EVIDENCE / INVALID_FORM / DIAGNOSTIC_HOLD. Only CONFIRMED_READY initially closes readiness; BASELINE_MASTERY is progress reporting only.","CONFIRM-1.0: A single valid P10 pass never closes an RS. Each RS readiness cycle uses two fresh unseen equivalent P10 forms: PRIMARY then CONFIRMATION. No coaching, hints, scored-result disclosure, or targeted practice may occur between a passing PRIMARY and its CONFIRMATION. Both valid forms must satisfy the same RS P10 readiness rule. If PRIMARY fails, stop the cycle and remediate before a new cycle. If PRIMARY passes but CONFIRMATION fails, mark DISCORDANT_NOT_YET and remediate before a new cycle. Technical-invalid forms are REASSESS_TECHNICAL and do not count as valid attempts. All valid forms remain in the audit record; the system may never cherry-pick the best historical pass.","EQUIV-2.1: exact 100 COUNT-100 words; World 1 one-word display; same RS/P10, scoring version, threshold version/status, comprehension blueprint class and safety/accessibility gates; fresh unseen content; non-compensatory global + RS-specific matching; candidate must pass all tolerances embedded in the canonical v0.22 Markdown specification.","ATTEMPT-1.0: A readiness cycle is PRIMARY→CONFIRMATION. A valid failure ends that cycle. A new cycle may begin only after an intervening targeted learning block for that RS. After two consecutive failed/discordant valid cycles, set DIAGNOSTIC_HOLD and require at least two targeted non-readiness practice passages plus a documented diagnostic review before another readiness cycle. There is no unlimited back-to-back retry loop. Genuine later learning may reopen assessment after the required learning block.",PRIMARY_PENDING; PRIMARY_PASS; CONFIRMATION_PENDING; CONFIRMED_READY; NOT_YET; DISCORDANT_NOT_YET; REASSESS_TECHNICAL; INSUFFICIENT_EVIDENCE; INVALID_FORM; DIAGNOSTIC_HOLD; REVALIDATION_DUE; REVALIDATION_PENDING; CURRENT_REVALIDATED; NOT_YET_AFTER_REVALIDATION; VERSION_INVALIDATED. Only CONFIRMED_READY initially closes readiness.,EQUIV-2.1,SpeedReader_W1_BandA_Form_Equivalence_v0.22.csv,EQUIV-2.1,PROVISIONAL_STRUCTURAL,PROVISIONAL_STRUCTURAL → EMPIRICAL_REVIEW → PRODUCTION_APPROVED; SUSPENDED_RECALIBRATE on material change.,COMP-P10-1.0,"First-attempt independent mastery = at least 3/4 correct AND the designated primary-skill item correct, before any hint, targeted reread, answer feedback, narrowing, worked example, or remediation. Comprehension readiness requires two independent first-attempt passes on fresh matched forms: COMP_PRIMARY_PASS then COMP_CONFIRMATION_PASS. No targeted comprehension coaching, hinting, answer explanation, or missed-item disclosure occurs between a passing PRIMARY and its CONFIRMATION. Both forms use the same P10 blueprint class but fresh passage evidence and fresh question wording. Only COMPREHENSION_CONFIRMED contributes to Band-A readiness.",RECENCY-1.0,Readiness evidence remains CURRENT until the first of: >56 calendar days since the latest passing same-RS confirmation/revalidation; >16 subsequent valid Band-A assessment/remediation sessions; or >28 consecutive calendar days with no SpeedReader learning session. Material scoring/threshold-version changes invalidate evidence immediately rather than merely making it stale. These numeric limits are PROVISIONAL_PILOT and require later calibration.,"When evidence is REVALIDATION_DUE only because of recency/inactivity, use one fresh unseen EQUIV-2.1 same-RS P10 revalidation form. Score oral and comprehension streams independently before any targeted feedback. A passing stream renews only that stream's freshness anchor. A valid failing stream becomes NOT_YET and requires targeted remediation followed by a new full PRIMARY→CONFIRMATION cycle for that stream. Technical invalidity does not count as failure and does not reset freshness until valid evidence is obtained.",EVIDENCE-MIN-1.2,At least 90 assessable words and at least 22 assessable words in each of four quartiles.,COMP-COVERAGE-1.0,Q1 D1: Direct recall | Q2 D6: Main idea | Q3 D5: Feelings/motivation | Q4 D9: Judgment/application,,,,MIRROR_ONLY,SpeedReader_W1_BandA_Spec_v0.25.md,SpeedReader_W1_BandA_Spec_v0.25.md is sole normative source; v0.25 CSVs are mirrors only.,FORM-SUPPLY-1.0,PRE_GENERATED_QA_APPROVED_BANK,PROHIBITED,,,,STATE-SEP-1.0,Progress descriptors report P1/current trajectory only and cannot close readiness. BASELINE_MASTERY is allowed here.,"Use readiness_state only: PRIMARY_PENDING → PRIMARY_PASS/CONFIRMATION_PENDING → CONFIRMED_READY, or cause-specific NOT_YET / DISCORDANT_NOT_YET / REASSESS_TECHNICAL / INSUFFICIENT_EVIDENCE / INVALID_FORM / DIAGNOSTIC_HOLD. Only CONFIRMED_READY initially closes readiness; BASELINE_MASTERY is progress reporting only.",NONE,"Even if P1 meets the eventual P10 target, final readiness requires fresh P10 PRIMARY + matched CONFIRMATION."
v0.25,RS12,Challenge-word recovery,P1,Handle a deliberately gentle unfamiliar or low-frequency word without losing confidence or abandoning the passage.,"The learner attempts the tagged challenge word, corrects if needed, and reads the following five words without a broad restart.",challenge_word_final_accuracy; recovery_time; post_challenge_5word_sequence_errors; challenge-triggered restarts.,Baseline with one very gentle challenge word; no threshold.,"At P10: ≥80% of tagged challenge words correct or self-corrected within 4 s, and ≤1 sequence error in the following five words.",PROVISIONAL_PILOT,Use same-RS valid P10 evidence under the canonical readiness specification.,"Use readiness_state only: PRIMARY_PENDING → PRIMARY_PASS/CONFIRMATION_PENDING → CONFIRMED_READY, or cause-specific NOT_YET / DISCORDANT_NOT_YET / REASSESS_TECHNICAL / INSUFFICIENT_EVIDENCE / INVALID_FORM / DIAGNOSTIC_HOLD. Only CONFIRMED_READY initially closes readiness; BASELINE_MASTERY is progress reporting only.","CONFIRM-1.0: A single valid P10 pass never closes an RS. Each RS readiness cycle uses two fresh unseen equivalent P10 forms: PRIMARY then CONFIRMATION. No coaching, hints, scored-result disclosure, or targeted practice may occur between a passing PRIMARY and its CONFIRMATION. Both valid forms must satisfy the same RS P10 readiness rule. If PRIMARY fails, stop the cycle and remediate before a new cycle. If PRIMARY passes but CONFIRMATION fails, mark DISCORDANT_NOT_YET and remediate before a new cycle. Technical-invalid forms are REASSESS_TECHNICAL and do not count as valid attempts. All valid forms remain in the audit record; the system may never cherry-pick the best historical pass.","EQUIV-2.1: exact 100 COUNT-100 words; World 1 one-word display; same RS/P10, scoring version, threshold version/status, comprehension blueprint class and safety/accessibility gates; fresh unseen content; non-compensatory global + RS-specific matching; candidate must pass all tolerances embedded in the canonical v0.22 Markdown specification.","ATTEMPT-1.0: A readiness cycle is PRIMARY→CONFIRMATION. A valid failure ends that cycle. A new cycle may begin only after an intervening targeted learning block for that RS. After two consecutive failed/discordant valid cycles, set DIAGNOSTIC_HOLD and require at least two targeted non-readiness practice passages plus a documented diagnostic review before another readiness cycle. There is no unlimited back-to-back retry loop. Genuine later learning may reopen assessment after the required learning block.",PRIMARY_PENDING; PRIMARY_PASS; CONFIRMATION_PENDING; CONFIRMED_READY; NOT_YET; DISCORDANT_NOT_YET; REASSESS_TECHNICAL; INSUFFICIENT_EVIDENCE; INVALID_FORM; DIAGNOSTIC_HOLD; REVALIDATION_DUE; REVALIDATION_PENDING; CURRENT_REVALIDATED; NOT_YET_AFTER_REVALIDATION; VERSION_INVALIDATED. Only CONFIRMED_READY initially closes readiness.,EQUIV-2.1,SpeedReader_W1_BandA_Form_Equivalence_v0.22.csv,EQUIV-2.1,PROVISIONAL_STRUCTURAL,PROVISIONAL_STRUCTURAL → EMPIRICAL_REVIEW → PRODUCTION_APPROVED; SUSPENDED_RECALIBRATE on material change.,COMP-P10-1.0,,RECENCY-1.0,,,EVIDENCE-MIN-1.2,,COMP-COVERAGE-1.0,,,,,MIRROR_ONLY,SpeedReader_W1_BandA_Spec_v0.25.md,SpeedReader_W1_BandA_Spec_v0.25.md is sole normative source; v0.25 CSVs are mirrors only.,FORM-SUPPLY-1.0,PRE_GENERATED_QA_APPROVED_BANK,PROHIBITED,,,,STATE-SEP-1.0,Progress descriptors report P1/current trajectory only and cannot close readiness. BASELINE_MASTERY is allowed here.,"Use readiness_state only: PRIMARY_PENDING → PRIMARY_PASS/CONFIRMATION_PENDING → CONFIRMED_READY, or cause-specific NOT_YET / DISCORDANT_NOT_YET / REASSESS_TECHNICAL / INSUFFICIENT_EVIDENCE / INVALID_FORM / DIAGNOSTIC_HOLD. Only CONFIRMED_READY initially closes readiness; BASELINE_MASTERY is progress reporting only.",NONE,"Even if P1 meets the eventual P10 target, final readiness requires fresh P10 PRIMARY + matched CONFIRMATION."
v0.25,RS12,Challenge-word recovery,P2,Handle a deliberately gentle unfamiliar or low-frequency word without losing confidence or abandoning the passage.,"The learner attempts the tagged challenge word, corrects if needed, and reads the following five words without a broad restart.",challenge_word_final_accuracy; recovery_time; post_challenge_5word_sequence_errors; challenge-triggered restarts.,"1 challenge word; attempt required, no penalty for one coached retry.","At P10: ≥80% of tagged challenge words correct or self-corrected within 4 s, and ≤1 sequence error in the following five words.",PROVISIONAL_PILOT,Use same-RS valid P10 evidence under the canonical readiness specification.,"Use readiness_state only: PRIMARY_PENDING → PRIMARY_PASS/CONFIRMATION_PENDING → CONFIRMED_READY, or cause-specific NOT_YET / DISCORDANT_NOT_YET / REASSESS_TECHNICAL / INSUFFICIENT_EVIDENCE / INVALID_FORM / DIAGNOSTIC_HOLD. Only CONFIRMED_READY initially closes readiness; BASELINE_MASTERY is progress reporting only.","CONFIRM-1.0: A single valid P10 pass never closes an RS. Each RS readiness cycle uses two fresh unseen equivalent P10 forms: PRIMARY then CONFIRMATION. No coaching, hints, scored-result disclosure, or targeted practice may occur between a passing PRIMARY and its CONFIRMATION. Both valid forms must satisfy the same RS P10 readiness rule. If PRIMARY fails, stop the cycle and remediate before a new cycle. If PRIMARY passes but CONFIRMATION fails, mark DISCORDANT_NOT_YET and remediate before a new cycle. Technical-invalid forms are REASSESS_TECHNICAL and do not count as valid attempts. All valid forms remain in the audit record; the system may never cherry-pick the best historical pass.","EQUIV-2.1: exact 100 COUNT-100 words; World 1 one-word display; same RS/P10, scoring version, threshold version/status, comprehension blueprint class and safety/accessibility gates; fresh unseen content; non-compensatory global + RS-specific matching; candidate must pass all tolerances embedded in the canonical v0.22 Markdown specification.","ATTEMPT-1.0: A readiness cycle is PRIMARY→CONFIRMATION. A valid failure ends that cycle. A new cycle may begin only after an intervening targeted learning block for that RS. After two consecutive failed/discordant valid cycles, set DIAGNOSTIC_HOLD and require at least two targeted non-readiness practice passages plus a documented diagnostic review before another readiness cycle. There is no unlimited back-to-back retry loop. Genuine later learning may reopen assessment after the required learning block.",PRIMARY_PENDING; PRIMARY_PASS; CONFIRMATION_PENDING; CONFIRMED_READY; NOT_YET; DISCORDANT_NOT_YET; REASSESS_TECHNICAL; INSUFFICIENT_EVIDENCE; INVALID_FORM; DIAGNOSTIC_HOLD; REVALIDATION_DUE; REVALIDATION_PENDING; CURRENT_REVALIDATED; NOT_YET_AFTER_REVALIDATION; VERSION_INVALIDATED. Only CONFIRMED_READY initially closes readiness.,EQUIV-2.1,SpeedReader_W1_BandA_Form_Equivalence_v0.22.csv,EQUIV-2.1,PROVISIONAL_STRUCTURAL,PROVISIONAL_STRUCTURAL → EMPIRICAL_REVIEW → PRODUCTION_APPROVED; SUSPENDED_RECALIBRATE on material change.,COMP-P10-1.0,,RECENCY-1.0,,,EVIDENCE-MIN-1.2,,COMP-COVERAGE-1.0,,,,,MIRROR_ONLY,SpeedReader_W1_BandA_Spec_v0.25.md,SpeedReader_W1_BandA_Spec_v0.25.md is sole normative source; v0.25 CSVs are mirrors only.,FORM-SUPPLY-1.0,PRE_GENERATED_QA_APPROVED_BANK,PROHIBITED,,,,STATE-SEP-1.0,Progress descriptors report P1/current trajectory only and cannot close readiness. BASELINE_MASTERY is allowed here.,"Use readiness_state only: PRIMARY_PENDING → PRIMARY_PASS/CONFIRMATION_PENDING → CONFIRMED_READY, or cause-specific NOT_YET / DISCORDANT_NOT_YET / REASSESS_TECHNICAL / INSUFFICIENT_EVIDENCE / INVALID_FORM / DIAGNOSTIC_HOLD. Only CONFIRMED_READY initially closes readiness; BASELINE_MASTERY is progress reporting only.",NONE,"Even if P1 meets the eventual P10 target, final readiness requires fresh P10 PRIMARY + matched CONFIRMATION."
v0.25,RS12,Challenge-word recovery,P3,Handle a deliberately gentle unfamiliar or low-frequency word without losing confidence or abandoning the passage.,"The learner attempts the tagged challenge word, corrects if needed, and reads the following five words without a broad restart.",challenge_word_final_accuracy; recovery_time; post_challenge_5word_sequence_errors; challenge-triggered restarts.,1 target; correct/self-corrected within 7 s.,"At P10: ≥80% of tagged challenge words correct or self-corrected within 4 s, and ≤1 sequence error in the following five words.",PROVISIONAL_PILOT,Use same-RS valid P10 evidence under the canonical readiness specification.,"Use readiness_state only: PRIMARY_PENDING → PRIMARY_PASS/CONFIRMATION_PENDING → CONFIRMED_READY, or cause-specific NOT_YET / DISCORDANT_NOT_YET / REASSESS_TECHNICAL / INSUFFICIENT_EVIDENCE / INVALID_FORM / DIAGNOSTIC_HOLD. Only CONFIRMED_READY initially closes readiness; BASELINE_MASTERY is progress reporting only.","CONFIRM-1.0: A single valid P10 pass never closes an RS. Each RS readiness cycle uses two fresh unseen equivalent P10 forms: PRIMARY then CONFIRMATION. No coaching, hints, scored-result disclosure, or targeted practice may occur between a passing PRIMARY and its CONFIRMATION. Both valid forms must satisfy the same RS P10 readiness rule. If PRIMARY fails, stop the cycle and remediate before a new cycle. If PRIMARY passes but CONFIRMATION fails, mark DISCORDANT_NOT_YET and remediate before a new cycle. Technical-invalid forms are REASSESS_TECHNICAL and do not count as valid attempts. All valid forms remain in the audit record; the system may never cherry-pick the best historical pass.","EQUIV-2.1: exact 100 COUNT-100 words; World 1 one-word display; same RS/P10, scoring version, threshold version/status, comprehension blueprint class and safety/accessibility gates; fresh unseen content; non-compensatory global + RS-specific matching; candidate must pass all tolerances embedded in the canonical v0.22 Markdown specification.","ATTEMPT-1.0: A readiness cycle is PRIMARY→CONFIRMATION. A valid failure ends that cycle. A new cycle may begin only after an intervening targeted learning block for that RS. After two consecutive failed/discordant valid cycles, set DIAGNOSTIC_HOLD and require at least two targeted non-readiness practice passages plus a documented diagnostic review before another readiness cycle. There is no unlimited back-to-back retry loop. Genuine later learning may reopen assessment after the required learning block.",PRIMARY_PENDING; PRIMARY_PASS; CONFIRMATION_PENDING; CONFIRMED_READY; NOT_YET; DISCORDANT_NOT_YET; REASSESS_TECHNICAL; INSUFFICIENT_EVIDENCE; INVALID_FORM; DIAGNOSTIC_HOLD; REVALIDATION_DUE; REVALIDATION_PENDING; CURRENT_REVALIDATED; NOT_YET_AFTER_REVALIDATION; VERSION_INVALIDATED. Only CONFIRMED_READY initially closes readiness.,EQUIV-2.1,SpeedReader_W1_BandA_Form_Equivalence_v0.22.csv,EQUIV-2.1,PROVISIONAL_STRUCTURAL,PROVISIONAL_STRUCTURAL → EMPIRICAL_REVIEW → PRODUCTION_APPROVED; SUSPENDED_RECALIBRATE on material change.,COMP-P10-1.0,,RECENCY-1.0,,,EVIDENCE-MIN-1.2,,COMP-COVERAGE-1.0,,,,,MIRROR_ONLY,SpeedReader_W1_BandA_Spec_v0.25.md,SpeedReader_W1_BandA_Spec_v0.25.md is sole normative source; v0.25 CSVs are mirrors only.,FORM-SUPPLY-1.0,PRE_GENERATED_QA_APPROVED_BANK,PROHIBITED,,,,STATE-SEP-1.0,Progress descriptors report P1/current trajectory only and cannot close readiness. BASELINE_MASTERY is allowed here.,"Use readiness_state only: PRIMARY_PENDING → PRIMARY_PASS/CONFIRMATION_PENDING → CONFIRMED_READY, or cause-specific NOT_YET / DISCORDANT_NOT_YET / REASSESS_TECHNICAL / INSUFFICIENT_EVIDENCE / INVALID_FORM / DIAGNOSTIC_HOLD. Only CONFIRMED_READY initially closes readiness; BASELINE_MASTERY is progress reporting only.",NONE,"Even if P1 meets the eventual P10 target, final readiness requires fresh P10 PRIMARY + matched CONFIRMATION."
v0.25,RS12,Challenge-word recovery,P4,Handle a deliberately gentle unfamiliar or low-frequency word without losing confidence or abandoning the passage.,"The learner attempts the tagged challenge word, corrects if needed, and reads the following five words without a broad restart.",challenge_word_final_accuracy; recovery_time; post_challenge_5word_sequence_errors; challenge-triggered restarts.,1 target; within 6 s.,"At P10: ≥80% of tagged challenge words correct or self-corrected within 4 s, and ≤1 sequence error in the following five words.",PROVISIONAL_PILOT,Use same-RS valid P10 evidence under the canonical readiness specification.,"Use readiness_state only: PRIMARY_PENDING → PRIMARY_PASS/CONFIRMATION_PENDING → CONFIRMED_READY, or cause-specific NOT_YET / DISCORDANT_NOT_YET / REASSESS_TECHNICAL / INSUFFICIENT_EVIDENCE / INVALID_FORM / DIAGNOSTIC_HOLD. Only CONFIRMED_READY initially closes readiness; BASELINE_MASTERY is progress reporting only.","CONFIRM-1.0: A single valid P10 pass never closes an RS. Each RS readiness cycle uses two fresh unseen equivalent P10 forms: PRIMARY then CONFIRMATION. No coaching, hints, scored-result disclosure, or targeted practice may occur between a passing PRIMARY and its CONFIRMATION. Both valid forms must satisfy the same RS P10 readiness rule. If PRIMARY fails, stop the cycle and remediate before a new cycle. If PRIMARY passes but CONFIRMATION fails, mark DISCORDANT_NOT_YET and remediate before a new cycle. Technical-invalid forms are REASSESS_TECHNICAL and do not count as valid attempts. All valid forms remain in the audit record; the system may never cherry-pick the best historical pass.","EQUIV-2.1: exact 100 COUNT-100 words; World 1 one-word display; same RS/P10, scoring version, threshold version/status, comprehension blueprint class and safety/accessibility gates; fresh unseen content; non-compensatory global + RS-specific matching; candidate must pass all tolerances embedded in the canonical v0.22 Markdown specification.","ATTEMPT-1.0: A readiness cycle is PRIMARY→CONFIRMATION. A valid failure ends that cycle. A new cycle may begin only after an intervening targeted learning block for that RS. After two consecutive failed/discordant valid cycles, set DIAGNOSTIC_HOLD and require at least two targeted non-readiness practice passages plus a documented diagnostic review before another readiness cycle. There is no unlimited back-to-back retry loop. Genuine later learning may reopen assessment after the required learning block.",PRIMARY_PENDING; PRIMARY_PASS; CONFIRMATION_PENDING; CONFIRMED_READY; NOT_YET; DISCORDANT_NOT_YET; REASSESS_TECHNICAL; INSUFFICIENT_EVIDENCE; INVALID_FORM; DIAGNOSTIC_HOLD; REVALIDATION_DUE; REVALIDATION_PENDING; CURRENT_REVALIDATED; NOT_YET_AFTER_REVALIDATION; VERSION_INVALIDATED. Only CONFIRMED_READY initially closes readiness.,EQUIV-2.1,SpeedReader_W1_BandA_Form_Equivalence_v0.22.csv,EQUIV-2.1,PROVISIONAL_STRUCTURAL,PROVISIONAL_STRUCTURAL → EMPIRICAL_REVIEW → PRODUCTION_APPROVED; SUSPENDED_RECALIBRATE on material change.,COMP-P10-1.0,,RECENCY-1.0,,,EVIDENCE-MIN-1.2,,COMP-COVERAGE-1.0,,,,,MIRROR_ONLY,SpeedReader_W1_BandA_Spec_v0.25.md,SpeedReader_W1_BandA_Spec_v0.25.md is sole normative source; v0.25 CSVs are mirrors only.,FORM-SUPPLY-1.0,PRE_GENERATED_QA_APPROVED_BANK,PROHIBITED,,,,STATE-SEP-1.0,Progress descriptors report P1/current trajectory only and cannot close readiness. BASELINE_MASTERY is allowed here.,"Use readiness_state only: PRIMARY_PENDING → PRIMARY_PASS/CONFIRMATION_PENDING → CONFIRMED_READY, or cause-specific NOT_YET / DISCORDANT_NOT_YET / REASSESS_TECHNICAL / INSUFFICIENT_EVIDENCE / INVALID_FORM / DIAGNOSTIC_HOLD. Only CONFIRMED_READY initially closes readiness; BASELINE_MASTERY is progress reporting only.",NONE,"Even if P1 meets the eventual P10 target, final readiness requires fresh P10 PRIMARY + matched CONFIRMATION."
v0.25,RS12,Challenge-word recovery,P5,Handle a deliberately gentle unfamiliar or low-frequency word without losing confidence or abandoning the passage.,"The learner attempts the tagged challenge word, corrects if needed, and reads the following five words without a broad restart.",challenge_word_final_accuracy; recovery_time; post_challenge_5word_sequence_errors; challenge-triggered restarts.,1–2 targets; ≥60% recovered within 6 s.,"At P10: ≥80% of tagged challenge words correct or self-corrected within 4 s, and ≤1 sequence error in the following five words.",PROVISIONAL_PILOT,Use same-RS valid P10 evidence under the canonical readiness specification.,"Use readiness_state only: PRIMARY_PENDING → PRIMARY_PASS/CONFIRMATION_PENDING → CONFIRMED_READY, or cause-specific NOT_YET / DISCORDANT_NOT_YET / REASSESS_TECHNICAL / INSUFFICIENT_EVIDENCE / INVALID_FORM / DIAGNOSTIC_HOLD. Only CONFIRMED_READY initially closes readiness; BASELINE_MASTERY is progress reporting only.","CONFIRM-1.0: A single valid P10 pass never closes an RS. Each RS readiness cycle uses two fresh unseen equivalent P10 forms: PRIMARY then CONFIRMATION. No coaching, hints, scored-result disclosure, or targeted practice may occur between a passing PRIMARY and its CONFIRMATION. Both valid forms must satisfy the same RS P10 readiness rule. If PRIMARY fails, stop the cycle and remediate before a new cycle. If PRIMARY passes but CONFIRMATION fails, mark DISCORDANT_NOT_YET and remediate before a new cycle. Technical-invalid forms are REASSESS_TECHNICAL and do not count as valid attempts. All valid forms remain in the audit record; the system may never cherry-pick the best historical pass.","EQUIV-2.1: exact 100 COUNT-100 words; World 1 one-word display; same RS/P10, scoring version, threshold version/status, comprehension blueprint class and safety/accessibility gates; fresh unseen content; non-compensatory global + RS-specific matching; candidate must pass all tolerances embedded in the canonical v0.22 Markdown specification.","ATTEMPT-1.0: A readiness cycle is PRIMARY→CONFIRMATION. A valid failure ends that cycle. A new cycle may begin only after an intervening targeted learning block for that RS. After two consecutive failed/discordant valid cycles, set DIAGNOSTIC_HOLD and require at least two targeted non-readiness practice passages plus a documented diagnostic review before another readiness cycle. There is no unlimited back-to-back retry loop. Genuine later learning may reopen assessment after the required learning block.",PRIMARY_PENDING; PRIMARY_PASS; CONFIRMATION_PENDING; CONFIRMED_READY; NOT_YET; DISCORDANT_NOT_YET; REASSESS_TECHNICAL; INSUFFICIENT_EVIDENCE; INVALID_FORM; DIAGNOSTIC_HOLD; REVALIDATION_DUE; REVALIDATION_PENDING; CURRENT_REVALIDATED; NOT_YET_AFTER_REVALIDATION; VERSION_INVALIDATED. Only CONFIRMED_READY initially closes readiness.,EQUIV-2.1,SpeedReader_W1_BandA_Form_Equivalence_v0.22.csv,EQUIV-2.1,PROVISIONAL_STRUCTURAL,PROVISIONAL_STRUCTURAL → EMPIRICAL_REVIEW → PRODUCTION_APPROVED; SUSPENDED_RECALIBRATE on material change.,COMP-P10-1.0,,RECENCY-1.0,,,EVIDENCE-MIN-1.2,,COMP-COVERAGE-1.0,,,,,MIRROR_ONLY,SpeedReader_W1_BandA_Spec_v0.25.md,SpeedReader_W1_BandA_Spec_v0.25.md is sole normative source; v0.25 CSVs are mirrors only.,FORM-SUPPLY-1.0,PRE_GENERATED_QA_APPROVED_BANK,PROHIBITED,,,,STATE-SEP-1.0,Progress descriptors report P1/current trajectory only and cannot close readiness. BASELINE_MASTERY is allowed here.,"Use readiness_state only: PRIMARY_PENDING → PRIMARY_PASS/CONFIRMATION_PENDING → CONFIRMED_READY, or cause-specific NOT_YET / DISCORDANT_NOT_YET / REASSESS_TECHNICAL / INSUFFICIENT_EVIDENCE / INVALID_FORM / DIAGNOSTIC_HOLD. Only CONFIRMED_READY initially closes readiness; BASELINE_MASTERY is progress reporting only.",NONE,"Even if P1 meets the eventual P10 target, final readiness requires fresh P10 PRIMARY + matched CONFIRMATION."
v0.25,RS12,Challenge-word recovery,P6,Handle a deliberately gentle unfamiliar or low-frequency word without losing confidence or abandoning the passage.,"The learner attempts the tagged challenge word, corrects if needed, and reads the following five words without a broad restart.",challenge_word_final_accuracy; recovery_time; post_challenge_5word_sequence_errors; challenge-triggered restarts.,1–2 targets; ≥65% within 5 s.,"At P10: ≥80% of tagged challenge words correct or self-corrected within 4 s, and ≤1 sequence error in the following five words.",PROVISIONAL_PILOT,Use same-RS valid P10 evidence under the canonical readiness specification.,"Use readiness_state only: PRIMARY_PENDING → PRIMARY_PASS/CONFIRMATION_PENDING → CONFIRMED_READY, or cause-specific NOT_YET / DISCORDANT_NOT_YET / REASSESS_TECHNICAL / INSUFFICIENT_EVIDENCE / INVALID_FORM / DIAGNOSTIC_HOLD. Only CONFIRMED_READY initially closes readiness; BASELINE_MASTERY is progress reporting only.","CONFIRM-1.0: A single valid P10 pass never closes an RS. Each RS readiness cycle uses two fresh unseen equivalent P10 forms: PRIMARY then CONFIRMATION. No coaching, hints, scored-result disclosure, or targeted practice may occur between a passing PRIMARY and its CONFIRMATION. Both valid forms must satisfy the same RS P10 readiness rule. If PRIMARY fails, stop the cycle and remediate before a new cycle. If PRIMARY passes but CONFIRMATION fails, mark DISCORDANT_NOT_YET and remediate before a new cycle. Technical-invalid forms are REASSESS_TECHNICAL and do not count as valid attempts. All valid forms remain in the audit record; the system may never cherry-pick the best historical pass.","EQUIV-2.1: exact 100 COUNT-100 words; World 1 one-word display; same RS/P10, scoring version, threshold version/status, comprehension blueprint class and safety/accessibility gates; fresh unseen content; non-compensatory global + RS-specific matching; candidate must pass all tolerances embedded in the canonical v0.22 Markdown specification.","ATTEMPT-1.0: A readiness cycle is PRIMARY→CONFIRMATION. A valid failure ends that cycle. A new cycle may begin only after an intervening targeted learning block for that RS. After two consecutive failed/discordant valid cycles, set DIAGNOSTIC_HOLD and require at least two targeted non-readiness practice passages plus a documented diagnostic review before another readiness cycle. There is no unlimited back-to-back retry loop. Genuine later learning may reopen assessment after the required learning block.",PRIMARY_PENDING; PRIMARY_PASS; CONFIRMATION_PENDING; CONFIRMED_READY; NOT_YET; DISCORDANT_NOT_YET; REASSESS_TECHNICAL; INSUFFICIENT_EVIDENCE; INVALID_FORM; DIAGNOSTIC_HOLD; REVALIDATION_DUE; REVALIDATION_PENDING; CURRENT_REVALIDATED; NOT_YET_AFTER_REVALIDATION; VERSION_INVALIDATED. Only CONFIRMED_READY initially closes readiness.,EQUIV-2.1,SpeedReader_W1_BandA_Form_Equivalence_v0.22.csv,EQUIV-2.1,PROVISIONAL_STRUCTURAL,PROVISIONAL_STRUCTURAL → EMPIRICAL_REVIEW → PRODUCTION_APPROVED; SUSPENDED_RECALIBRATE on material change.,COMP-P10-1.0,,RECENCY-1.0,,,EVIDENCE-MIN-1.2,,COMP-COVERAGE-1.0,,,,,MIRROR_ONLY,SpeedReader_W1_BandA_Spec_v0.25.md,SpeedReader_W1_BandA_Spec_v0.25.md is sole normative source; v0.25 CSVs are mirrors only.,FORM-SUPPLY-1.0,PRE_GENERATED_QA_APPROVED_BANK,PROHIBITED,,,,STATE-SEP-1.0,Progress descriptors report P1/current trajectory only and cannot close readiness. BASELINE_MASTERY is allowed here.,"Use readiness_state only: PRIMARY_PENDING → PRIMARY_PASS/CONFIRMATION_PENDING → CONFIRMED_READY, or cause-specific NOT_YET / DISCORDANT_NOT_YET / REASSESS_TECHNICAL / INSUFFICIENT_EVIDENCE / INVALID_FORM / DIAGNOSTIC_HOLD. Only CONFIRMED_READY initially closes readiness; BASELINE_MASTERY is progress reporting only.",NONE,"Even if P1 meets the eventual P10 target, final readiness requires fresh P10 PRIMARY + matched CONFIRMATION."
v0.25,RS12,Challenge-word recovery,P7,Handle a deliberately gentle unfamiliar or low-frequency word without losing confidence or abandoning the passage.,"The learner attempts the tagged challenge word, corrects if needed, and reads the following five words without a broad restart.",challenge_word_final_accuracy; recovery_time; post_challenge_5word_sequence_errors; challenge-triggered restarts.,2 targets; ≥70% within 5 s.,"At P10: ≥80% of tagged challenge words correct or self-corrected within 4 s, and ≤1 sequence error in the following five words.",PROVISIONAL_PILOT,Use same-RS valid P10 evidence under the canonical readiness specification.,"Use readiness_state only: PRIMARY_PENDING → PRIMARY_PASS/CONFIRMATION_PENDING → CONFIRMED_READY, or cause-specific NOT_YET / DISCORDANT_NOT_YET / REASSESS_TECHNICAL / INSUFFICIENT_EVIDENCE / INVALID_FORM / DIAGNOSTIC_HOLD. Only CONFIRMED_READY initially closes readiness; BASELINE_MASTERY is progress reporting only.","CONFIRM-1.0: A single valid P10 pass never closes an RS. Each RS readiness cycle uses two fresh unseen equivalent P10 forms: PRIMARY then CONFIRMATION. No coaching, hints, scored-result disclosure, or targeted practice may occur between a passing PRIMARY and its CONFIRMATION. Both valid forms must satisfy the same RS P10 readiness rule. If PRIMARY fails, stop the cycle and remediate before a new cycle. If PRIMARY passes but CONFIRMATION fails, mark DISCORDANT_NOT_YET and remediate before a new cycle. Technical-invalid forms are REASSESS_TECHNICAL and do not count as valid attempts. All valid forms remain in the audit record; the system may never cherry-pick the best historical pass.","EQUIV-2.1: exact 100 COUNT-100 words; World 1 one-word display; same RS/P10, scoring version, threshold version/status, comprehension blueprint class and safety/accessibility gates; fresh unseen content; non-compensatory global + RS-specific matching; candidate must pass all tolerances embedded in the canonical v0.22 Markdown specification.","ATTEMPT-1.0: A readiness cycle is PRIMARY→CONFIRMATION. A valid failure ends that cycle. A new cycle may begin only after an intervening targeted learning block for that RS. After two consecutive failed/discordant valid cycles, set DIAGNOSTIC_HOLD and require at least two targeted non-readiness practice passages plus a documented diagnostic review before another readiness cycle. There is no unlimited back-to-back retry loop. Genuine later learning may reopen assessment after the required learning block.",PRIMARY_PENDING; PRIMARY_PASS; CONFIRMATION_PENDING; CONFIRMED_READY; NOT_YET; DISCORDANT_NOT_YET; REASSESS_TECHNICAL; INSUFFICIENT_EVIDENCE; INVALID_FORM; DIAGNOSTIC_HOLD; REVALIDATION_DUE; REVALIDATION_PENDING; CURRENT_REVALIDATED; NOT_YET_AFTER_REVALIDATION; VERSION_INVALIDATED. Only CONFIRMED_READY initially closes readiness.,EQUIV-2.1,SpeedReader_W1_BandA_Form_Equivalence_v0.22.csv,EQUIV-2.1,PROVISIONAL_STRUCTURAL,PROVISIONAL_STRUCTURAL → EMPIRICAL_REVIEW → PRODUCTION_APPROVED; SUSPENDED_RECALIBRATE on material change.,COMP-P10-1.0,,RECENCY-1.0,,,EVIDENCE-MIN-1.2,,COMP-COVERAGE-1.0,,,,,MIRROR_ONLY,SpeedReader_W1_BandA_Spec_v0.25.md,SpeedReader_W1_BandA_Spec_v0.25.md is sole normative source; v0.25 CSVs are mirrors only.,FORM-SUPPLY-1.0,PRE_GENERATED_QA_APPROVED_BANK,PROHIBITED,,,,STATE-SEP-1.0,Progress descriptors report P1/current trajectory only and cannot close readiness. BASELINE_MASTERY is allowed here.,"Use readiness_state only: PRIMARY_PENDING → PRIMARY_PASS/CONFIRMATION_PENDING → CONFIRMED_READY, or cause-specific NOT_YET / DISCORDANT_NOT_YET / REASSESS_TECHNICAL / INSUFFICIENT_EVIDENCE / INVALID_FORM / DIAGNOSTIC_HOLD. Only CONFIRMED_READY initially closes readiness; BASELINE_MASTERY is progress reporting only.",NONE,"Even if P1 meets the eventual P10 target, final readiness requires fresh P10 PRIMARY + matched CONFIRMATION."
v0.25,RS12,Challenge-word recovery,P8,Handle a deliberately gentle unfamiliar or low-frequency word without losing confidence or abandoning the passage.,"The learner attempts the tagged challenge word, corrects if needed, and reads the following five words without a broad restart.",challenge_word_final_accuracy; recovery_time; post_challenge_5word_sequence_errors; challenge-triggered restarts.,2 targets; ≥75% within 5 s and no broad restart.,"At P10: ≥80% of tagged challenge words correct or self-corrected within 4 s, and ≤1 sequence error in the following five words.",PROVISIONAL_PILOT,Use same-RS valid P10 evidence under the canonical readiness specification.,"Use readiness_state only: PRIMARY_PENDING → PRIMARY_PASS/CONFIRMATION_PENDING → CONFIRMED_READY, or cause-specific NOT_YET / DISCORDANT_NOT_YET / REASSESS_TECHNICAL / INSUFFICIENT_EVIDENCE / INVALID_FORM / DIAGNOSTIC_HOLD. Only CONFIRMED_READY initially closes readiness; BASELINE_MASTERY is progress reporting only.","CONFIRM-1.0: A single valid P10 pass never closes an RS. Each RS readiness cycle uses two fresh unseen equivalent P10 forms: PRIMARY then CONFIRMATION. No coaching, hints, scored-result disclosure, or targeted practice may occur between a passing PRIMARY and its CONFIRMATION. Both valid forms must satisfy the same RS P10 readiness rule. If PRIMARY fails, stop the cycle and remediate before a new cycle. If PRIMARY passes but CONFIRMATION fails, mark DISCORDANT_NOT_YET and remediate before a new cycle. Technical-invalid forms are REASSESS_TECHNICAL and do not count as valid attempts. All valid forms remain in the audit record; the system may never cherry-pick the best historical pass.","EQUIV-2.1: exact 100 COUNT-100 words; World 1 one-word display; same RS/P10, scoring version, threshold version/status, comprehension blueprint class and safety/accessibility gates; fresh unseen content; non-compensatory global + RS-specific matching; candidate must pass all tolerances embedded in the canonical v0.22 Markdown specification.","ATTEMPT-1.0: A readiness cycle is PRIMARY→CONFIRMATION. A valid failure ends that cycle. A new cycle may begin only after an intervening targeted learning block for that RS. After two consecutive failed/discordant valid cycles, set DIAGNOSTIC_HOLD and require at least two targeted non-readiness practice passages plus a documented diagnostic review before another readiness cycle. There is no unlimited back-to-back retry loop. Genuine later learning may reopen assessment after the required learning block.",PRIMARY_PENDING; PRIMARY_PASS; CONFIRMATION_PENDING; CONFIRMED_READY; NOT_YET; DISCORDANT_NOT_YET; REASSESS_TECHNICAL; INSUFFICIENT_EVIDENCE; INVALID_FORM; DIAGNOSTIC_HOLD; REVALIDATION_DUE; REVALIDATION_PENDING; CURRENT_REVALIDATED; NOT_YET_AFTER_REVALIDATION; VERSION_INVALIDATED. Only CONFIRMED_READY initially closes readiness.,EQUIV-2.1,SpeedReader_W1_BandA_Form_Equivalence_v0.22.csv,EQUIV-2.1,PROVISIONAL_STRUCTURAL,PROVISIONAL_STRUCTURAL → EMPIRICAL_REVIEW → PRODUCTION_APPROVED; SUSPENDED_RECALIBRATE on material change.,COMP-P10-1.0,,RECENCY-1.0,,,EVIDENCE-MIN-1.2,,COMP-COVERAGE-1.0,,,,,MIRROR_ONLY,SpeedReader_W1_BandA_Spec_v0.25.md,SpeedReader_W1_BandA_Spec_v0.25.md is sole normative source; v0.25 CSVs are mirrors only.,FORM-SUPPLY-1.0,PRE_GENERATED_QA_APPROVED_BANK,PROHIBITED,,,,STATE-SEP-1.0,Progress descriptors report P1/current trajectory only and cannot close readiness. BASELINE_MASTERY is allowed here.,"Use readiness_state only: PRIMARY_PENDING → PRIMARY_PASS/CONFIRMATION_PENDING → CONFIRMED_READY, or cause-specific NOT_YET / DISCORDANT_NOT_YET / REASSESS_TECHNICAL / INSUFFICIENT_EVIDENCE / INVALID_FORM / DIAGNOSTIC_HOLD. Only CONFIRMED_READY initially closes readiness; BASELINE_MASTERY is progress reporting only.",NONE,"Even if P1 meets the eventual P10 target, final readiness requires fresh P10 PRIMARY + matched CONFIRMATION."
v0.25,RS12,Challenge-word recovery,P9,Handle a deliberately gentle unfamiliar or low-frequency word without losing confidence or abandoning the passage.,"The learner attempts the tagged challenge word, corrects if needed, and reads the following five words without a broad restart.",challenge_word_final_accuracy; recovery_time; post_challenge_5word_sequence_errors; challenge-triggered restarts.,2 targets; ≥80% within 4 s.,"At P10: ≥80% of tagged challenge words correct or self-corrected within 4 s, and ≤1 sequence error in the following five words.",PROVISIONAL_PILOT,Use same-RS valid P10 evidence under the canonical readiness specification.,"Use readiness_state only: PRIMARY_PENDING → PRIMARY_PASS/CONFIRMATION_PENDING → CONFIRMED_READY, or cause-specific NOT_YET / DISCORDANT_NOT_YET / REASSESS_TECHNICAL / INSUFFICIENT_EVIDENCE / INVALID_FORM / DIAGNOSTIC_HOLD. Only CONFIRMED_READY initially closes readiness; BASELINE_MASTERY is progress reporting only.","CONFIRM-1.0: A single valid P10 pass never closes an RS. Each RS readiness cycle uses two fresh unseen equivalent P10 forms: PRIMARY then CONFIRMATION. No coaching, hints, scored-result disclosure, or targeted practice may occur between a passing PRIMARY and its CONFIRMATION. Both valid forms must satisfy the same RS P10 readiness rule. If PRIMARY fails, stop the cycle and remediate before a new cycle. If PRIMARY passes but CONFIRMATION fails, mark DISCORDANT_NOT_YET and remediate before a new cycle. Technical-invalid forms are REASSESS_TECHNICAL and do not count as valid attempts. All valid forms remain in the audit record; the system may never cherry-pick the best historical pass.","EQUIV-2.1: exact 100 COUNT-100 words; World 1 one-word display; same RS/P10, scoring version, threshold version/status, comprehension blueprint class and safety/accessibility gates; fresh unseen content; non-compensatory global + RS-specific matching; candidate must pass all tolerances embedded in the canonical v0.22 Markdown specification.","ATTEMPT-1.0: A readiness cycle is PRIMARY→CONFIRMATION. A valid failure ends that cycle. A new cycle may begin only after an intervening targeted learning block for that RS. After two consecutive failed/discordant valid cycles, set DIAGNOSTIC_HOLD and require at least two targeted non-readiness practice passages plus a documented diagnostic review before another readiness cycle. There is no unlimited back-to-back retry loop. Genuine later learning may reopen assessment after the required learning block.",PRIMARY_PENDING; PRIMARY_PASS; CONFIRMATION_PENDING; CONFIRMED_READY; NOT_YET; DISCORDANT_NOT_YET; REASSESS_TECHNICAL; INSUFFICIENT_EVIDENCE; INVALID_FORM; DIAGNOSTIC_HOLD; REVALIDATION_DUE; REVALIDATION_PENDING; CURRENT_REVALIDATED; NOT_YET_AFTER_REVALIDATION; VERSION_INVALIDATED. Only CONFIRMED_READY initially closes readiness.,EQUIV-2.1,SpeedReader_W1_BandA_Form_Equivalence_v0.22.csv,EQUIV-2.1,PROVISIONAL_STRUCTURAL,PROVISIONAL_STRUCTURAL → EMPIRICAL_REVIEW → PRODUCTION_APPROVED; SUSPENDED_RECALIBRATE on material change.,COMP-P10-1.0,,RECENCY-1.0,,,EVIDENCE-MIN-1.2,,COMP-COVERAGE-1.0,,,,,MIRROR_ONLY,SpeedReader_W1_BandA_Spec_v0.25.md,SpeedReader_W1_BandA_Spec_v0.25.md is sole normative source; v0.25 CSVs are mirrors only.,FORM-SUPPLY-1.0,PRE_GENERATED_QA_APPROVED_BANK,PROHIBITED,,,,STATE-SEP-1.0,Progress descriptors report P1/current trajectory only and cannot close readiness. BASELINE_MASTERY is allowed here.,"Use readiness_state only: PRIMARY_PENDING → PRIMARY_PASS/CONFIRMATION_PENDING → CONFIRMED_READY, or cause-specific NOT_YET / DISCORDANT_NOT_YET / REASSESS_TECHNICAL / INSUFFICIENT_EVIDENCE / INVALID_FORM / DIAGNOSTIC_HOLD. Only CONFIRMED_READY initially closes readiness; BASELINE_MASTERY is progress reporting only.",NONE,"Even if P1 meets the eventual P10 target, final readiness requires fresh P10 PRIMARY + matched CONFIRMATION."
v0.25,RS12,Challenge-word recovery,P10,Handle a deliberately gentle unfamiliar or low-frequency word without losing confidence or abandoning the passage.,"The learner attempts the tagged challenge word, corrects if needed, and reads the following five words without a broad restart.",challenge_word_final_accuracy; recovery_time; post_challenge_5word_sequence_errors; challenge-triggered restarts.,"5 tagged challenge-word targets; ≥80% correct or self-corrected within 4 s, and ≤1 sequence error in the following five words.","At P10: exactly 5 tagged challenge-word opportunities must be constructed and all 5 must remain assessable; ≥80% (therefore at least 4/5) must be correct or self-corrected within 4 s, with ≤1 sequence error in the following five words.",PROVISIONAL_PILOT,Use same-RS valid P10 evidence under the canonical readiness specification.,"Use readiness_state only: PRIMARY_PENDING → PRIMARY_PASS/CONFIRMATION_PENDING → CONFIRMED_READY, or cause-specific NOT_YET / DISCORDANT_NOT_YET / REASSESS_TECHNICAL / INSUFFICIENT_EVIDENCE / INVALID_FORM / DIAGNOSTIC_HOLD. Only CONFIRMED_READY initially closes readiness; BASELINE_MASTERY is progress reporting only.","CONFIRM-1.0: A single valid P10 pass never closes an RS. Each RS readiness cycle uses two fresh unseen equivalent P10 forms: PRIMARY then CONFIRMATION. No coaching, hints, scored-result disclosure, or targeted practice may occur between a passing PRIMARY and its CONFIRMATION. Both valid forms must satisfy the same RS P10 readiness rule. If PRIMARY fails, stop the cycle and remediate before a new cycle. If PRIMARY passes but CONFIRMATION fails, mark DISCORDANT_NOT_YET and remediate before a new cycle. Technical-invalid forms are REASSESS_TECHNICAL and do not count as valid attempts. All valid forms remain in the audit record; the system may never cherry-pick the best historical pass.","EQUIV-2.1: exact 100 COUNT-100 words; World 1 one-word display; same RS/P10, scoring version, threshold version/status, comprehension blueprint class and safety/accessibility gates; fresh unseen content; non-compensatory global + RS-specific matching; candidate must pass all tolerances embedded in the canonical v0.22 Markdown specification.","ATTEMPT-1.0: A readiness cycle is PRIMARY→CONFIRMATION. A valid failure ends that cycle. A new cycle may begin only after an intervening targeted learning block for that RS. After two consecutive failed/discordant valid cycles, set DIAGNOSTIC_HOLD and require at least two targeted non-readiness practice passages plus a documented diagnostic review before another readiness cycle. There is no unlimited back-to-back retry loop. Genuine later learning may reopen assessment after the required learning block.",PRIMARY_PENDING; PRIMARY_PASS; CONFIRMATION_PENDING; CONFIRMED_READY; NOT_YET; DISCORDANT_NOT_YET; REASSESS_TECHNICAL; INSUFFICIENT_EVIDENCE; INVALID_FORM; DIAGNOSTIC_HOLD; REVALIDATION_DUE; REVALIDATION_PENDING; CURRENT_REVALIDATED; NOT_YET_AFTER_REVALIDATION; VERSION_INVALIDATED. Only CONFIRMED_READY initially closes readiness.,EQUIV-2.1,SpeedReader_W1_BandA_Form_Equivalence_v0.22.csv,EQUIV-2.1,PROVISIONAL_STRUCTURAL,PROVISIONAL_STRUCTURAL → EMPIRICAL_REVIEW → PRODUCTION_APPROVED; SUSPENDED_RECALIBRATE on material change.,COMP-P10-1.0,"First-attempt independent mastery = at least 3/4 correct AND the designated primary-skill item correct, before any hint, targeted reread, answer feedback, narrowing, worked example, or remediation. Comprehension readiness requires two independent first-attempt passes on fresh matched forms: COMP_PRIMARY_PASS then COMP_CONFIRMATION_PASS. No targeted comprehension coaching, hinting, answer explanation, or missed-item disclosure occurs between a passing PRIMARY and its CONFIRMATION. Both forms use the same P10 blueprint class but fresh passage evidence and fresh question wording. Only COMPREHENSION_CONFIRMED contributes to Band-A readiness.",RECENCY-1.0,Readiness evidence remains CURRENT until the first of: >56 calendar days since the latest passing same-RS confirmation/revalidation; >16 subsequent valid Band-A assessment/remediation sessions; or >28 consecutive calendar days with no SpeedReader learning session. Material scoring/threshold-version changes invalidate evidence immediately rather than merely making it stale. These numeric limits are PROVISIONAL_PILOT and require later calibration.,"When evidence is REVALIDATION_DUE only because of recency/inactivity, use one fresh unseen EQUIV-2.1 same-RS P10 revalidation form. Score oral and comprehension streams independently before any targeted feedback. A passing stream renews only that stream's freshness anchor. A valid failing stream becomes NOT_YET and requires targeted remediation followed by a new full PRIMARY→CONFIRMATION cycle for that stream. Technical invalidity does not count as failure and does not reset freshness until valid evidence is obtained.",EVIDENCE-MIN-1.2,Exactly 5 planned tagged challenge-word targets; all 5 must remain assessable for the readiness percentage.,COMP-COVERAGE-1.0,Q1 D1: Direct recall | Q2 D7: Simple inference | Q3 D6: Main idea | Q4 D4: Prediction,5,RS12 CHALLENGE-WORD RECOVERY P10: include exactly 5 gentle writer-tagged challenge words. Place at least 1 target in each passage third and no more than 2 in any third; do not place challenge targets adjacent to one another. Every target must be context-supported and decodable/attemptable; nearby context must support recovery without giving away the word.,NO_POOLING,MIRROR_ONLY,SpeedReader_W1_BandA_Spec_v0.25.md,SpeedReader_W1_BandA_Spec_v0.25.md is sole normative source; v0.25 CSVs are mirrors only.,FORM-SUPPLY-1.0,PRE_GENERATED_QA_APPROVED_BANK,PROHIBITED,,,,STATE-SEP-1.0,Progress descriptors report P1/current trajectory only and cannot close readiness. BASELINE_MASTERY is allowed here.,"Use readiness_state only: PRIMARY_PENDING → PRIMARY_PASS/CONFIRMATION_PENDING → CONFIRMED_READY, or cause-specific NOT_YET / DISCORDANT_NOT_YET / REASSESS_TECHNICAL / INSUFFICIENT_EVIDENCE / INVALID_FORM / DIAGNOSTIC_HOLD. Only CONFIRMED_READY initially closes readiness; BASELINE_MASTERY is progress reporting only.",NONE,"Even if P1 meets the eventual P10 target, final readiness requires fresh P10 PRIMARY + matched CONFIRMATION."
v0.25,RS13,Mid-passage attention stability,P1,"Keep place, accuracy and continuity through the middle of a 100-word passage.","The learner does not drift, skip a cluster of words or lose accuracy simply because the initial novelty has passed.",Compare middle-third final_accuracy and WPM with first-third values; record middle-third multiword skips and unexplained silences.,Baseline first-third vs middle-third profile.,"At P10: middle-third accuracy is within 2 percentage points of first-third accuracy, no 2+ word skip, and no unexplained silence >6 s.",PROVISIONAL_PILOT,Use same-RS valid P10 evidence under the canonical readiness specification.,"Use readiness_state only: PRIMARY_PENDING → PRIMARY_PASS/CONFIRMATION_PENDING → CONFIRMED_READY, or cause-specific NOT_YET / DISCORDANT_NOT_YET / REASSESS_TECHNICAL / INSUFFICIENT_EVIDENCE / INVALID_FORM / DIAGNOSTIC_HOLD. Only CONFIRMED_READY initially closes readiness; BASELINE_MASTERY is progress reporting only.","CONFIRM-1.0: A single valid P10 pass never closes an RS. Each RS readiness cycle uses two fresh unseen equivalent P10 forms: PRIMARY then CONFIRMATION. No coaching, hints, scored-result disclosure, or targeted practice may occur between a passing PRIMARY and its CONFIRMATION. Both valid forms must satisfy the same RS P10 readiness rule. If PRIMARY fails, stop the cycle and remediate before a new cycle. If PRIMARY passes but CONFIRMATION fails, mark DISCORDANT_NOT_YET and remediate before a new cycle. Technical-invalid forms are REASSESS_TECHNICAL and do not count as valid attempts. All valid forms remain in the audit record; the system may never cherry-pick the best historical pass.","EQUIV-2.1: exact 100 COUNT-100 words; World 1 one-word display; same RS/P10, scoring version, threshold version/status, comprehension blueprint class and safety/accessibility gates; fresh unseen content; non-compensatory global + RS-specific matching; candidate must pass all tolerances embedded in the canonical v0.22 Markdown specification.","ATTEMPT-1.0: A readiness cycle is PRIMARY→CONFIRMATION. A valid failure ends that cycle. A new cycle may begin only after an intervening targeted learning block for that RS. After two consecutive failed/discordant valid cycles, set DIAGNOSTIC_HOLD and require at least two targeted non-readiness practice passages plus a documented diagnostic review before another readiness cycle. There is no unlimited back-to-back retry loop. Genuine later learning may reopen assessment after the required learning block.",PRIMARY_PENDING; PRIMARY_PASS; CONFIRMATION_PENDING; CONFIRMED_READY; NOT_YET; DISCORDANT_NOT_YET; REASSESS_TECHNICAL; INSUFFICIENT_EVIDENCE; INVALID_FORM; DIAGNOSTIC_HOLD; REVALIDATION_DUE; REVALIDATION_PENDING; CURRENT_REVALIDATED; NOT_YET_AFTER_REVALIDATION; VERSION_INVALIDATED. Only CONFIRMED_READY initially closes readiness.,EQUIV-2.1,SpeedReader_W1_BandA_Form_Equivalence_v0.22.csv,EQUIV-2.1,PROVISIONAL_STRUCTURAL,PROVISIONAL_STRUCTURAL → EMPIRICAL_REVIEW → PRODUCTION_APPROVED; SUSPENDED_RECALIBRATE on material change.,COMP-P10-1.0,,RECENCY-1.0,,,EVIDENCE-MIN-1.2,,COMP-COVERAGE-1.0,,,,,MIRROR_ONLY,SpeedReader_W1_BandA_Spec_v0.25.md,SpeedReader_W1_BandA_Spec_v0.25.md is sole normative source; v0.25 CSVs are mirrors only.,FORM-SUPPLY-1.0,PRE_GENERATED_QA_APPROVED_BANK,PROHIBITED,,,,STATE-SEP-1.0,Progress descriptors report P1/current trajectory only and cannot close readiness. BASELINE_MASTERY is allowed here.,"Use readiness_state only: PRIMARY_PENDING → PRIMARY_PASS/CONFIRMATION_PENDING → CONFIRMED_READY, or cause-specific NOT_YET / DISCORDANT_NOT_YET / REASSESS_TECHNICAL / INSUFFICIENT_EVIDENCE / INVALID_FORM / DIAGNOSTIC_HOLD. Only CONFIRMED_READY initially closes readiness; BASELINE_MASTERY is progress reporting only.",NONE,"Even if P1 meets the eventual P10 target, final readiness requires fresh P10 PRIMARY + matched CONFIRMATION."
v0.25,RS13,Mid-passage attention stability,P2,"Keep place, accuracy and continuity through the middle of a 100-word passage.","The learner does not drift, skip a cluster of words or lose accuracy simply because the initial novelty has passed.",Compare middle-third final_accuracy and WPM with first-third values; record middle-third multiword skips and unexplained silences.,"Middle accuracy within 8 pp of first third, or clear improvement from baseline.","At P10: middle-third accuracy is within 2 percentage points of first-third accuracy, no 2+ word skip, and no unexplained silence >6 s.",PROVISIONAL_PILOT,Use same-RS valid P10 evidence under the canonical readiness specification.,"Use readiness_state only: PRIMARY_PENDING → PRIMARY_PASS/CONFIRMATION_PENDING → CONFIRMED_READY, or cause-specific NOT_YET / DISCORDANT_NOT_YET / REASSESS_TECHNICAL / INSUFFICIENT_EVIDENCE / INVALID_FORM / DIAGNOSTIC_HOLD. Only CONFIRMED_READY initially closes readiness; BASELINE_MASTERY is progress reporting only.","CONFIRM-1.0: A single valid P10 pass never closes an RS. Each RS readiness cycle uses two fresh unseen equivalent P10 forms: PRIMARY then CONFIRMATION. No coaching, hints, scored-result disclosure, or targeted practice may occur between a passing PRIMARY and its CONFIRMATION. Both valid forms must satisfy the same RS P10 readiness rule. If PRIMARY fails, stop the cycle and remediate before a new cycle. If PRIMARY passes but CONFIRMATION fails, mark DISCORDANT_NOT_YET and remediate before a new cycle. Technical-invalid forms are REASSESS_TECHNICAL and do not count as valid attempts. All valid forms remain in the audit record; the system may never cherry-pick the best historical pass.","EQUIV-2.1: exact 100 COUNT-100 words; World 1 one-word display; same RS/P10, scoring version, threshold version/status, comprehension blueprint class and safety/accessibility gates; fresh unseen content; non-compensatory global + RS-specific matching; candidate must pass all tolerances embedded in the canonical v0.22 Markdown specification.","ATTEMPT-1.0: A readiness cycle is PRIMARY→CONFIRMATION. A valid failure ends that cycle. A new cycle may begin only after an intervening targeted learning block for that RS. After two consecutive failed/discordant valid cycles, set DIAGNOSTIC_HOLD and require at least two targeted non-readiness practice passages plus a documented diagnostic review before another readiness cycle. There is no unlimited back-to-back retry loop. Genuine later learning may reopen assessment after the required learning block.",PRIMARY_PENDING; PRIMARY_PASS; CONFIRMATION_PENDING; CONFIRMED_READY; NOT_YET; DISCORDANT_NOT_YET; REASSESS_TECHNICAL; INSUFFICIENT_EVIDENCE; INVALID_FORM; DIAGNOSTIC_HOLD; REVALIDATION_DUE; REVALIDATION_PENDING; CURRENT_REVALIDATED; NOT_YET_AFTER_REVALIDATION; VERSION_INVALIDATED. Only CONFIRMED_READY initially closes readiness.,EQUIV-2.1,SpeedReader_W1_BandA_Form_Equivalence_v0.22.csv,EQUIV-2.1,PROVISIONAL_STRUCTURAL,PROVISIONAL_STRUCTURAL → EMPIRICAL_REVIEW → PRODUCTION_APPROVED; SUSPENDED_RECALIBRATE on material change.,COMP-P10-1.0,,RECENCY-1.0,,,EVIDENCE-MIN-1.2,,COMP-COVERAGE-1.0,,,,,MIRROR_ONLY,SpeedReader_W1_BandA_Spec_v0.25.md,SpeedReader_W1_BandA_Spec_v0.25.md is sole normative source; v0.25 CSVs are mirrors only.,FORM-SUPPLY-1.0,PRE_GENERATED_QA_APPROVED_BANK,PROHIBITED,,,,STATE-SEP-1.0,Progress descriptors report P1/current trajectory only and cannot close readiness. BASELINE_MASTERY is allowed here.,"Use readiness_state only: PRIMARY_PENDING → PRIMARY_PASS/CONFIRMATION_PENDING → CONFIRMED_READY, or cause-specific NOT_YET / DISCORDANT_NOT_YET / REASSESS_TECHNICAL / INSUFFICIENT_EVIDENCE / INVALID_FORM / DIAGNOSTIC_HOLD. Only CONFIRMED_READY initially closes readiness; BASELINE_MASTERY is progress reporting only.",NONE,"Even if P1 meets the eventual P10 target, final readiness requires fresh P10 PRIMARY + matched CONFIRMATION."
v0.25,RS13,Mid-passage attention stability,P3,"Keep place, accuracy and continuity through the middle of a 100-word passage.","The learner does not drift, skip a cluster of words or lose accuracy simply because the initial novelty has passed.",Compare middle-third final_accuracy and WPM with first-third values; record middle-third multiword skips and unexplained silences.,Within 7 pp.,"At P10: middle-third accuracy is within 2 percentage points of first-third accuracy, no 2+ word skip, and no unexplained silence >6 s.",PROVISIONAL_PILOT,Use same-RS valid P10 evidence under the canonical readiness specification.,"Use readiness_state only: PRIMARY_PENDING → PRIMARY_PASS/CONFIRMATION_PENDING → CONFIRMED_READY, or cause-specific NOT_YET / DISCORDANT_NOT_YET / REASSESS_TECHNICAL / INSUFFICIENT_EVIDENCE / INVALID_FORM / DIAGNOSTIC_HOLD. Only CONFIRMED_READY initially closes readiness; BASELINE_MASTERY is progress reporting only.","CONFIRM-1.0: A single valid P10 pass never closes an RS. Each RS readiness cycle uses two fresh unseen equivalent P10 forms: PRIMARY then CONFIRMATION. No coaching, hints, scored-result disclosure, or targeted practice may occur between a passing PRIMARY and its CONFIRMATION. Both valid forms must satisfy the same RS P10 readiness rule. If PRIMARY fails, stop the cycle and remediate before a new cycle. If PRIMARY passes but CONFIRMATION fails, mark DISCORDANT_NOT_YET and remediate before a new cycle. Technical-invalid forms are REASSESS_TECHNICAL and do not count as valid attempts. All valid forms remain in the audit record; the system may never cherry-pick the best historical pass.","EQUIV-2.1: exact 100 COUNT-100 words; World 1 one-word display; same RS/P10, scoring version, threshold version/status, comprehension blueprint class and safety/accessibility gates; fresh unseen content; non-compensatory global + RS-specific matching; candidate must pass all tolerances embedded in the canonical v0.22 Markdown specification.","ATTEMPT-1.0: A readiness cycle is PRIMARY→CONFIRMATION. A valid failure ends that cycle. A new cycle may begin only after an intervening targeted learning block for that RS. After two consecutive failed/discordant valid cycles, set DIAGNOSTIC_HOLD and require at least two targeted non-readiness practice passages plus a documented diagnostic review before another readiness cycle. There is no unlimited back-to-back retry loop. Genuine later learning may reopen assessment after the required learning block.",PRIMARY_PENDING; PRIMARY_PASS; CONFIRMATION_PENDING; CONFIRMED_READY; NOT_YET; DISCORDANT_NOT_YET; REASSESS_TECHNICAL; INSUFFICIENT_EVIDENCE; INVALID_FORM; DIAGNOSTIC_HOLD; REVALIDATION_DUE; REVALIDATION_PENDING; CURRENT_REVALIDATED; NOT_YET_AFTER_REVALIDATION; VERSION_INVALIDATED. Only CONFIRMED_READY initially closes readiness.,EQUIV-2.1,SpeedReader_W1_BandA_Form_Equivalence_v0.22.csv,EQUIV-2.1,PROVISIONAL_STRUCTURAL,PROVISIONAL_STRUCTURAL → EMPIRICAL_REVIEW → PRODUCTION_APPROVED; SUSPENDED_RECALIBRATE on material change.,COMP-P10-1.0,,RECENCY-1.0,,,EVIDENCE-MIN-1.2,,COMP-COVERAGE-1.0,,,,,MIRROR_ONLY,SpeedReader_W1_BandA_Spec_v0.25.md,SpeedReader_W1_BandA_Spec_v0.25.md is sole normative source; v0.25 CSVs are mirrors only.,FORM-SUPPLY-1.0,PRE_GENERATED_QA_APPROVED_BANK,PROHIBITED,,,,STATE-SEP-1.0,Progress descriptors report P1/current trajectory only and cannot close readiness. BASELINE_MASTERY is allowed here.,"Use readiness_state only: PRIMARY_PENDING → PRIMARY_PASS/CONFIRMATION_PENDING → CONFIRMED_READY, or cause-specific NOT_YET / DISCORDANT_NOT_YET / REASSESS_TECHNICAL / INSUFFICIENT_EVIDENCE / INVALID_FORM / DIAGNOSTIC_HOLD. Only CONFIRMED_READY initially closes readiness; BASELINE_MASTERY is progress reporting only.",NONE,"Even if P1 meets the eventual P10 target, final readiness requires fresh P10 PRIMARY + matched CONFIRMATION."
v0.25,RS13,Mid-passage attention stability,P4,"Keep place, accuracy and continuity through the middle of a 100-word passage.","The learner does not drift, skip a cluster of words or lose accuracy simply because the initial novelty has passed.",Compare middle-third final_accuracy and WPM with first-third values; record middle-third multiword skips and unexplained silences.,Within 6 pp.,"At P10: middle-third accuracy is within 2 percentage points of first-third accuracy, no 2+ word skip, and no unexplained silence >6 s.",PROVISIONAL_PILOT,Use same-RS valid P10 evidence under the canonical readiness specification.,"Use readiness_state only: PRIMARY_PENDING → PRIMARY_PASS/CONFIRMATION_PENDING → CONFIRMED_READY, or cause-specific NOT_YET / DISCORDANT_NOT_YET / REASSESS_TECHNICAL / INSUFFICIENT_EVIDENCE / INVALID_FORM / DIAGNOSTIC_HOLD. Only CONFIRMED_READY initially closes readiness; BASELINE_MASTERY is progress reporting only.","CONFIRM-1.0: A single valid P10 pass never closes an RS. Each RS readiness cycle uses two fresh unseen equivalent P10 forms: PRIMARY then CONFIRMATION. No coaching, hints, scored-result disclosure, or targeted practice may occur between a passing PRIMARY and its CONFIRMATION. Both valid forms must satisfy the same RS P10 readiness rule. If PRIMARY fails, stop the cycle and remediate before a new cycle. If PRIMARY passes but CONFIRMATION fails, mark DISCORDANT_NOT_YET and remediate before a new cycle. Technical-invalid forms are REASSESS_TECHNICAL and do not count as valid attempts. All valid forms remain in the audit record; the system may never cherry-pick the best historical pass.","EQUIV-2.1: exact 100 COUNT-100 words; World 1 one-word display; same RS/P10, scoring version, threshold version/status, comprehension blueprint class and safety/accessibility gates; fresh unseen content; non-compensatory global + RS-specific matching; candidate must pass all tolerances embedded in the canonical v0.22 Markdown specification.","ATTEMPT-1.0: A readiness cycle is PRIMARY→CONFIRMATION. A valid failure ends that cycle. A new cycle may begin only after an intervening targeted learning block for that RS. After two consecutive failed/discordant valid cycles, set DIAGNOSTIC_HOLD and require at least two targeted non-readiness practice passages plus a documented diagnostic review before another readiness cycle. There is no unlimited back-to-back retry loop. Genuine later learning may reopen assessment after the required learning block.",PRIMARY_PENDING; PRIMARY_PASS; CONFIRMATION_PENDING; CONFIRMED_READY; NOT_YET; DISCORDANT_NOT_YET; REASSESS_TECHNICAL; INSUFFICIENT_EVIDENCE; INVALID_FORM; DIAGNOSTIC_HOLD; REVALIDATION_DUE; REVALIDATION_PENDING; CURRENT_REVALIDATED; NOT_YET_AFTER_REVALIDATION; VERSION_INVALIDATED. Only CONFIRMED_READY initially closes readiness.,EQUIV-2.1,SpeedReader_W1_BandA_Form_Equivalence_v0.22.csv,EQUIV-2.1,PROVISIONAL_STRUCTURAL,PROVISIONAL_STRUCTURAL → EMPIRICAL_REVIEW → PRODUCTION_APPROVED; SUSPENDED_RECALIBRATE on material change.,COMP-P10-1.0,,RECENCY-1.0,,,EVIDENCE-MIN-1.2,,COMP-COVERAGE-1.0,,,,,MIRROR_ONLY,SpeedReader_W1_BandA_Spec_v0.25.md,SpeedReader_W1_BandA_Spec_v0.25.md is sole normative source; v0.25 CSVs are mirrors only.,FORM-SUPPLY-1.0,PRE_GENERATED_QA_APPROVED_BANK,PROHIBITED,,,,STATE-SEP-1.0,Progress descriptors report P1/current trajectory only and cannot close readiness. BASELINE_MASTERY is allowed here.,"Use readiness_state only: PRIMARY_PENDING → PRIMARY_PASS/CONFIRMATION_PENDING → CONFIRMED_READY, or cause-specific NOT_YET / DISCORDANT_NOT_YET / REASSESS_TECHNICAL / INSUFFICIENT_EVIDENCE / INVALID_FORM / DIAGNOSTIC_HOLD. Only CONFIRMED_READY initially closes readiness; BASELINE_MASTERY is progress reporting only.",NONE,"Even if P1 meets the eventual P10 target, final readiness requires fresh P10 PRIMARY + matched CONFIRMATION."
v0.25,RS13,Mid-passage attention stability,P5,"Keep place, accuracy and continuity through the middle of a 100-word passage.","The learner does not drift, skip a cluster of words or lose accuracy simply because the initial novelty has passed.",Compare middle-third final_accuracy and WPM with first-third values; record middle-third multiword skips and unexplained silences.,Within 5 pp; no 3-word skip.,"At P10: middle-third accuracy is within 2 percentage points of first-third accuracy, no 2+ word skip, and no unexplained silence >6 s.",PROVISIONAL_PILOT,Use same-RS valid P10 evidence under the canonical readiness specification.,"Use readiness_state only: PRIMARY_PENDING → PRIMARY_PASS/CONFIRMATION_PENDING → CONFIRMED_READY, or cause-specific NOT_YET / DISCORDANT_NOT_YET / REASSESS_TECHNICAL / INSUFFICIENT_EVIDENCE / INVALID_FORM / DIAGNOSTIC_HOLD. Only CONFIRMED_READY initially closes readiness; BASELINE_MASTERY is progress reporting only.","CONFIRM-1.0: A single valid P10 pass never closes an RS. Each RS readiness cycle uses two fresh unseen equivalent P10 forms: PRIMARY then CONFIRMATION. No coaching, hints, scored-result disclosure, or targeted practice may occur between a passing PRIMARY and its CONFIRMATION. Both valid forms must satisfy the same RS P10 readiness rule. If PRIMARY fails, stop the cycle and remediate before a new cycle. If PRIMARY passes but CONFIRMATION fails, mark DISCORDANT_NOT_YET and remediate before a new cycle. Technical-invalid forms are REASSESS_TECHNICAL and do not count as valid attempts. All valid forms remain in the audit record; the system may never cherry-pick the best historical pass.","EQUIV-2.1: exact 100 COUNT-100 words; World 1 one-word display; same RS/P10, scoring version, threshold version/status, comprehension blueprint class and safety/accessibility gates; fresh unseen content; non-compensatory global + RS-specific matching; candidate must pass all tolerances embedded in the canonical v0.22 Markdown specification.","ATTEMPT-1.0: A readiness cycle is PRIMARY→CONFIRMATION. A valid failure ends that cycle. A new cycle may begin only after an intervening targeted learning block for that RS. After two consecutive failed/discordant valid cycles, set DIAGNOSTIC_HOLD and require at least two targeted non-readiness practice passages plus a documented diagnostic review before another readiness cycle. There is no unlimited back-to-back retry loop. Genuine later learning may reopen assessment after the required learning block.",PRIMARY_PENDING; PRIMARY_PASS; CONFIRMATION_PENDING; CONFIRMED_READY; NOT_YET; DISCORDANT_NOT_YET; REASSESS_TECHNICAL; INSUFFICIENT_EVIDENCE; INVALID_FORM; DIAGNOSTIC_HOLD; REVALIDATION_DUE; REVALIDATION_PENDING; CURRENT_REVALIDATED; NOT_YET_AFTER_REVALIDATION; VERSION_INVALIDATED. Only CONFIRMED_READY initially closes readiness.,EQUIV-2.1,SpeedReader_W1_BandA_Form_Equivalence_v0.22.csv,EQUIV-2.1,PROVISIONAL_STRUCTURAL,PROVISIONAL_STRUCTURAL → EMPIRICAL_REVIEW → PRODUCTION_APPROVED; SUSPENDED_RECALIBRATE on material change.,COMP-P10-1.0,,RECENCY-1.0,,,EVIDENCE-MIN-1.2,,COMP-COVERAGE-1.0,,,,,MIRROR_ONLY,SpeedReader_W1_BandA_Spec_v0.25.md,SpeedReader_W1_BandA_Spec_v0.25.md is sole normative source; v0.25 CSVs are mirrors only.,FORM-SUPPLY-1.0,PRE_GENERATED_QA_APPROVED_BANK,PROHIBITED,,,,STATE-SEP-1.0,Progress descriptors report P1/current trajectory only and cannot close readiness. BASELINE_MASTERY is allowed here.,"Use readiness_state only: PRIMARY_PENDING → PRIMARY_PASS/CONFIRMATION_PENDING → CONFIRMED_READY, or cause-specific NOT_YET / DISCORDANT_NOT_YET / REASSESS_TECHNICAL / INSUFFICIENT_EVIDENCE / INVALID_FORM / DIAGNOSTIC_HOLD. Only CONFIRMED_READY initially closes readiness; BASELINE_MASTERY is progress reporting only.",NONE,"Even if P1 meets the eventual P10 target, final readiness requires fresh P10 PRIMARY + matched CONFIRMATION."
v0.25,RS13,Mid-passage attention stability,P6,"Keep place, accuracy and continuity through the middle of a 100-word passage.","The learner does not drift, skip a cluster of words or lose accuracy simply because the initial novelty has passed.",Compare middle-third final_accuracy and WPM with first-third values; record middle-third multiword skips and unexplained silences.,Within 5 pp.,"At P10: middle-third accuracy is within 2 percentage points of first-third accuracy, no 2+ word skip, and no unexplained silence >6 s.",PROVISIONAL_PILOT,Use same-RS valid P10 evidence under the canonical readiness specification.,"Use readiness_state only: PRIMARY_PENDING → PRIMARY_PASS/CONFIRMATION_PENDING → CONFIRMED_READY, or cause-specific NOT_YET / DISCORDANT_NOT_YET / REASSESS_TECHNICAL / INSUFFICIENT_EVIDENCE / INVALID_FORM / DIAGNOSTIC_HOLD. Only CONFIRMED_READY initially closes readiness; BASELINE_MASTERY is progress reporting only.","CONFIRM-1.0: A single valid P10 pass never closes an RS. Each RS readiness cycle uses two fresh unseen equivalent P10 forms: PRIMARY then CONFIRMATION. No coaching, hints, scored-result disclosure, or targeted practice may occur between a passing PRIMARY and its CONFIRMATION. Both valid forms must satisfy the same RS P10 readiness rule. If PRIMARY fails, stop the cycle and remediate before a new cycle. If PRIMARY passes but CONFIRMATION fails, mark DISCORDANT_NOT_YET and remediate before a new cycle. Technical-invalid forms are REASSESS_TECHNICAL and do not count as valid attempts. All valid forms remain in the audit record; the system may never cherry-pick the best historical pass.","EQUIV-2.1: exact 100 COUNT-100 words; World 1 one-word display; same RS/P10, scoring version, threshold version/status, comprehension blueprint class and safety/accessibility gates; fresh unseen content; non-compensatory global + RS-specific matching; candidate must pass all tolerances embedded in the canonical v0.22 Markdown specification.","ATTEMPT-1.0: A readiness cycle is PRIMARY→CONFIRMATION. A valid failure ends that cycle. A new cycle may begin only after an intervening targeted learning block for that RS. After two consecutive failed/discordant valid cycles, set DIAGNOSTIC_HOLD and require at least two targeted non-readiness practice passages plus a documented diagnostic review before another readiness cycle. There is no unlimited back-to-back retry loop. Genuine later learning may reopen assessment after the required learning block.",PRIMARY_PENDING; PRIMARY_PASS; CONFIRMATION_PENDING; CONFIRMED_READY; NOT_YET; DISCORDANT_NOT_YET; REASSESS_TECHNICAL; INSUFFICIENT_EVIDENCE; INVALID_FORM; DIAGNOSTIC_HOLD; REVALIDATION_DUE; REVALIDATION_PENDING; CURRENT_REVALIDATED; NOT_YET_AFTER_REVALIDATION; VERSION_INVALIDATED. Only CONFIRMED_READY initially closes readiness.,EQUIV-2.1,SpeedReader_W1_BandA_Form_Equivalence_v0.22.csv,EQUIV-2.1,PROVISIONAL_STRUCTURAL,PROVISIONAL_STRUCTURAL → EMPIRICAL_REVIEW → PRODUCTION_APPROVED; SUSPENDED_RECALIBRATE on material change.,COMP-P10-1.0,,RECENCY-1.0,,,EVIDENCE-MIN-1.2,,COMP-COVERAGE-1.0,,,,,MIRROR_ONLY,SpeedReader_W1_BandA_Spec_v0.25.md,SpeedReader_W1_BandA_Spec_v0.25.md is sole normative source; v0.25 CSVs are mirrors only.,FORM-SUPPLY-1.0,PRE_GENERATED_QA_APPROVED_BANK,PROHIBITED,,,,STATE-SEP-1.0,Progress descriptors report P1/current trajectory only and cannot close readiness. BASELINE_MASTERY is allowed here.,"Use readiness_state only: PRIMARY_PENDING → PRIMARY_PASS/CONFIRMATION_PENDING → CONFIRMED_READY, or cause-specific NOT_YET / DISCORDANT_NOT_YET / REASSESS_TECHNICAL / INSUFFICIENT_EVIDENCE / INVALID_FORM / DIAGNOSTIC_HOLD. Only CONFIRMED_READY initially closes readiness; BASELINE_MASTERY is progress reporting only.",NONE,"Even if P1 meets the eventual P10 target, final readiness requires fresh P10 PRIMARY + matched CONFIRMATION."
v0.25,RS13,Mid-passage attention stability,P7,"Keep place, accuracy and continuity through the middle of a 100-word passage.","The learner does not drift, skip a cluster of words or lose accuracy simply because the initial novelty has passed.",Compare middle-third final_accuracy and WPM with first-third values; record middle-third multiword skips and unexplained silences.,Within 4 pp; no 2+ word skip.,"At P10: middle-third accuracy is within 2 percentage points of first-third accuracy, no 2+ word skip, and no unexplained silence >6 s.",PROVISIONAL_PILOT,Use same-RS valid P10 evidence under the canonical readiness specification.,"Use readiness_state only: PRIMARY_PENDING → PRIMARY_PASS/CONFIRMATION_PENDING → CONFIRMED_READY, or cause-specific NOT_YET / DISCORDANT_NOT_YET / REASSESS_TECHNICAL / INSUFFICIENT_EVIDENCE / INVALID_FORM / DIAGNOSTIC_HOLD. Only CONFIRMED_READY initially closes readiness; BASELINE_MASTERY is progress reporting only.","CONFIRM-1.0: A single valid P10 pass never closes an RS. Each RS readiness cycle uses two fresh unseen equivalent P10 forms: PRIMARY then CONFIRMATION. No coaching, hints, scored-result disclosure, or targeted practice may occur between a passing PRIMARY and its CONFIRMATION. Both valid forms must satisfy the same RS P10 readiness rule. If PRIMARY fails, stop the cycle and remediate before a new cycle. If PRIMARY passes but CONFIRMATION fails, mark DISCORDANT_NOT_YET and remediate before a new cycle. Technical-invalid forms are REASSESS_TECHNICAL and do not count as valid attempts. All valid forms remain in the audit record; the system may never cherry-pick the best historical pass.","EQUIV-2.1: exact 100 COUNT-100 words; World 1 one-word display; same RS/P10, scoring version, threshold version/status, comprehension blueprint class and safety/accessibility gates; fresh unseen content; non-compensatory global + RS-specific matching; candidate must pass all tolerances embedded in the canonical v0.22 Markdown specification.","ATTEMPT-1.0: A readiness cycle is PRIMARY→CONFIRMATION. A valid failure ends that cycle. A new cycle may begin only after an intervening targeted learning block for that RS. After two consecutive failed/discordant valid cycles, set DIAGNOSTIC_HOLD and require at least two targeted non-readiness practice passages plus a documented diagnostic review before another readiness cycle. There is no unlimited back-to-back retry loop. Genuine later learning may reopen assessment after the required learning block.",PRIMARY_PENDING; PRIMARY_PASS; CONFIRMATION_PENDING; CONFIRMED_READY; NOT_YET; DISCORDANT_NOT_YET; REASSESS_TECHNICAL; INSUFFICIENT_EVIDENCE; INVALID_FORM; DIAGNOSTIC_HOLD; REVALIDATION_DUE; REVALIDATION_PENDING; CURRENT_REVALIDATED; NOT_YET_AFTER_REVALIDATION; VERSION_INVALIDATED. Only CONFIRMED_READY initially closes readiness.,EQUIV-2.1,SpeedReader_W1_BandA_Form_Equivalence_v0.22.csv,EQUIV-2.1,PROVISIONAL_STRUCTURAL,PROVISIONAL_STRUCTURAL → EMPIRICAL_REVIEW → PRODUCTION_APPROVED; SUSPENDED_RECALIBRATE on material change.,COMP-P10-1.0,,RECENCY-1.0,,,EVIDENCE-MIN-1.2,,COMP-COVERAGE-1.0,,,,,MIRROR_ONLY,SpeedReader_W1_BandA_Spec_v0.25.md,SpeedReader_W1_BandA_Spec_v0.25.md is sole normative source; v0.25 CSVs are mirrors only.,FORM-SUPPLY-1.0,PRE_GENERATED_QA_APPROVED_BANK,PROHIBITED,,,,STATE-SEP-1.0,Progress descriptors report P1/current trajectory only and cannot close readiness. BASELINE_MASTERY is allowed here.,"Use readiness_state only: PRIMARY_PENDING → PRIMARY_PASS/CONFIRMATION_PENDING → CONFIRMED_READY, or cause-specific NOT_YET / DISCORDANT_NOT_YET / REASSESS_TECHNICAL / INSUFFICIENT_EVIDENCE / INVALID_FORM / DIAGNOSTIC_HOLD. Only CONFIRMED_READY initially closes readiness; BASELINE_MASTERY is progress reporting only.",NONE,"Even if P1 meets the eventual P10 target, final readiness requires fresh P10 PRIMARY + matched CONFIRMATION."
v0.25,RS13,Mid-passage attention stability,P8,"Keep place, accuracy and continuity through the middle of a 100-word passage.","The learner does not drift, skip a cluster of words or lose accuracy simply because the initial novelty has passed.",Compare middle-third final_accuracy and WPM with first-third values; record middle-third multiword skips and unexplained silences.,Within 3 pp.,"At P10: middle-third accuracy is within 2 percentage points of first-third accuracy, no 2+ word skip, and no unexplained silence >6 s.",PROVISIONAL_PILOT,Use same-RS valid P10 evidence under the canonical readiness specification.,"Use readiness_state only: PRIMARY_PENDING → PRIMARY_PASS/CONFIRMATION_PENDING → CONFIRMED_READY, or cause-specific NOT_YET / DISCORDANT_NOT_YET / REASSESS_TECHNICAL / INSUFFICIENT_EVIDENCE / INVALID_FORM / DIAGNOSTIC_HOLD. Only CONFIRMED_READY initially closes readiness; BASELINE_MASTERY is progress reporting only.","CONFIRM-1.0: A single valid P10 pass never closes an RS. Each RS readiness cycle uses two fresh unseen equivalent P10 forms: PRIMARY then CONFIRMATION. No coaching, hints, scored-result disclosure, or targeted practice may occur between a passing PRIMARY and its CONFIRMATION. Both valid forms must satisfy the same RS P10 readiness rule. If PRIMARY fails, stop the cycle and remediate before a new cycle. If PRIMARY passes but CONFIRMATION fails, mark DISCORDANT_NOT_YET and remediate before a new cycle. Technical-invalid forms are REASSESS_TECHNICAL and do not count as valid attempts. All valid forms remain in the audit record; the system may never cherry-pick the best historical pass.","EQUIV-2.1: exact 100 COUNT-100 words; World 1 one-word display; same RS/P10, scoring version, threshold version/status, comprehension blueprint class and safety/accessibility gates; fresh unseen content; non-compensatory global + RS-specific matching; candidate must pass all tolerances embedded in the canonical v0.22 Markdown specification.","ATTEMPT-1.0: A readiness cycle is PRIMARY→CONFIRMATION. A valid failure ends that cycle. A new cycle may begin only after an intervening targeted learning block for that RS. After two consecutive failed/discordant valid cycles, set DIAGNOSTIC_HOLD and require at least two targeted non-readiness practice passages plus a documented diagnostic review before another readiness cycle. There is no unlimited back-to-back retry loop. Genuine later learning may reopen assessment after the required learning block.",PRIMARY_PENDING; PRIMARY_PASS; CONFIRMATION_PENDING; CONFIRMED_READY; NOT_YET; DISCORDANT_NOT_YET; REASSESS_TECHNICAL; INSUFFICIENT_EVIDENCE; INVALID_FORM; DIAGNOSTIC_HOLD; REVALIDATION_DUE; REVALIDATION_PENDING; CURRENT_REVALIDATED; NOT_YET_AFTER_REVALIDATION; VERSION_INVALIDATED. Only CONFIRMED_READY initially closes readiness.,EQUIV-2.1,SpeedReader_W1_BandA_Form_Equivalence_v0.22.csv,EQUIV-2.1,PROVISIONAL_STRUCTURAL,PROVISIONAL_STRUCTURAL → EMPIRICAL_REVIEW → PRODUCTION_APPROVED; SUSPENDED_RECALIBRATE on material change.,COMP-P10-1.0,,RECENCY-1.0,,,EVIDENCE-MIN-1.2,,COMP-COVERAGE-1.0,,,,,MIRROR_ONLY,SpeedReader_W1_BandA_Spec_v0.25.md,SpeedReader_W1_BandA_Spec_v0.25.md is sole normative source; v0.25 CSVs are mirrors only.,FORM-SUPPLY-1.0,PRE_GENERATED_QA_APPROVED_BANK,PROHIBITED,,,,STATE-SEP-1.0,Progress descriptors report P1/current trajectory only and cannot close readiness. BASELINE_MASTERY is allowed here.,"Use readiness_state only: PRIMARY_PENDING → PRIMARY_PASS/CONFIRMATION_PENDING → CONFIRMED_READY, or cause-specific NOT_YET / DISCORDANT_NOT_YET / REASSESS_TECHNICAL / INSUFFICIENT_EVIDENCE / INVALID_FORM / DIAGNOSTIC_HOLD. Only CONFIRMED_READY initially closes readiness; BASELINE_MASTERY is progress reporting only.",NONE,"Even if P1 meets the eventual P10 target, final readiness requires fresh P10 PRIMARY + matched CONFIRMATION."
v0.25,RS13,Mid-passage attention stability,P9,"Keep place, accuracy and continuity through the middle of a 100-word passage.","The learner does not drift, skip a cluster of words or lose accuracy simply because the initial novelty has passed.",Compare middle-third final_accuracy and WPM with first-third values; record middle-third multiword skips and unexplained silences.,Within 3 pp and no unexplained silence >7 s.,"At P10: middle-third accuracy is within 2 percentage points of first-third accuracy, no 2+ word skip, and no unexplained silence >6 s.",PROVISIONAL_PILOT,Use same-RS valid P10 evidence under the canonical readiness specification.,"Use readiness_state only: PRIMARY_PENDING → PRIMARY_PASS/CONFIRMATION_PENDING → CONFIRMED_READY, or cause-specific NOT_YET / DISCORDANT_NOT_YET / REASSESS_TECHNICAL / INSUFFICIENT_EVIDENCE / INVALID_FORM / DIAGNOSTIC_HOLD. Only CONFIRMED_READY initially closes readiness; BASELINE_MASTERY is progress reporting only.","CONFIRM-1.0: A single valid P10 pass never closes an RS. Each RS readiness cycle uses two fresh unseen equivalent P10 forms: PRIMARY then CONFIRMATION. No coaching, hints, scored-result disclosure, or targeted practice may occur between a passing PRIMARY and its CONFIRMATION. Both valid forms must satisfy the same RS P10 readiness rule. If PRIMARY fails, stop the cycle and remediate before a new cycle. If PRIMARY passes but CONFIRMATION fails, mark DISCORDANT_NOT_YET and remediate before a new cycle. Technical-invalid forms are REASSESS_TECHNICAL and do not count as valid attempts. All valid forms remain in the audit record; the system may never cherry-pick the best historical pass.","EQUIV-2.1: exact 100 COUNT-100 words; World 1 one-word display; same RS/P10, scoring version, threshold version/status, comprehension blueprint class and safety/accessibility gates; fresh unseen content; non-compensatory global + RS-specific matching; candidate must pass all tolerances embedded in the canonical v0.22 Markdown specification.","ATTEMPT-1.0: A readiness cycle is PRIMARY→CONFIRMATION. A valid failure ends that cycle. A new cycle may begin only after an intervening targeted learning block for that RS. After two consecutive failed/discordant valid cycles, set DIAGNOSTIC_HOLD and require at least two targeted non-readiness practice passages plus a documented diagnostic review before another readiness cycle. There is no unlimited back-to-back retry loop. Genuine later learning may reopen assessment after the required learning block.",PRIMARY_PENDING; PRIMARY_PASS; CONFIRMATION_PENDING; CONFIRMED_READY; NOT_YET; DISCORDANT_NOT_YET; REASSESS_TECHNICAL; INSUFFICIENT_EVIDENCE; INVALID_FORM; DIAGNOSTIC_HOLD; REVALIDATION_DUE; REVALIDATION_PENDING; CURRENT_REVALIDATED; NOT_YET_AFTER_REVALIDATION; VERSION_INVALIDATED. Only CONFIRMED_READY initially closes readiness.,EQUIV-2.1,SpeedReader_W1_BandA_Form_Equivalence_v0.22.csv,EQUIV-2.1,PROVISIONAL_STRUCTURAL,PROVISIONAL_STRUCTURAL → EMPIRICAL_REVIEW → PRODUCTION_APPROVED; SUSPENDED_RECALIBRATE on material change.,COMP-P10-1.0,,RECENCY-1.0,,,EVIDENCE-MIN-1.2,,COMP-COVERAGE-1.0,,,,,MIRROR_ONLY,SpeedReader_W1_BandA_Spec_v0.25.md,SpeedReader_W1_BandA_Spec_v0.25.md is sole normative source; v0.25 CSVs are mirrors only.,FORM-SUPPLY-1.0,PRE_GENERATED_QA_APPROVED_BANK,PROHIBITED,,,,STATE-SEP-1.0,Progress descriptors report P1/current trajectory only and cannot close readiness. BASELINE_MASTERY is allowed here.,"Use readiness_state only: PRIMARY_PENDING → PRIMARY_PASS/CONFIRMATION_PENDING → CONFIRMED_READY, or cause-specific NOT_YET / DISCORDANT_NOT_YET / REASSESS_TECHNICAL / INSUFFICIENT_EVIDENCE / INVALID_FORM / DIAGNOSTIC_HOLD. Only CONFIRMED_READY initially closes readiness; BASELINE_MASTERY is progress reporting only.",NONE,"Even if P1 meets the eventual P10 target, final readiness requires fresh P10 PRIMARY + matched CONFIRMATION."
v0.25,RS13,Mid-passage attention stability,P10,"Keep place, accuracy and continuity through the middle of a 100-word passage.","The learner does not drift, skip a cluster of words or lose accuracy simply because the initial novelty has passed.",Compare middle-third final_accuracy and WPM with first-third values; record middle-third multiword skips and unexplained silences.,"Within 2 pp, no 2+ word skip, no unexplained silence >6 s.","At P10: middle-third accuracy is within 2 percentage points of first-third accuracy, no 2+ word skip, and no unexplained silence >6 s.",PROVISIONAL_PILOT,Use same-RS valid P10 evidence under the canonical readiness specification.,"Use readiness_state only: PRIMARY_PENDING → PRIMARY_PASS/CONFIRMATION_PENDING → CONFIRMED_READY, or cause-specific NOT_YET / DISCORDANT_NOT_YET / REASSESS_TECHNICAL / INSUFFICIENT_EVIDENCE / INVALID_FORM / DIAGNOSTIC_HOLD. Only CONFIRMED_READY initially closes readiness; BASELINE_MASTERY is progress reporting only.","CONFIRM-1.0: A single valid P10 pass never closes an RS. Each RS readiness cycle uses two fresh unseen equivalent P10 forms: PRIMARY then CONFIRMATION. No coaching, hints, scored-result disclosure, or targeted practice may occur between a passing PRIMARY and its CONFIRMATION. Both valid forms must satisfy the same RS P10 readiness rule. If PRIMARY fails, stop the cycle and remediate before a new cycle. If PRIMARY passes but CONFIRMATION fails, mark DISCORDANT_NOT_YET and remediate before a new cycle. Technical-invalid forms are REASSESS_TECHNICAL and do not count as valid attempts. All valid forms remain in the audit record; the system may never cherry-pick the best historical pass.","EQUIV-2.1: exact 100 COUNT-100 words; World 1 one-word display; same RS/P10, scoring version, threshold version/status, comprehension blueprint class and safety/accessibility gates; fresh unseen content; non-compensatory global + RS-specific matching; candidate must pass all tolerances embedded in the canonical v0.22 Markdown specification.","ATTEMPT-1.0: A readiness cycle is PRIMARY→CONFIRMATION. A valid failure ends that cycle. A new cycle may begin only after an intervening targeted learning block for that RS. After two consecutive failed/discordant valid cycles, set DIAGNOSTIC_HOLD and require at least two targeted non-readiness practice passages plus a documented diagnostic review before another readiness cycle. There is no unlimited back-to-back retry loop. Genuine later learning may reopen assessment after the required learning block.",PRIMARY_PENDING; PRIMARY_PASS; CONFIRMATION_PENDING; CONFIRMED_READY; NOT_YET; DISCORDANT_NOT_YET; REASSESS_TECHNICAL; INSUFFICIENT_EVIDENCE; INVALID_FORM; DIAGNOSTIC_HOLD; REVALIDATION_DUE; REVALIDATION_PENDING; CURRENT_REVALIDATED; NOT_YET_AFTER_REVALIDATION; VERSION_INVALIDATED. Only CONFIRMED_READY initially closes readiness.,EQUIV-2.1,SpeedReader_W1_BandA_Form_Equivalence_v0.22.csv,EQUIV-2.1,PROVISIONAL_STRUCTURAL,PROVISIONAL_STRUCTURAL → EMPIRICAL_REVIEW → PRODUCTION_APPROVED; SUSPENDED_RECALIBRATE on material change.,COMP-P10-1.0,"First-attempt independent mastery = at least 3/4 correct AND the designated primary-skill item correct, before any hint, targeted reread, answer feedback, narrowing, worked example, or remediation. Comprehension readiness requires two independent first-attempt passes on fresh matched forms: COMP_PRIMARY_PASS then COMP_CONFIRMATION_PASS. No targeted comprehension coaching, hinting, answer explanation, or missed-item disclosure occurs between a passing PRIMARY and its CONFIRMATION. Both forms use the same P10 blueprint class but fresh passage evidence and fresh question wording. Only COMPREHENSION_CONFIRMED contributes to Band-A readiness.",RECENCY-1.0,Readiness evidence remains CURRENT until the first of: >56 calendar days since the latest passing same-RS confirmation/revalidation; >16 subsequent valid Band-A assessment/remediation sessions; or >28 consecutive calendar days with no SpeedReader learning session. Material scoring/threshold-version changes invalidate evidence immediately rather than merely making it stale. These numeric limits are PROVISIONAL_PILOT and require later calibration.,"When evidence is REVALIDATION_DUE only because of recency/inactivity, use one fresh unseen EQUIV-2.1 same-RS P10 revalidation form. Score oral and comprehension streams independently before any targeted feedback. A passing stream renews only that stream's freshness anchor. A valid failing stream becomes NOT_YET and requires targeted remediation followed by a new full PRIMARY→CONFIRMATION cycle for that stream. Technical invalidity does not count as failure and does not reset freshness until valid evidence is obtained.",EVIDENCE-MIN-1.2,At least 90 assessable words total; first and middle thirds each require at least 28 assessable words.,COMP-COVERAGE-1.0,Q1 D2: Sequence | Q2 D3: Cause/effect | Q3 D5: Feelings/motivation | Q4 D9: Judgment/application,,,,MIRROR_ONLY,SpeedReader_W1_BandA_Spec_v0.25.md,SpeedReader_W1_BandA_Spec_v0.25.md is sole normative source; v0.25 CSVs are mirrors only.,FORM-SUPPLY-1.0,PRE_GENERATED_QA_APPROVED_BANK,PROHIBITED,,,,STATE-SEP-1.0,Progress descriptors report P1/current trajectory only and cannot close readiness. BASELINE_MASTERY is allowed here.,"Use readiness_state only: PRIMARY_PENDING → PRIMARY_PASS/CONFIRMATION_PENDING → CONFIRMED_READY, or cause-specific NOT_YET / DISCORDANT_NOT_YET / REASSESS_TECHNICAL / INSUFFICIENT_EVIDENCE / INVALID_FORM / DIAGNOSTIC_HOLD. Only CONFIRMED_READY initially closes readiness; BASELINE_MASTERY is progress reporting only.",NONE,"Even if P1 meets the eventual P10 target, final readiness requires fresh P10 PRIMARY + matched CONFIRMATION."
v0.25,RS14,Final-third stamina,P1,Finish a 100-word passage with reading quality close to the way it began.,Accuracy does not collapse and pace does not sharply slow or rush during the final third.,Compare final-third final_accuracy and WPM with first-third values; record error-rate increase in final third.,Baseline first-third vs final-third profile.,At P10: final-third accuracy within 2 percentage points of first third and final-third WPM no more than 15% below first third.,PROVISIONAL_PILOT,Use same-RS valid P10 evidence under the canonical readiness specification.,"Use readiness_state only: PRIMARY_PENDING → PRIMARY_PASS/CONFIRMATION_PENDING → CONFIRMED_READY, or cause-specific NOT_YET / DISCORDANT_NOT_YET / REASSESS_TECHNICAL / INSUFFICIENT_EVIDENCE / INVALID_FORM / DIAGNOSTIC_HOLD. Only CONFIRMED_READY initially closes readiness; BASELINE_MASTERY is progress reporting only.","CONFIRM-1.0: A single valid P10 pass never closes an RS. Each RS readiness cycle uses two fresh unseen equivalent P10 forms: PRIMARY then CONFIRMATION. No coaching, hints, scored-result disclosure, or targeted practice may occur between a passing PRIMARY and its CONFIRMATION. Both valid forms must satisfy the same RS P10 readiness rule. If PRIMARY fails, stop the cycle and remediate before a new cycle. If PRIMARY passes but CONFIRMATION fails, mark DISCORDANT_NOT_YET and remediate before a new cycle. Technical-invalid forms are REASSESS_TECHNICAL and do not count as valid attempts. All valid forms remain in the audit record; the system may never cherry-pick the best historical pass.","EQUIV-2.1: exact 100 COUNT-100 words; World 1 one-word display; same RS/P10, scoring version, threshold version/status, comprehension blueprint class and safety/accessibility gates; fresh unseen content; non-compensatory global + RS-specific matching; candidate must pass all tolerances embedded in the canonical v0.22 Markdown specification.","ATTEMPT-1.0: A readiness cycle is PRIMARY→CONFIRMATION. A valid failure ends that cycle. A new cycle may begin only after an intervening targeted learning block for that RS. After two consecutive failed/discordant valid cycles, set DIAGNOSTIC_HOLD and require at least two targeted non-readiness practice passages plus a documented diagnostic review before another readiness cycle. There is no unlimited back-to-back retry loop. Genuine later learning may reopen assessment after the required learning block.",PRIMARY_PENDING; PRIMARY_PASS; CONFIRMATION_PENDING; CONFIRMED_READY; NOT_YET; DISCORDANT_NOT_YET; REASSESS_TECHNICAL; INSUFFICIENT_EVIDENCE; INVALID_FORM; DIAGNOSTIC_HOLD; REVALIDATION_DUE; REVALIDATION_PENDING; CURRENT_REVALIDATED; NOT_YET_AFTER_REVALIDATION; VERSION_INVALIDATED. Only CONFIRMED_READY initially closes readiness.,EQUIV-2.1,SpeedReader_W1_BandA_Form_Equivalence_v0.22.csv,EQUIV-2.1,PROVISIONAL_STRUCTURAL,PROVISIONAL_STRUCTURAL → EMPIRICAL_REVIEW → PRODUCTION_APPROVED; SUSPENDED_RECALIBRATE on material change.,COMP-P10-1.0,,RECENCY-1.0,,,EVIDENCE-MIN-1.2,,COMP-COVERAGE-1.0,,,,,MIRROR_ONLY,SpeedReader_W1_BandA_Spec_v0.25.md,SpeedReader_W1_BandA_Spec_v0.25.md is sole normative source; v0.25 CSVs are mirrors only.,FORM-SUPPLY-1.0,PRE_GENERATED_QA_APPROVED_BANK,PROHIBITED,,,,STATE-SEP-1.0,Progress descriptors report P1/current trajectory only and cannot close readiness. BASELINE_MASTERY is allowed here.,"Use readiness_state only: PRIMARY_PENDING → PRIMARY_PASS/CONFIRMATION_PENDING → CONFIRMED_READY, or cause-specific NOT_YET / DISCORDANT_NOT_YET / REASSESS_TECHNICAL / INSUFFICIENT_EVIDENCE / INVALID_FORM / DIAGNOSTIC_HOLD. Only CONFIRMED_READY initially closes readiness; BASELINE_MASTERY is progress reporting only.",NONE,"Even if P1 meets the eventual P10 target, final readiness requires fresh P10 PRIMARY + matched CONFIRMATION."
v0.25,RS14,Final-third stamina,P2,Finish a 100-word passage with reading quality close to the way it began.,Accuracy does not collapse and pace does not sharply slow or rush during the final third.,Compare final-third final_accuracy and WPM with first-third values; record error-rate increase in final third.,"Final accuracy within 10 pp, or clear improvement from baseline.",At P10: final-third accuracy within 2 percentage points of first third and final-third WPM no more than 15% below first third.,PROVISIONAL_PILOT,Use same-RS valid P10 evidence under the canonical readiness specification.,"Use readiness_state only: PRIMARY_PENDING → PRIMARY_PASS/CONFIRMATION_PENDING → CONFIRMED_READY, or cause-specific NOT_YET / DISCORDANT_NOT_YET / REASSESS_TECHNICAL / INSUFFICIENT_EVIDENCE / INVALID_FORM / DIAGNOSTIC_HOLD. Only CONFIRMED_READY initially closes readiness; BASELINE_MASTERY is progress reporting only.","CONFIRM-1.0: A single valid P10 pass never closes an RS. Each RS readiness cycle uses two fresh unseen equivalent P10 forms: PRIMARY then CONFIRMATION. No coaching, hints, scored-result disclosure, or targeted practice may occur between a passing PRIMARY and its CONFIRMATION. Both valid forms must satisfy the same RS P10 readiness rule. If PRIMARY fails, stop the cycle and remediate before a new cycle. If PRIMARY passes but CONFIRMATION fails, mark DISCORDANT_NOT_YET and remediate before a new cycle. Technical-invalid forms are REASSESS_TECHNICAL and do not count as valid attempts. All valid forms remain in the audit record; the system may never cherry-pick the best historical pass.","EQUIV-2.1: exact 100 COUNT-100 words; World 1 one-word display; same RS/P10, scoring version, threshold version/status, comprehension blueprint class and safety/accessibility gates; fresh unseen content; non-compensatory global + RS-specific matching; candidate must pass all tolerances embedded in the canonical v0.22 Markdown specification.","ATTEMPT-1.0: A readiness cycle is PRIMARY→CONFIRMATION. A valid failure ends that cycle. A new cycle may begin only after an intervening targeted learning block for that RS. After two consecutive failed/discordant valid cycles, set DIAGNOSTIC_HOLD and require at least two targeted non-readiness practice passages plus a documented diagnostic review before another readiness cycle. There is no unlimited back-to-back retry loop. Genuine later learning may reopen assessment after the required learning block.",PRIMARY_PENDING; PRIMARY_PASS; CONFIRMATION_PENDING; CONFIRMED_READY; NOT_YET; DISCORDANT_NOT_YET; REASSESS_TECHNICAL; INSUFFICIENT_EVIDENCE; INVALID_FORM; DIAGNOSTIC_HOLD; REVALIDATION_DUE; REVALIDATION_PENDING; CURRENT_REVALIDATED; NOT_YET_AFTER_REVALIDATION; VERSION_INVALIDATED. Only CONFIRMED_READY initially closes readiness.,EQUIV-2.1,SpeedReader_W1_BandA_Form_Equivalence_v0.22.csv,EQUIV-2.1,PROVISIONAL_STRUCTURAL,PROVISIONAL_STRUCTURAL → EMPIRICAL_REVIEW → PRODUCTION_APPROVED; SUSPENDED_RECALIBRATE on material change.,COMP-P10-1.0,,RECENCY-1.0,,,EVIDENCE-MIN-1.2,,COMP-COVERAGE-1.0,,,,,MIRROR_ONLY,SpeedReader_W1_BandA_Spec_v0.25.md,SpeedReader_W1_BandA_Spec_v0.25.md is sole normative source; v0.25 CSVs are mirrors only.,FORM-SUPPLY-1.0,PRE_GENERATED_QA_APPROVED_BANK,PROHIBITED,,,,STATE-SEP-1.0,Progress descriptors report P1/current trajectory only and cannot close readiness. BASELINE_MASTERY is allowed here.,"Use readiness_state only: PRIMARY_PENDING → PRIMARY_PASS/CONFIRMATION_PENDING → CONFIRMED_READY, or cause-specific NOT_YET / DISCORDANT_NOT_YET / REASSESS_TECHNICAL / INSUFFICIENT_EVIDENCE / INVALID_FORM / DIAGNOSTIC_HOLD. Only CONFIRMED_READY initially closes readiness; BASELINE_MASTERY is progress reporting only.",NONE,"Even if P1 meets the eventual P10 target, final readiness requires fresh P10 PRIMARY + matched CONFIRMATION."
v0.25,RS14,Final-third stamina,P3,Finish a 100-word passage with reading quality close to the way it began.,Accuracy does not collapse and pace does not sharply slow or rush during the final third.,Compare final-third final_accuracy and WPM with first-third values; record error-rate increase in final third.,Within 8 pp.,At P10: final-third accuracy within 2 percentage points of first third and final-third WPM no more than 15% below first third.,PROVISIONAL_PILOT,Use same-RS valid P10 evidence under the canonical readiness specification.,"Use readiness_state only: PRIMARY_PENDING → PRIMARY_PASS/CONFIRMATION_PENDING → CONFIRMED_READY, or cause-specific NOT_YET / DISCORDANT_NOT_YET / REASSESS_TECHNICAL / INSUFFICIENT_EVIDENCE / INVALID_FORM / DIAGNOSTIC_HOLD. Only CONFIRMED_READY initially closes readiness; BASELINE_MASTERY is progress reporting only.","CONFIRM-1.0: A single valid P10 pass never closes an RS. Each RS readiness cycle uses two fresh unseen equivalent P10 forms: PRIMARY then CONFIRMATION. No coaching, hints, scored-result disclosure, or targeted practice may occur between a passing PRIMARY and its CONFIRMATION. Both valid forms must satisfy the same RS P10 readiness rule. If PRIMARY fails, stop the cycle and remediate before a new cycle. If PRIMARY passes but CONFIRMATION fails, mark DISCORDANT_NOT_YET and remediate before a new cycle. Technical-invalid forms are REASSESS_TECHNICAL and do not count as valid attempts. All valid forms remain in the audit record; the system may never cherry-pick the best historical pass.","EQUIV-2.1: exact 100 COUNT-100 words; World 1 one-word display; same RS/P10, scoring version, threshold version/status, comprehension blueprint class and safety/accessibility gates; fresh unseen content; non-compensatory global + RS-specific matching; candidate must pass all tolerances embedded in the canonical v0.22 Markdown specification.","ATTEMPT-1.0: A readiness cycle is PRIMARY→CONFIRMATION. A valid failure ends that cycle. A new cycle may begin only after an intervening targeted learning block for that RS. After two consecutive failed/discordant valid cycles, set DIAGNOSTIC_HOLD and require at least two targeted non-readiness practice passages plus a documented diagnostic review before another readiness cycle. There is no unlimited back-to-back retry loop. Genuine later learning may reopen assessment after the required learning block.",PRIMARY_PENDING; PRIMARY_PASS; CONFIRMATION_PENDING; CONFIRMED_READY; NOT_YET; DISCORDANT_NOT_YET; REASSESS_TECHNICAL; INSUFFICIENT_EVIDENCE; INVALID_FORM; DIAGNOSTIC_HOLD; REVALIDATION_DUE; REVALIDATION_PENDING; CURRENT_REVALIDATED; NOT_YET_AFTER_REVALIDATION; VERSION_INVALIDATED. Only CONFIRMED_READY initially closes readiness.,EQUIV-2.1,SpeedReader_W1_BandA_Form_Equivalence_v0.22.csv,EQUIV-2.1,PROVISIONAL_STRUCTURAL,PROVISIONAL_STRUCTURAL → EMPIRICAL_REVIEW → PRODUCTION_APPROVED; SUSPENDED_RECALIBRATE on material change.,COMP-P10-1.0,,RECENCY-1.0,,,EVIDENCE-MIN-1.2,,COMP-COVERAGE-1.0,,,,,MIRROR_ONLY,SpeedReader_W1_BandA_Spec_v0.25.md,SpeedReader_W1_BandA_Spec_v0.25.md is sole normative source; v0.25 CSVs are mirrors only.,FORM-SUPPLY-1.0,PRE_GENERATED_QA_APPROVED_BANK,PROHIBITED,,,,STATE-SEP-1.0,Progress descriptors report P1/current trajectory only and cannot close readiness. BASELINE_MASTERY is allowed here.,"Use readiness_state only: PRIMARY_PENDING → PRIMARY_PASS/CONFIRMATION_PENDING → CONFIRMED_READY, or cause-specific NOT_YET / DISCORDANT_NOT_YET / REASSESS_TECHNICAL / INSUFFICIENT_EVIDENCE / INVALID_FORM / DIAGNOSTIC_HOLD. Only CONFIRMED_READY initially closes readiness; BASELINE_MASTERY is progress reporting only.",NONE,"Even if P1 meets the eventual P10 target, final readiness requires fresh P10 PRIMARY + matched CONFIRMATION."
v0.25,RS14,Final-third stamina,P4,Finish a 100-word passage with reading quality close to the way it began.,Accuracy does not collapse and pace does not sharply slow or rush during the final third.,Compare final-third final_accuracy and WPM with first-third values; record error-rate increase in final third.,Within 7 pp.,At P10: final-third accuracy within 2 percentage points of first third and final-third WPM no more than 15% below first third.,PROVISIONAL_PILOT,Use same-RS valid P10 evidence under the canonical readiness specification.,"Use readiness_state only: PRIMARY_PENDING → PRIMARY_PASS/CONFIRMATION_PENDING → CONFIRMED_READY, or cause-specific NOT_YET / DISCORDANT_NOT_YET / REASSESS_TECHNICAL / INSUFFICIENT_EVIDENCE / INVALID_FORM / DIAGNOSTIC_HOLD. Only CONFIRMED_READY initially closes readiness; BASELINE_MASTERY is progress reporting only.","CONFIRM-1.0: A single valid P10 pass never closes an RS. Each RS readiness cycle uses two fresh unseen equivalent P10 forms: PRIMARY then CONFIRMATION. No coaching, hints, scored-result disclosure, or targeted practice may occur between a passing PRIMARY and its CONFIRMATION. Both valid forms must satisfy the same RS P10 readiness rule. If PRIMARY fails, stop the cycle and remediate before a new cycle. If PRIMARY passes but CONFIRMATION fails, mark DISCORDANT_NOT_YET and remediate before a new cycle. Technical-invalid forms are REASSESS_TECHNICAL and do not count as valid attempts. All valid forms remain in the audit record; the system may never cherry-pick the best historical pass.","EQUIV-2.1: exact 100 COUNT-100 words; World 1 one-word display; same RS/P10, scoring version, threshold version/status, comprehension blueprint class and safety/accessibility gates; fresh unseen content; non-compensatory global + RS-specific matching; candidate must pass all tolerances embedded in the canonical v0.22 Markdown specification.","ATTEMPT-1.0: A readiness cycle is PRIMARY→CONFIRMATION. A valid failure ends that cycle. A new cycle may begin only after an intervening targeted learning block for that RS. After two consecutive failed/discordant valid cycles, set DIAGNOSTIC_HOLD and require at least two targeted non-readiness practice passages plus a documented diagnostic review before another readiness cycle. There is no unlimited back-to-back retry loop. Genuine later learning may reopen assessment after the required learning block.",PRIMARY_PENDING; PRIMARY_PASS; CONFIRMATION_PENDING; CONFIRMED_READY; NOT_YET; DISCORDANT_NOT_YET; REASSESS_TECHNICAL; INSUFFICIENT_EVIDENCE; INVALID_FORM; DIAGNOSTIC_HOLD; REVALIDATION_DUE; REVALIDATION_PENDING; CURRENT_REVALIDATED; NOT_YET_AFTER_REVALIDATION; VERSION_INVALIDATED. Only CONFIRMED_READY initially closes readiness.,EQUIV-2.1,SpeedReader_W1_BandA_Form_Equivalence_v0.22.csv,EQUIV-2.1,PROVISIONAL_STRUCTURAL,PROVISIONAL_STRUCTURAL → EMPIRICAL_REVIEW → PRODUCTION_APPROVED; SUSPENDED_RECALIBRATE on material change.,COMP-P10-1.0,,RECENCY-1.0,,,EVIDENCE-MIN-1.2,,COMP-COVERAGE-1.0,,,,,MIRROR_ONLY,SpeedReader_W1_BandA_Spec_v0.25.md,SpeedReader_W1_BandA_Spec_v0.25.md is sole normative source; v0.25 CSVs are mirrors only.,FORM-SUPPLY-1.0,PRE_GENERATED_QA_APPROVED_BANK,PROHIBITED,,,,STATE-SEP-1.0,Progress descriptors report P1/current trajectory only and cannot close readiness. BASELINE_MASTERY is allowed here.,"Use readiness_state only: PRIMARY_PENDING → PRIMARY_PASS/CONFIRMATION_PENDING → CONFIRMED_READY, or cause-specific NOT_YET / DISCORDANT_NOT_YET / REASSESS_TECHNICAL / INSUFFICIENT_EVIDENCE / INVALID_FORM / DIAGNOSTIC_HOLD. Only CONFIRMED_READY initially closes readiness; BASELINE_MASTERY is progress reporting only.",NONE,"Even if P1 meets the eventual P10 target, final readiness requires fresh P10 PRIMARY + matched CONFIRMATION."
v0.25,RS14,Final-third stamina,P5,Finish a 100-word passage with reading quality close to the way it began.,Accuracy does not collapse and pace does not sharply slow or rush during the final third.,Compare final-third final_accuracy and WPM with first-third values; record error-rate increase in final third.,Within 6 pp.,At P10: final-third accuracy within 2 percentage points of first third and final-third WPM no more than 15% below first third.,PROVISIONAL_PILOT,Use same-RS valid P10 evidence under the canonical readiness specification.,"Use readiness_state only: PRIMARY_PENDING → PRIMARY_PASS/CONFIRMATION_PENDING → CONFIRMED_READY, or cause-specific NOT_YET / DISCORDANT_NOT_YET / REASSESS_TECHNICAL / INSUFFICIENT_EVIDENCE / INVALID_FORM / DIAGNOSTIC_HOLD. Only CONFIRMED_READY initially closes readiness; BASELINE_MASTERY is progress reporting only.","CONFIRM-1.0: A single valid P10 pass never closes an RS. Each RS readiness cycle uses two fresh unseen equivalent P10 forms: PRIMARY then CONFIRMATION. No coaching, hints, scored-result disclosure, or targeted practice may occur between a passing PRIMARY and its CONFIRMATION. Both valid forms must satisfy the same RS P10 readiness rule. If PRIMARY fails, stop the cycle and remediate before a new cycle. If PRIMARY passes but CONFIRMATION fails, mark DISCORDANT_NOT_YET and remediate before a new cycle. Technical-invalid forms are REASSESS_TECHNICAL and do not count as valid attempts. All valid forms remain in the audit record; the system may never cherry-pick the best historical pass.","EQUIV-2.1: exact 100 COUNT-100 words; World 1 one-word display; same RS/P10, scoring version, threshold version/status, comprehension blueprint class and safety/accessibility gates; fresh unseen content; non-compensatory global + RS-specific matching; candidate must pass all tolerances embedded in the canonical v0.22 Markdown specification.","ATTEMPT-1.0: A readiness cycle is PRIMARY→CONFIRMATION. A valid failure ends that cycle. A new cycle may begin only after an intervening targeted learning block for that RS. After two consecutive failed/discordant valid cycles, set DIAGNOSTIC_HOLD and require at least two targeted non-readiness practice passages plus a documented diagnostic review before another readiness cycle. There is no unlimited back-to-back retry loop. Genuine later learning may reopen assessment after the required learning block.",PRIMARY_PENDING; PRIMARY_PASS; CONFIRMATION_PENDING; CONFIRMED_READY; NOT_YET; DISCORDANT_NOT_YET; REASSESS_TECHNICAL; INSUFFICIENT_EVIDENCE; INVALID_FORM; DIAGNOSTIC_HOLD; REVALIDATION_DUE; REVALIDATION_PENDING; CURRENT_REVALIDATED; NOT_YET_AFTER_REVALIDATION; VERSION_INVALIDATED. Only CONFIRMED_READY initially closes readiness.,EQUIV-2.1,SpeedReader_W1_BandA_Form_Equivalence_v0.22.csv,EQUIV-2.1,PROVISIONAL_STRUCTURAL,PROVISIONAL_STRUCTURAL → EMPIRICAL_REVIEW → PRODUCTION_APPROVED; SUSPENDED_RECALIBRATE on material change.,COMP-P10-1.0,,RECENCY-1.0,,,EVIDENCE-MIN-1.2,,COMP-COVERAGE-1.0,,,,,MIRROR_ONLY,SpeedReader_W1_BandA_Spec_v0.25.md,SpeedReader_W1_BandA_Spec_v0.25.md is sole normative source; v0.25 CSVs are mirrors only.,FORM-SUPPLY-1.0,PRE_GENERATED_QA_APPROVED_BANK,PROHIBITED,,,,STATE-SEP-1.0,Progress descriptors report P1/current trajectory only and cannot close readiness. BASELINE_MASTERY is allowed here.,"Use readiness_state only: PRIMARY_PENDING → PRIMARY_PASS/CONFIRMATION_PENDING → CONFIRMED_READY, or cause-specific NOT_YET / DISCORDANT_NOT_YET / REASSESS_TECHNICAL / INSUFFICIENT_EVIDENCE / INVALID_FORM / DIAGNOSTIC_HOLD. Only CONFIRMED_READY initially closes readiness; BASELINE_MASTERY is progress reporting only.",NONE,"Even if P1 meets the eventual P10 target, final readiness requires fresh P10 PRIMARY + matched CONFIRMATION."
v0.25,RS14,Final-third stamina,P6,Finish a 100-word passage with reading quality close to the way it began.,Accuracy does not collapse and pace does not sharply slow or rush during the final third.,Compare final-third final_accuracy and WPM with first-third values; record error-rate increase in final third.,Within 5 pp.,At P10: final-third accuracy within 2 percentage points of first third and final-third WPM no more than 15% below first third.,PROVISIONAL_PILOT,Use same-RS valid P10 evidence under the canonical readiness specification.,"Use readiness_state only: PRIMARY_PENDING → PRIMARY_PASS/CONFIRMATION_PENDING → CONFIRMED_READY, or cause-specific NOT_YET / DISCORDANT_NOT_YET / REASSESS_TECHNICAL / INSUFFICIENT_EVIDENCE / INVALID_FORM / DIAGNOSTIC_HOLD. Only CONFIRMED_READY initially closes readiness; BASELINE_MASTERY is progress reporting only.","CONFIRM-1.0: A single valid P10 pass never closes an RS. Each RS readiness cycle uses two fresh unseen equivalent P10 forms: PRIMARY then CONFIRMATION. No coaching, hints, scored-result disclosure, or targeted practice may occur between a passing PRIMARY and its CONFIRMATION. Both valid forms must satisfy the same RS P10 readiness rule. If PRIMARY fails, stop the cycle and remediate before a new cycle. If PRIMARY passes but CONFIRMATION fails, mark DISCORDANT_NOT_YET and remediate before a new cycle. Technical-invalid forms are REASSESS_TECHNICAL and do not count as valid attempts. All valid forms remain in the audit record; the system may never cherry-pick the best historical pass.","EQUIV-2.1: exact 100 COUNT-100 words; World 1 one-word display; same RS/P10, scoring version, threshold version/status, comprehension blueprint class and safety/accessibility gates; fresh unseen content; non-compensatory global + RS-specific matching; candidate must pass all tolerances embedded in the canonical v0.22 Markdown specification.","ATTEMPT-1.0: A readiness cycle is PRIMARY→CONFIRMATION. A valid failure ends that cycle. A new cycle may begin only after an intervening targeted learning block for that RS. After two consecutive failed/discordant valid cycles, set DIAGNOSTIC_HOLD and require at least two targeted non-readiness practice passages plus a documented diagnostic review before another readiness cycle. There is no unlimited back-to-back retry loop. Genuine later learning may reopen assessment after the required learning block.",PRIMARY_PENDING; PRIMARY_PASS; CONFIRMATION_PENDING; CONFIRMED_READY; NOT_YET; DISCORDANT_NOT_YET; REASSESS_TECHNICAL; INSUFFICIENT_EVIDENCE; INVALID_FORM; DIAGNOSTIC_HOLD; REVALIDATION_DUE; REVALIDATION_PENDING; CURRENT_REVALIDATED; NOT_YET_AFTER_REVALIDATION; VERSION_INVALIDATED. Only CONFIRMED_READY initially closes readiness.,EQUIV-2.1,SpeedReader_W1_BandA_Form_Equivalence_v0.22.csv,EQUIV-2.1,PROVISIONAL_STRUCTURAL,PROVISIONAL_STRUCTURAL → EMPIRICAL_REVIEW → PRODUCTION_APPROVED; SUSPENDED_RECALIBRATE on material change.,COMP-P10-1.0,,RECENCY-1.0,,,EVIDENCE-MIN-1.2,,COMP-COVERAGE-1.0,,,,,MIRROR_ONLY,SpeedReader_W1_BandA_Spec_v0.25.md,SpeedReader_W1_BandA_Spec_v0.25.md is sole normative source; v0.25 CSVs are mirrors only.,FORM-SUPPLY-1.0,PRE_GENERATED_QA_APPROVED_BANK,PROHIBITED,,,,STATE-SEP-1.0,Progress descriptors report P1/current trajectory only and cannot close readiness. BASELINE_MASTERY is allowed here.,"Use readiness_state only: PRIMARY_PENDING → PRIMARY_PASS/CONFIRMATION_PENDING → CONFIRMED_READY, or cause-specific NOT_YET / DISCORDANT_NOT_YET / REASSESS_TECHNICAL / INSUFFICIENT_EVIDENCE / INVALID_FORM / DIAGNOSTIC_HOLD. Only CONFIRMED_READY initially closes readiness; BASELINE_MASTERY is progress reporting only.",NONE,"Even if P1 meets the eventual P10 target, final readiness requires fresh P10 PRIMARY + matched CONFIRMATION."
v0.25,RS14,Final-third stamina,P7,Finish a 100-word passage with reading quality close to the way it began.,Accuracy does not collapse and pace does not sharply slow or rush during the final third.,Compare final-third final_accuracy and WPM with first-third values; record error-rate increase in final third.,Within 4 pp; final WPM no more than 25% lower.,At P10: final-third accuracy within 2 percentage points of first third and final-third WPM no more than 15% below first third.,PROVISIONAL_PILOT,Use same-RS valid P10 evidence under the canonical readiness specification.,"Use readiness_state only: PRIMARY_PENDING → PRIMARY_PASS/CONFIRMATION_PENDING → CONFIRMED_READY, or cause-specific NOT_YET / DISCORDANT_NOT_YET / REASSESS_TECHNICAL / INSUFFICIENT_EVIDENCE / INVALID_FORM / DIAGNOSTIC_HOLD. Only CONFIRMED_READY initially closes readiness; BASELINE_MASTERY is progress reporting only.","CONFIRM-1.0: A single valid P10 pass never closes an RS. Each RS readiness cycle uses two fresh unseen equivalent P10 forms: PRIMARY then CONFIRMATION. No coaching, hints, scored-result disclosure, or targeted practice may occur between a passing PRIMARY and its CONFIRMATION. Both valid forms must satisfy the same RS P10 readiness rule. If PRIMARY fails, stop the cycle and remediate before a new cycle. If PRIMARY passes but CONFIRMATION fails, mark DISCORDANT_NOT_YET and remediate before a new cycle. Technical-invalid forms are REASSESS_TECHNICAL and do not count as valid attempts. All valid forms remain in the audit record; the system may never cherry-pick the best historical pass.","EQUIV-2.1: exact 100 COUNT-100 words; World 1 one-word display; same RS/P10, scoring version, threshold version/status, comprehension blueprint class and safety/accessibility gates; fresh unseen content; non-compensatory global + RS-specific matching; candidate must pass all tolerances embedded in the canonical v0.22 Markdown specification.","ATTEMPT-1.0: A readiness cycle is PRIMARY→CONFIRMATION. A valid failure ends that cycle. A new cycle may begin only after an intervening targeted learning block for that RS. After two consecutive failed/discordant valid cycles, set DIAGNOSTIC_HOLD and require at least two targeted non-readiness practice passages plus a documented diagnostic review before another readiness cycle. There is no unlimited back-to-back retry loop. Genuine later learning may reopen assessment after the required learning block.",PRIMARY_PENDING; PRIMARY_PASS; CONFIRMATION_PENDING; CONFIRMED_READY; NOT_YET; DISCORDANT_NOT_YET; REASSESS_TECHNICAL; INSUFFICIENT_EVIDENCE; INVALID_FORM; DIAGNOSTIC_HOLD; REVALIDATION_DUE; REVALIDATION_PENDING; CURRENT_REVALIDATED; NOT_YET_AFTER_REVALIDATION; VERSION_INVALIDATED. Only CONFIRMED_READY initially closes readiness.,EQUIV-2.1,SpeedReader_W1_BandA_Form_Equivalence_v0.22.csv,EQUIV-2.1,PROVISIONAL_STRUCTURAL,PROVISIONAL_STRUCTURAL → EMPIRICAL_REVIEW → PRODUCTION_APPROVED; SUSPENDED_RECALIBRATE on material change.,COMP-P10-1.0,,RECENCY-1.0,,,EVIDENCE-MIN-1.2,,COMP-COVERAGE-1.0,,,,,MIRROR_ONLY,SpeedReader_W1_BandA_Spec_v0.25.md,SpeedReader_W1_BandA_Spec_v0.25.md is sole normative source; v0.25 CSVs are mirrors only.,FORM-SUPPLY-1.0,PRE_GENERATED_QA_APPROVED_BANK,PROHIBITED,,,,STATE-SEP-1.0,Progress descriptors report P1/current trajectory only and cannot close readiness. BASELINE_MASTERY is allowed here.,"Use readiness_state only: PRIMARY_PENDING → PRIMARY_PASS/CONFIRMATION_PENDING → CONFIRMED_READY, or cause-specific NOT_YET / DISCORDANT_NOT_YET / REASSESS_TECHNICAL / INSUFFICIENT_EVIDENCE / INVALID_FORM / DIAGNOSTIC_HOLD. Only CONFIRMED_READY initially closes readiness; BASELINE_MASTERY is progress reporting only.",NONE,"Even if P1 meets the eventual P10 target, final readiness requires fresh P10 PRIMARY + matched CONFIRMATION."
v0.25,RS14,Final-third stamina,P8,Finish a 100-word passage with reading quality close to the way it began.,Accuracy does not collapse and pace does not sharply slow or rush during the final third.,Compare final-third final_accuracy and WPM with first-third values; record error-rate increase in final third.,Within 3 pp; final WPM no more than 22% lower.,At P10: final-third accuracy within 2 percentage points of first third and final-third WPM no more than 15% below first third.,PROVISIONAL_PILOT,Use same-RS valid P10 evidence under the canonical readiness specification.,"Use readiness_state only: PRIMARY_PENDING → PRIMARY_PASS/CONFIRMATION_PENDING → CONFIRMED_READY, or cause-specific NOT_YET / DISCORDANT_NOT_YET / REASSESS_TECHNICAL / INSUFFICIENT_EVIDENCE / INVALID_FORM / DIAGNOSTIC_HOLD. Only CONFIRMED_READY initially closes readiness; BASELINE_MASTERY is progress reporting only.","CONFIRM-1.0: A single valid P10 pass never closes an RS. Each RS readiness cycle uses two fresh unseen equivalent P10 forms: PRIMARY then CONFIRMATION. No coaching, hints, scored-result disclosure, or targeted practice may occur between a passing PRIMARY and its CONFIRMATION. Both valid forms must satisfy the same RS P10 readiness rule. If PRIMARY fails, stop the cycle and remediate before a new cycle. If PRIMARY passes but CONFIRMATION fails, mark DISCORDANT_NOT_YET and remediate before a new cycle. Technical-invalid forms are REASSESS_TECHNICAL and do not count as valid attempts. All valid forms remain in the audit record; the system may never cherry-pick the best historical pass.","EQUIV-2.1: exact 100 COUNT-100 words; World 1 one-word display; same RS/P10, scoring version, threshold version/status, comprehension blueprint class and safety/accessibility gates; fresh unseen content; non-compensatory global + RS-specific matching; candidate must pass all tolerances embedded in the canonical v0.22 Markdown specification.","ATTEMPT-1.0: A readiness cycle is PRIMARY→CONFIRMATION. A valid failure ends that cycle. A new cycle may begin only after an intervening targeted learning block for that RS. After two consecutive failed/discordant valid cycles, set DIAGNOSTIC_HOLD and require at least two targeted non-readiness practice passages plus a documented diagnostic review before another readiness cycle. There is no unlimited back-to-back retry loop. Genuine later learning may reopen assessment after the required learning block.",PRIMARY_PENDING; PRIMARY_PASS; CONFIRMATION_PENDING; CONFIRMED_READY; NOT_YET; DISCORDANT_NOT_YET; REASSESS_TECHNICAL; INSUFFICIENT_EVIDENCE; INVALID_FORM; DIAGNOSTIC_HOLD; REVALIDATION_DUE; REVALIDATION_PENDING; CURRENT_REVALIDATED; NOT_YET_AFTER_REVALIDATION; VERSION_INVALIDATED. Only CONFIRMED_READY initially closes readiness.,EQUIV-2.1,SpeedReader_W1_BandA_Form_Equivalence_v0.22.csv,EQUIV-2.1,PROVISIONAL_STRUCTURAL,PROVISIONAL_STRUCTURAL → EMPIRICAL_REVIEW → PRODUCTION_APPROVED; SUSPENDED_RECALIBRATE on material change.,COMP-P10-1.0,,RECENCY-1.0,,,EVIDENCE-MIN-1.2,,COMP-COVERAGE-1.0,,,,,MIRROR_ONLY,SpeedReader_W1_BandA_Spec_v0.25.md,SpeedReader_W1_BandA_Spec_v0.25.md is sole normative source; v0.25 CSVs are mirrors only.,FORM-SUPPLY-1.0,PRE_GENERATED_QA_APPROVED_BANK,PROHIBITED,,,,STATE-SEP-1.0,Progress descriptors report P1/current trajectory only and cannot close readiness. BASELINE_MASTERY is allowed here.,"Use readiness_state only: PRIMARY_PENDING → PRIMARY_PASS/CONFIRMATION_PENDING → CONFIRMED_READY, or cause-specific NOT_YET / DISCORDANT_NOT_YET / REASSESS_TECHNICAL / INSUFFICIENT_EVIDENCE / INVALID_FORM / DIAGNOSTIC_HOLD. Only CONFIRMED_READY initially closes readiness; BASELINE_MASTERY is progress reporting only.",NONE,"Even if P1 meets the eventual P10 target, final readiness requires fresh P10 PRIMARY + matched CONFIRMATION."
v0.25,RS14,Final-third stamina,P9,Finish a 100-word passage with reading quality close to the way it began.,Accuracy does not collapse and pace does not sharply slow or rush during the final third.,Compare final-third final_accuracy and WPM with first-third values; record error-rate increase in final third.,Within 3 pp; final WPM no more than 18% lower.,At P10: final-third accuracy within 2 percentage points of first third and final-third WPM no more than 15% below first third.,PROVISIONAL_PILOT,Use same-RS valid P10 evidence under the canonical readiness specification.,"Use readiness_state only: PRIMARY_PENDING → PRIMARY_PASS/CONFIRMATION_PENDING → CONFIRMED_READY, or cause-specific NOT_YET / DISCORDANT_NOT_YET / REASSESS_TECHNICAL / INSUFFICIENT_EVIDENCE / INVALID_FORM / DIAGNOSTIC_HOLD. Only CONFIRMED_READY initially closes readiness; BASELINE_MASTERY is progress reporting only.","CONFIRM-1.0: A single valid P10 pass never closes an RS. Each RS readiness cycle uses two fresh unseen equivalent P10 forms: PRIMARY then CONFIRMATION. No coaching, hints, scored-result disclosure, or targeted practice may occur between a passing PRIMARY and its CONFIRMATION. Both valid forms must satisfy the same RS P10 readiness rule. If PRIMARY fails, stop the cycle and remediate before a new cycle. If PRIMARY passes but CONFIRMATION fails, mark DISCORDANT_NOT_YET and remediate before a new cycle. Technical-invalid forms are REASSESS_TECHNICAL and do not count as valid attempts. All valid forms remain in the audit record; the system may never cherry-pick the best historical pass.","EQUIV-2.1: exact 100 COUNT-100 words; World 1 one-word display; same RS/P10, scoring version, threshold version/status, comprehension blueprint class and safety/accessibility gates; fresh unseen content; non-compensatory global + RS-specific matching; candidate must pass all tolerances embedded in the canonical v0.22 Markdown specification.","ATTEMPT-1.0: A readiness cycle is PRIMARY→CONFIRMATION. A valid failure ends that cycle. A new cycle may begin only after an intervening targeted learning block for that RS. After two consecutive failed/discordant valid cycles, set DIAGNOSTIC_HOLD and require at least two targeted non-readiness practice passages plus a documented diagnostic review before another readiness cycle. There is no unlimited back-to-back retry loop. Genuine later learning may reopen assessment after the required learning block.",PRIMARY_PENDING; PRIMARY_PASS; CONFIRMATION_PENDING; CONFIRMED_READY; NOT_YET; DISCORDANT_NOT_YET; REASSESS_TECHNICAL; INSUFFICIENT_EVIDENCE; INVALID_FORM; DIAGNOSTIC_HOLD; REVALIDATION_DUE; REVALIDATION_PENDING; CURRENT_REVALIDATED; NOT_YET_AFTER_REVALIDATION; VERSION_INVALIDATED. Only CONFIRMED_READY initially closes readiness.,EQUIV-2.1,SpeedReader_W1_BandA_Form_Equivalence_v0.22.csv,EQUIV-2.1,PROVISIONAL_STRUCTURAL,PROVISIONAL_STRUCTURAL → EMPIRICAL_REVIEW → PRODUCTION_APPROVED; SUSPENDED_RECALIBRATE on material change.,COMP-P10-1.0,,RECENCY-1.0,,,EVIDENCE-MIN-1.2,,COMP-COVERAGE-1.0,,,,,MIRROR_ONLY,SpeedReader_W1_BandA_Spec_v0.25.md,SpeedReader_W1_BandA_Spec_v0.25.md is sole normative source; v0.25 CSVs are mirrors only.,FORM-SUPPLY-1.0,PRE_GENERATED_QA_APPROVED_BANK,PROHIBITED,,,,STATE-SEP-1.0,Progress descriptors report P1/current trajectory only and cannot close readiness. BASELINE_MASTERY is allowed here.,"Use readiness_state only: PRIMARY_PENDING → PRIMARY_PASS/CONFIRMATION_PENDING → CONFIRMED_READY, or cause-specific NOT_YET / DISCORDANT_NOT_YET / REASSESS_TECHNICAL / INSUFFICIENT_EVIDENCE / INVALID_FORM / DIAGNOSTIC_HOLD. Only CONFIRMED_READY initially closes readiness; BASELINE_MASTERY is progress reporting only.",NONE,"Even if P1 meets the eventual P10 target, final readiness requires fresh P10 PRIMARY + matched CONFIRMATION."
v0.25,RS14,Final-third stamina,P10,Finish a 100-word passage with reading quality close to the way it began.,Accuracy does not collapse and pace does not sharply slow or rush during the final third.,Compare final-third final_accuracy and WPM with first-third values; record error-rate increase in final third.,Within 2 pp; final WPM no more than 15% lower.,At P10: final-third accuracy within 2 percentage points of first third and final-third WPM no more than 15% below first third.,PROVISIONAL_PILOT,Use same-RS valid P10 evidence under the canonical readiness specification.,"Use readiness_state only: PRIMARY_PENDING → PRIMARY_PASS/CONFIRMATION_PENDING → CONFIRMED_READY, or cause-specific NOT_YET / DISCORDANT_NOT_YET / REASSESS_TECHNICAL / INSUFFICIENT_EVIDENCE / INVALID_FORM / DIAGNOSTIC_HOLD. Only CONFIRMED_READY initially closes readiness; BASELINE_MASTERY is progress reporting only.","CONFIRM-1.0: A single valid P10 pass never closes an RS. Each RS readiness cycle uses two fresh unseen equivalent P10 forms: PRIMARY then CONFIRMATION. No coaching, hints, scored-result disclosure, or targeted practice may occur between a passing PRIMARY and its CONFIRMATION. Both valid forms must satisfy the same RS P10 readiness rule. If PRIMARY fails, stop the cycle and remediate before a new cycle. If PRIMARY passes but CONFIRMATION fails, mark DISCORDANT_NOT_YET and remediate before a new cycle. Technical-invalid forms are REASSESS_TECHNICAL and do not count as valid attempts. All valid forms remain in the audit record; the system may never cherry-pick the best historical pass.","EQUIV-2.1: exact 100 COUNT-100 words; World 1 one-word display; same RS/P10, scoring version, threshold version/status, comprehension blueprint class and safety/accessibility gates; fresh unseen content; non-compensatory global + RS-specific matching; candidate must pass all tolerances embedded in the canonical v0.22 Markdown specification.","ATTEMPT-1.0: A readiness cycle is PRIMARY→CONFIRMATION. A valid failure ends that cycle. A new cycle may begin only after an intervening targeted learning block for that RS. After two consecutive failed/discordant valid cycles, set DIAGNOSTIC_HOLD and require at least two targeted non-readiness practice passages plus a documented diagnostic review before another readiness cycle. There is no unlimited back-to-back retry loop. Genuine later learning may reopen assessment after the required learning block.",PRIMARY_PENDING; PRIMARY_PASS; CONFIRMATION_PENDING; CONFIRMED_READY; NOT_YET; DISCORDANT_NOT_YET; REASSESS_TECHNICAL; INSUFFICIENT_EVIDENCE; INVALID_FORM; DIAGNOSTIC_HOLD; REVALIDATION_DUE; REVALIDATION_PENDING; CURRENT_REVALIDATED; NOT_YET_AFTER_REVALIDATION; VERSION_INVALIDATED. Only CONFIRMED_READY initially closes readiness.,EQUIV-2.1,SpeedReader_W1_BandA_Form_Equivalence_v0.22.csv,EQUIV-2.1,PROVISIONAL_STRUCTURAL,PROVISIONAL_STRUCTURAL → EMPIRICAL_REVIEW → PRODUCTION_APPROVED; SUSPENDED_RECALIBRATE on material change.,COMP-P10-1.0,"First-attempt independent mastery = at least 3/4 correct AND the designated primary-skill item correct, before any hint, targeted reread, answer feedback, narrowing, worked example, or remediation. Comprehension readiness requires two independent first-attempt passes on fresh matched forms: COMP_PRIMARY_PASS then COMP_CONFIRMATION_PASS. No targeted comprehension coaching, hinting, answer explanation, or missed-item disclosure occurs between a passing PRIMARY and its CONFIRMATION. Both forms use the same P10 blueprint class but fresh passage evidence and fresh question wording. Only COMPREHENSION_CONFIRMED contributes to Band-A readiness.",RECENCY-1.0,Readiness evidence remains CURRENT until the first of: >56 calendar days since the latest passing same-RS confirmation/revalidation; >16 subsequent valid Band-A assessment/remediation sessions; or >28 consecutive calendar days with no SpeedReader learning session. Material scoring/threshold-version changes invalidate evidence immediately rather than merely making it stale. These numeric limits are PROVISIONAL_PILOT and require later calibration.,"When evidence is REVALIDATION_DUE only because of recency/inactivity, use one fresh unseen EQUIV-2.1 same-RS P10 revalidation form. Score oral and comprehension streams independently before any targeted feedback. A passing stream renews only that stream's freshness anchor. A valid failing stream becomes NOT_YET and requires targeted remediation followed by a new full PRIMARY→CONFIRMATION cycle for that stream. Technical invalidity does not count as failure and does not reset freshness until valid evidence is obtained.",EVIDENCE-MIN-1.2,At least 90 assessable words total; first and final thirds each require at least 28 assessable words.,COMP-COVERAGE-1.0,Q1 D8: Vocabulary-in-context | Q2 D1: Direct recall | Q3 D7: Simple inference | Q4 D4: Prediction,,,,MIRROR_ONLY,SpeedReader_W1_BandA_Spec_v0.25.md,SpeedReader_W1_BandA_Spec_v0.25.md is sole normative source; v0.25 CSVs are mirrors only.,FORM-SUPPLY-1.0,PRE_GENERATED_QA_APPROVED_BANK,PROHIBITED,,,,STATE-SEP-1.0,Progress descriptors report P1/current trajectory only and cannot close readiness. BASELINE_MASTERY is allowed here.,"Use readiness_state only: PRIMARY_PENDING → PRIMARY_PASS/CONFIRMATION_PENDING → CONFIRMED_READY, or cause-specific NOT_YET / DISCORDANT_NOT_YET / REASSESS_TECHNICAL / INSUFFICIENT_EVIDENCE / INVALID_FORM / DIAGNOSTIC_HOLD. Only CONFIRMED_READY initially closes readiness; BASELINE_MASTERY is progress reporting only.",NONE,"Even if P1 meets the eventual P10 target, final readiness requires fresh P10 PRIMARY + matched CONFIRMATION."
v0.25,RS15,Integrated one-word fluency,P1,Combine core World 1 one-word behaviours across the whole 100-word passage.,"The learner reads accurately, keeps sequence, avoids excessive hesitation/restarts and maintains a stable finish without being pushed to read multiple words at once.","Integrated bundle: final_accuracy, sequence_errors, long_hesitations_2s, full_restarts and pace_spread. Comprehension remains a separate score.",Integrated baseline snapshot only.,"At P10: final_accuracy ≥95%, sequence_errors ≤2, long hesitations ≤4, full restarts ≤1 and pace_spread ≤0.25. This is 100-word-band integration, not World 1→World 2 graduation.",PROVISIONAL_PILOT,Use same-RS valid P10 evidence under the canonical readiness specification.,"Use readiness_state only: PRIMARY_PENDING → PRIMARY_PASS/CONFIRMATION_PENDING → CONFIRMED_READY, or cause-specific NOT_YET / DISCORDANT_NOT_YET / REASSESS_TECHNICAL / INSUFFICIENT_EVIDENCE / INVALID_FORM / DIAGNOSTIC_HOLD. Only CONFIRMED_READY initially closes readiness; BASELINE_MASTERY is progress reporting only.","CONFIRM-1.0: A single valid P10 pass never closes an RS. Each RS readiness cycle uses two fresh unseen equivalent P10 forms: PRIMARY then CONFIRMATION. No coaching, hints, scored-result disclosure, or targeted practice may occur between a passing PRIMARY and its CONFIRMATION. Both valid forms must satisfy the same RS P10 readiness rule. If PRIMARY fails, stop the cycle and remediate before a new cycle. If PRIMARY passes but CONFIRMATION fails, mark DISCORDANT_NOT_YET and remediate before a new cycle. Technical-invalid forms are REASSESS_TECHNICAL and do not count as valid attempts. All valid forms remain in the audit record; the system may never cherry-pick the best historical pass.","EQUIV-2.1: exact 100 COUNT-100 words; World 1 one-word display; same RS/P10, scoring version, threshold version/status, comprehension blueprint class and safety/accessibility gates; fresh unseen content; non-compensatory global + RS-specific matching; candidate must pass all tolerances embedded in the canonical v0.22 Markdown specification.","ATTEMPT-1.0: A readiness cycle is PRIMARY→CONFIRMATION. A valid failure ends that cycle. A new cycle may begin only after an intervening targeted learning block for that RS. After two consecutive failed/discordant valid cycles, set DIAGNOSTIC_HOLD and require at least two targeted non-readiness practice passages plus a documented diagnostic review before another readiness cycle. There is no unlimited back-to-back retry loop. Genuine later learning may reopen assessment after the required learning block.",PRIMARY_PENDING; PRIMARY_PASS; CONFIRMATION_PENDING; CONFIRMED_READY; NOT_YET; DISCORDANT_NOT_YET; REASSESS_TECHNICAL; INSUFFICIENT_EVIDENCE; INVALID_FORM; DIAGNOSTIC_HOLD; REVALIDATION_DUE; REVALIDATION_PENDING; CURRENT_REVALIDATED; NOT_YET_AFTER_REVALIDATION; VERSION_INVALIDATED. Only CONFIRMED_READY initially closes readiness.,EQUIV-2.1,SpeedReader_W1_BandA_Form_Equivalence_v0.22.csv,EQUIV-2.1,PROVISIONAL_STRUCTURAL,PROVISIONAL_STRUCTURAL → EMPIRICAL_REVIEW → PRODUCTION_APPROVED; SUSPENDED_RECALIBRATE on material change.,COMP-P10-1.0,,RECENCY-1.0,,,EVIDENCE-MIN-1.2,,COMP-COVERAGE-1.0,,,,,MIRROR_ONLY,SpeedReader_W1_BandA_Spec_v0.25.md,SpeedReader_W1_BandA_Spec_v0.25.md is sole normative source; v0.25 CSVs are mirrors only.,FORM-SUPPLY-1.0,PRE_GENERATED_QA_APPROVED_BANK,PROHIBITED,,,,STATE-SEP-1.0,Progress descriptors report P1/current trajectory only and cannot close readiness. BASELINE_MASTERY is allowed here.,"Use readiness_state only: PRIMARY_PENDING → PRIMARY_PASS/CONFIRMATION_PENDING → CONFIRMED_READY, or cause-specific NOT_YET / DISCORDANT_NOT_YET / REASSESS_TECHNICAL / INSUFFICIENT_EVIDENCE / INVALID_FORM / DIAGNOSTIC_HOLD. Only CONFIRMED_READY initially closes readiness; BASELINE_MASTERY is progress reporting only.",NONE,"Even if P1 meets the eventual P10 target, final readiness requires fresh P10 PRIMARY + matched CONFIRMATION."
v0.25,RS15,Integrated one-word fluency,P2,Combine core World 1 one-word behaviours across the whole 100-word passage.,"The learner reads accurately, keeps sequence, avoids excessive hesitation/restarts and maintains a stable finish without being pushed to read multiple words at once.","Integrated bundle: final_accuracy, sequence_errors, long_hesitations_2s, full_restarts and pace_spread. Comprehension remains a separate score.",Final accuracy ≥90%; sequence errors ≤7; restarts ≤5.,"At P10: final_accuracy ≥95%, sequence_errors ≤2, long hesitations ≤4, full restarts ≤1 and pace_spread ≤0.25. This is 100-word-band integration, not World 1→World 2 graduation.",PROVISIONAL_PILOT,Use same-RS valid P10 evidence under the canonical readiness specification.,"Use readiness_state only: PRIMARY_PENDING → PRIMARY_PASS/CONFIRMATION_PENDING → CONFIRMED_READY, or cause-specific NOT_YET / DISCORDANT_NOT_YET / REASSESS_TECHNICAL / INSUFFICIENT_EVIDENCE / INVALID_FORM / DIAGNOSTIC_HOLD. Only CONFIRMED_READY initially closes readiness; BASELINE_MASTERY is progress reporting only.","CONFIRM-1.0: A single valid P10 pass never closes an RS. Each RS readiness cycle uses two fresh unseen equivalent P10 forms: PRIMARY then CONFIRMATION. No coaching, hints, scored-result disclosure, or targeted practice may occur between a passing PRIMARY and its CONFIRMATION. Both valid forms must satisfy the same RS P10 readiness rule. If PRIMARY fails, stop the cycle and remediate before a new cycle. If PRIMARY passes but CONFIRMATION fails, mark DISCORDANT_NOT_YET and remediate before a new cycle. Technical-invalid forms are REASSESS_TECHNICAL and do not count as valid attempts. All valid forms remain in the audit record; the system may never cherry-pick the best historical pass.","EQUIV-2.1: exact 100 COUNT-100 words; World 1 one-word display; same RS/P10, scoring version, threshold version/status, comprehension blueprint class and safety/accessibility gates; fresh unseen content; non-compensatory global + RS-specific matching; candidate must pass all tolerances embedded in the canonical v0.22 Markdown specification.","ATTEMPT-1.0: A readiness cycle is PRIMARY→CONFIRMATION. A valid failure ends that cycle. A new cycle may begin only after an intervening targeted learning block for that RS. After two consecutive failed/discordant valid cycles, set DIAGNOSTIC_HOLD and require at least two targeted non-readiness practice passages plus a documented diagnostic review before another readiness cycle. There is no unlimited back-to-back retry loop. Genuine later learning may reopen assessment after the required learning block.",PRIMARY_PENDING; PRIMARY_PASS; CONFIRMATION_PENDING; CONFIRMED_READY; NOT_YET; DISCORDANT_NOT_YET; REASSESS_TECHNICAL; INSUFFICIENT_EVIDENCE; INVALID_FORM; DIAGNOSTIC_HOLD; REVALIDATION_DUE; REVALIDATION_PENDING; CURRENT_REVALIDATED; NOT_YET_AFTER_REVALIDATION; VERSION_INVALIDATED. Only CONFIRMED_READY initially closes readiness.,EQUIV-2.1,SpeedReader_W1_BandA_Form_Equivalence_v0.22.csv,EQUIV-2.1,PROVISIONAL_STRUCTURAL,PROVISIONAL_STRUCTURAL → EMPIRICAL_REVIEW → PRODUCTION_APPROVED; SUSPENDED_RECALIBRATE on material change.,COMP-P10-1.0,,RECENCY-1.0,,,EVIDENCE-MIN-1.2,,COMP-COVERAGE-1.0,,,,,MIRROR_ONLY,SpeedReader_W1_BandA_Spec_v0.25.md,SpeedReader_W1_BandA_Spec_v0.25.md is sole normative source; v0.25 CSVs are mirrors only.,FORM-SUPPLY-1.0,PRE_GENERATED_QA_APPROVED_BANK,PROHIBITED,,,,STATE-SEP-1.0,Progress descriptors report P1/current trajectory only and cannot close readiness. BASELINE_MASTERY is allowed here.,"Use readiness_state only: PRIMARY_PENDING → PRIMARY_PASS/CONFIRMATION_PENDING → CONFIRMED_READY, or cause-specific NOT_YET / DISCORDANT_NOT_YET / REASSESS_TECHNICAL / INSUFFICIENT_EVIDENCE / INVALID_FORM / DIAGNOSTIC_HOLD. Only CONFIRMED_READY initially closes readiness; BASELINE_MASTERY is progress reporting only.",NONE,"Even if P1 meets the eventual P10 target, final readiness requires fresh P10 PRIMARY + matched CONFIRMATION."
v0.25,RS15,Integrated one-word fluency,P3,Combine core World 1 one-word behaviours across the whole 100-word passage.,"The learner reads accurately, keeps sequence, avoids excessive hesitation/restarts and maintains a stable finish without being pushed to read multiple words at once.","Integrated bundle: final_accuracy, sequence_errors, long_hesitations_2s, full_restarts and pace_spread. Comprehension remains a separate score.",≥91%; sequence errors ≤6; restarts ≤4.,"At P10: final_accuracy ≥95%, sequence_errors ≤2, long hesitations ≤4, full restarts ≤1 and pace_spread ≤0.25. This is 100-word-band integration, not World 1→World 2 graduation.",PROVISIONAL_PILOT,Use same-RS valid P10 evidence under the canonical readiness specification.,"Use readiness_state only: PRIMARY_PENDING → PRIMARY_PASS/CONFIRMATION_PENDING → CONFIRMED_READY, or cause-specific NOT_YET / DISCORDANT_NOT_YET / REASSESS_TECHNICAL / INSUFFICIENT_EVIDENCE / INVALID_FORM / DIAGNOSTIC_HOLD. Only CONFIRMED_READY initially closes readiness; BASELINE_MASTERY is progress reporting only.","CONFIRM-1.0: A single valid P10 pass never closes an RS. Each RS readiness cycle uses two fresh unseen equivalent P10 forms: PRIMARY then CONFIRMATION. No coaching, hints, scored-result disclosure, or targeted practice may occur between a passing PRIMARY and its CONFIRMATION. Both valid forms must satisfy the same RS P10 readiness rule. If PRIMARY fails, stop the cycle and remediate before a new cycle. If PRIMARY passes but CONFIRMATION fails, mark DISCORDANT_NOT_YET and remediate before a new cycle. Technical-invalid forms are REASSESS_TECHNICAL and do not count as valid attempts. All valid forms remain in the audit record; the system may never cherry-pick the best historical pass.","EQUIV-2.1: exact 100 COUNT-100 words; World 1 one-word display; same RS/P10, scoring version, threshold version/status, comprehension blueprint class and safety/accessibility gates; fresh unseen content; non-compensatory global + RS-specific matching; candidate must pass all tolerances embedded in the canonical v0.22 Markdown specification.","ATTEMPT-1.0: A readiness cycle is PRIMARY→CONFIRMATION. A valid failure ends that cycle. A new cycle may begin only after an intervening targeted learning block for that RS. After two consecutive failed/discordant valid cycles, set DIAGNOSTIC_HOLD and require at least two targeted non-readiness practice passages plus a documented diagnostic review before another readiness cycle. There is no unlimited back-to-back retry loop. Genuine later learning may reopen assessment after the required learning block.",PRIMARY_PENDING; PRIMARY_PASS; CONFIRMATION_PENDING; CONFIRMED_READY; NOT_YET; DISCORDANT_NOT_YET; REASSESS_TECHNICAL; INSUFFICIENT_EVIDENCE; INVALID_FORM; DIAGNOSTIC_HOLD; REVALIDATION_DUE; REVALIDATION_PENDING; CURRENT_REVALIDATED; NOT_YET_AFTER_REVALIDATION; VERSION_INVALIDATED. Only CONFIRMED_READY initially closes readiness.,EQUIV-2.1,SpeedReader_W1_BandA_Form_Equivalence_v0.22.csv,EQUIV-2.1,PROVISIONAL_STRUCTURAL,PROVISIONAL_STRUCTURAL → EMPIRICAL_REVIEW → PRODUCTION_APPROVED; SUSPENDED_RECALIBRATE on material change.,COMP-P10-1.0,,RECENCY-1.0,,,EVIDENCE-MIN-1.2,,COMP-COVERAGE-1.0,,,,,MIRROR_ONLY,SpeedReader_W1_BandA_Spec_v0.25.md,SpeedReader_W1_BandA_Spec_v0.25.md is sole normative source; v0.25 CSVs are mirrors only.,FORM-SUPPLY-1.0,PRE_GENERATED_QA_APPROVED_BANK,PROHIBITED,,,,STATE-SEP-1.0,Progress descriptors report P1/current trajectory only and cannot close readiness. BASELINE_MASTERY is allowed here.,"Use readiness_state only: PRIMARY_PENDING → PRIMARY_PASS/CONFIRMATION_PENDING → CONFIRMED_READY, or cause-specific NOT_YET / DISCORDANT_NOT_YET / REASSESS_TECHNICAL / INSUFFICIENT_EVIDENCE / INVALID_FORM / DIAGNOSTIC_HOLD. Only CONFIRMED_READY initially closes readiness; BASELINE_MASTERY is progress reporting only.",NONE,"Even if P1 meets the eventual P10 target, final readiness requires fresh P10 PRIMARY + matched CONFIRMATION."
v0.25,RS15,Integrated one-word fluency,P4,Combine core World 1 one-word behaviours across the whole 100-word passage.,"The learner reads accurately, keeps sequence, avoids excessive hesitation/restarts and maintains a stable finish without being pushed to read multiple words at once.","Integrated bundle: final_accuracy, sequence_errors, long_hesitations_2s, full_restarts and pace_spread. Comprehension remains a separate score.",≥92%; sequence errors ≤5; long hesitations ≤8.,"At P10: final_accuracy ≥95%, sequence_errors ≤2, long hesitations ≤4, full restarts ≤1 and pace_spread ≤0.25. This is 100-word-band integration, not World 1→World 2 graduation.",PROVISIONAL_PILOT,Use same-RS valid P10 evidence under the canonical readiness specification.,"Use readiness_state only: PRIMARY_PENDING → PRIMARY_PASS/CONFIRMATION_PENDING → CONFIRMED_READY, or cause-specific NOT_YET / DISCORDANT_NOT_YET / REASSESS_TECHNICAL / INSUFFICIENT_EVIDENCE / INVALID_FORM / DIAGNOSTIC_HOLD. Only CONFIRMED_READY initially closes readiness; BASELINE_MASTERY is progress reporting only.","CONFIRM-1.0: A single valid P10 pass never closes an RS. Each RS readiness cycle uses two fresh unseen equivalent P10 forms: PRIMARY then CONFIRMATION. No coaching, hints, scored-result disclosure, or targeted practice may occur between a passing PRIMARY and its CONFIRMATION. Both valid forms must satisfy the same RS P10 readiness rule. If PRIMARY fails, stop the cycle and remediate before a new cycle. If PRIMARY passes but CONFIRMATION fails, mark DISCORDANT_NOT_YET and remediate before a new cycle. Technical-invalid forms are REASSESS_TECHNICAL and do not count as valid attempts. All valid forms remain in the audit record; the system may never cherry-pick the best historical pass.","EQUIV-2.1: exact 100 COUNT-100 words; World 1 one-word display; same RS/P10, scoring version, threshold version/status, comprehension blueprint class and safety/accessibility gates; fresh unseen content; non-compensatory global + RS-specific matching; candidate must pass all tolerances embedded in the canonical v0.22 Markdown specification.","ATTEMPT-1.0: A readiness cycle is PRIMARY→CONFIRMATION. A valid failure ends that cycle. A new cycle may begin only after an intervening targeted learning block for that RS. After two consecutive failed/discordant valid cycles, set DIAGNOSTIC_HOLD and require at least two targeted non-readiness practice passages plus a documented diagnostic review before another readiness cycle. There is no unlimited back-to-back retry loop. Genuine later learning may reopen assessment after the required learning block.",PRIMARY_PENDING; PRIMARY_PASS; CONFIRMATION_PENDING; CONFIRMED_READY; NOT_YET; DISCORDANT_NOT_YET; REASSESS_TECHNICAL; INSUFFICIENT_EVIDENCE; INVALID_FORM; DIAGNOSTIC_HOLD; REVALIDATION_DUE; REVALIDATION_PENDING; CURRENT_REVALIDATED; NOT_YET_AFTER_REVALIDATION; VERSION_INVALIDATED. Only CONFIRMED_READY initially closes readiness.,EQUIV-2.1,SpeedReader_W1_BandA_Form_Equivalence_v0.22.csv,EQUIV-2.1,PROVISIONAL_STRUCTURAL,PROVISIONAL_STRUCTURAL → EMPIRICAL_REVIEW → PRODUCTION_APPROVED; SUSPENDED_RECALIBRATE on material change.,COMP-P10-1.0,,RECENCY-1.0,,,EVIDENCE-MIN-1.2,,COMP-COVERAGE-1.0,,,,,MIRROR_ONLY,SpeedReader_W1_BandA_Spec_v0.25.md,SpeedReader_W1_BandA_Spec_v0.25.md is sole normative source; v0.25 CSVs are mirrors only.,FORM-SUPPLY-1.0,PRE_GENERATED_QA_APPROVED_BANK,PROHIBITED,,,,STATE-SEP-1.0,Progress descriptors report P1/current trajectory only and cannot close readiness. BASELINE_MASTERY is allowed here.,"Use readiness_state only: PRIMARY_PENDING → PRIMARY_PASS/CONFIRMATION_PENDING → CONFIRMED_READY, or cause-specific NOT_YET / DISCORDANT_NOT_YET / REASSESS_TECHNICAL / INSUFFICIENT_EVIDENCE / INVALID_FORM / DIAGNOSTIC_HOLD. Only CONFIRMED_READY initially closes readiness; BASELINE_MASTERY is progress reporting only.",NONE,"Even if P1 meets the eventual P10 target, final readiness requires fresh P10 PRIMARY + matched CONFIRMATION."
v0.25,RS15,Integrated one-word fluency,P5,Combine core World 1 one-word behaviours across the whole 100-word passage.,"The learner reads accurately, keeps sequence, avoids excessive hesitation/restarts and maintains a stable finish without being pushed to read multiple words at once.","Integrated bundle: final_accuracy, sequence_errors, long_hesitations_2s, full_restarts and pace_spread. Comprehension remains a separate score.",≥92%; sequence errors ≤5; restarts ≤3; long hesitations ≤7.,"At P10: final_accuracy ≥95%, sequence_errors ≤2, long hesitations ≤4, full restarts ≤1 and pace_spread ≤0.25. This is 100-word-band integration, not World 1→World 2 graduation.",PROVISIONAL_PILOT,Use same-RS valid P10 evidence under the canonical readiness specification.,"Use readiness_state only: PRIMARY_PENDING → PRIMARY_PASS/CONFIRMATION_PENDING → CONFIRMED_READY, or cause-specific NOT_YET / DISCORDANT_NOT_YET / REASSESS_TECHNICAL / INSUFFICIENT_EVIDENCE / INVALID_FORM / DIAGNOSTIC_HOLD. Only CONFIRMED_READY initially closes readiness; BASELINE_MASTERY is progress reporting only.","CONFIRM-1.0: A single valid P10 pass never closes an RS. Each RS readiness cycle uses two fresh unseen equivalent P10 forms: PRIMARY then CONFIRMATION. No coaching, hints, scored-result disclosure, or targeted practice may occur between a passing PRIMARY and its CONFIRMATION. Both valid forms must satisfy the same RS P10 readiness rule. If PRIMARY fails, stop the cycle and remediate before a new cycle. If PRIMARY passes but CONFIRMATION fails, mark DISCORDANT_NOT_YET and remediate before a new cycle. Technical-invalid forms are REASSESS_TECHNICAL and do not count as valid attempts. All valid forms remain in the audit record; the system may never cherry-pick the best historical pass.","EQUIV-2.1: exact 100 COUNT-100 words; World 1 one-word display; same RS/P10, scoring version, threshold version/status, comprehension blueprint class and safety/accessibility gates; fresh unseen content; non-compensatory global + RS-specific matching; candidate must pass all tolerances embedded in the canonical v0.22 Markdown specification.","ATTEMPT-1.0: A readiness cycle is PRIMARY→CONFIRMATION. A valid failure ends that cycle. A new cycle may begin only after an intervening targeted learning block for that RS. After two consecutive failed/discordant valid cycles, set DIAGNOSTIC_HOLD and require at least two targeted non-readiness practice passages plus a documented diagnostic review before another readiness cycle. There is no unlimited back-to-back retry loop. Genuine later learning may reopen assessment after the required learning block.",PRIMARY_PENDING; PRIMARY_PASS; CONFIRMATION_PENDING; CONFIRMED_READY; NOT_YET; DISCORDANT_NOT_YET; REASSESS_TECHNICAL; INSUFFICIENT_EVIDENCE; INVALID_FORM; DIAGNOSTIC_HOLD; REVALIDATION_DUE; REVALIDATION_PENDING; CURRENT_REVALIDATED; NOT_YET_AFTER_REVALIDATION; VERSION_INVALIDATED. Only CONFIRMED_READY initially closes readiness.,EQUIV-2.1,SpeedReader_W1_BandA_Form_Equivalence_v0.22.csv,EQUIV-2.1,PROVISIONAL_STRUCTURAL,PROVISIONAL_STRUCTURAL → EMPIRICAL_REVIEW → PRODUCTION_APPROVED; SUSPENDED_RECALIBRATE on material change.,COMP-P10-1.0,,RECENCY-1.0,,,EVIDENCE-MIN-1.2,,COMP-COVERAGE-1.0,,,,,MIRROR_ONLY,SpeedReader_W1_BandA_Spec_v0.25.md,SpeedReader_W1_BandA_Spec_v0.25.md is sole normative source; v0.25 CSVs are mirrors only.,FORM-SUPPLY-1.0,PRE_GENERATED_QA_APPROVED_BANK,PROHIBITED,,,,STATE-SEP-1.0,Progress descriptors report P1/current trajectory only and cannot close readiness. BASELINE_MASTERY is allowed here.,"Use readiness_state only: PRIMARY_PENDING → PRIMARY_PASS/CONFIRMATION_PENDING → CONFIRMED_READY, or cause-specific NOT_YET / DISCORDANT_NOT_YET / REASSESS_TECHNICAL / INSUFFICIENT_EVIDENCE / INVALID_FORM / DIAGNOSTIC_HOLD. Only CONFIRMED_READY initially closes readiness; BASELINE_MASTERY is progress reporting only.",NONE,"Even if P1 meets the eventual P10 target, final readiness requires fresh P10 PRIMARY + matched CONFIRMATION."
v0.25,RS15,Integrated one-word fluency,P6,Combine core World 1 one-word behaviours across the whole 100-word passage.,"The learner reads accurately, keeps sequence, avoids excessive hesitation/restarts and maintains a stable finish without being pushed to read multiple words at once.","Integrated bundle: final_accuracy, sequence_errors, long_hesitations_2s, full_restarts and pace_spread. Comprehension remains a separate score.",≥93%; sequence errors ≤4; restarts ≤3; long hesitations ≤6.,"At P10: final_accuracy ≥95%, sequence_errors ≤2, long hesitations ≤4, full restarts ≤1 and pace_spread ≤0.25. This is 100-word-band integration, not World 1→World 2 graduation.",PROVISIONAL_PILOT,Use same-RS valid P10 evidence under the canonical readiness specification.,"Use readiness_state only: PRIMARY_PENDING → PRIMARY_PASS/CONFIRMATION_PENDING → CONFIRMED_READY, or cause-specific NOT_YET / DISCORDANT_NOT_YET / REASSESS_TECHNICAL / INSUFFICIENT_EVIDENCE / INVALID_FORM / DIAGNOSTIC_HOLD. Only CONFIRMED_READY initially closes readiness; BASELINE_MASTERY is progress reporting only.","CONFIRM-1.0: A single valid P10 pass never closes an RS. Each RS readiness cycle uses two fresh unseen equivalent P10 forms: PRIMARY then CONFIRMATION. No coaching, hints, scored-result disclosure, or targeted practice may occur between a passing PRIMARY and its CONFIRMATION. Both valid forms must satisfy the same RS P10 readiness rule. If PRIMARY fails, stop the cycle and remediate before a new cycle. If PRIMARY passes but CONFIRMATION fails, mark DISCORDANT_NOT_YET and remediate before a new cycle. Technical-invalid forms are REASSESS_TECHNICAL and do not count as valid attempts. All valid forms remain in the audit record; the system may never cherry-pick the best historical pass.","EQUIV-2.1: exact 100 COUNT-100 words; World 1 one-word display; same RS/P10, scoring version, threshold version/status, comprehension blueprint class and safety/accessibility gates; fresh unseen content; non-compensatory global + RS-specific matching; candidate must pass all tolerances embedded in the canonical v0.22 Markdown specification.","ATTEMPT-1.0: A readiness cycle is PRIMARY→CONFIRMATION. A valid failure ends that cycle. A new cycle may begin only after an intervening targeted learning block for that RS. After two consecutive failed/discordant valid cycles, set DIAGNOSTIC_HOLD and require at least two targeted non-readiness practice passages plus a documented diagnostic review before another readiness cycle. There is no unlimited back-to-back retry loop. Genuine later learning may reopen assessment after the required learning block.",PRIMARY_PENDING; PRIMARY_PASS; CONFIRMATION_PENDING; CONFIRMED_READY; NOT_YET; DISCORDANT_NOT_YET; REASSESS_TECHNICAL; INSUFFICIENT_EVIDENCE; INVALID_FORM; DIAGNOSTIC_HOLD; REVALIDATION_DUE; REVALIDATION_PENDING; CURRENT_REVALIDATED; NOT_YET_AFTER_REVALIDATION; VERSION_INVALIDATED. Only CONFIRMED_READY initially closes readiness.,EQUIV-2.1,SpeedReader_W1_BandA_Form_Equivalence_v0.22.csv,EQUIV-2.1,PROVISIONAL_STRUCTURAL,PROVISIONAL_STRUCTURAL → EMPIRICAL_REVIEW → PRODUCTION_APPROVED; SUSPENDED_RECALIBRATE on material change.,COMP-P10-1.0,,RECENCY-1.0,,,EVIDENCE-MIN-1.2,,COMP-COVERAGE-1.0,,,,,MIRROR_ONLY,SpeedReader_W1_BandA_Spec_v0.25.md,SpeedReader_W1_BandA_Spec_v0.25.md is sole normative source; v0.25 CSVs are mirrors only.,FORM-SUPPLY-1.0,PRE_GENERATED_QA_APPROVED_BANK,PROHIBITED,,,,STATE-SEP-1.0,Progress descriptors report P1/current trajectory only and cannot close readiness. BASELINE_MASTERY is allowed here.,"Use readiness_state only: PRIMARY_PENDING → PRIMARY_PASS/CONFIRMATION_PENDING → CONFIRMED_READY, or cause-specific NOT_YET / DISCORDANT_NOT_YET / REASSESS_TECHNICAL / INSUFFICIENT_EVIDENCE / INVALID_FORM / DIAGNOSTIC_HOLD. Only CONFIRMED_READY initially closes readiness; BASELINE_MASTERY is progress reporting only.",NONE,"Even if P1 meets the eventual P10 target, final readiness requires fresh P10 PRIMARY + matched CONFIRMATION."
v0.25,RS15,Integrated one-word fluency,P7,Combine core World 1 one-word behaviours across the whole 100-word passage.,"The learner reads accurately, keeps sequence, avoids excessive hesitation/restarts and maintains a stable finish without being pushed to read multiple words at once.","Integrated bundle: final_accuracy, sequence_errors, long_hesitations_2s, full_restarts and pace_spread. Comprehension remains a separate score.",≥94%; sequence errors ≤4; restarts ≤2; long hesitations ≤6.,"At P10: final_accuracy ≥95%, sequence_errors ≤2, long hesitations ≤4, full restarts ≤1 and pace_spread ≤0.25. This is 100-word-band integration, not World 1→World 2 graduation.",PROVISIONAL_PILOT,Use same-RS valid P10 evidence under the canonical readiness specification.,"Use readiness_state only: PRIMARY_PENDING → PRIMARY_PASS/CONFIRMATION_PENDING → CONFIRMED_READY, or cause-specific NOT_YET / DISCORDANT_NOT_YET / REASSESS_TECHNICAL / INSUFFICIENT_EVIDENCE / INVALID_FORM / DIAGNOSTIC_HOLD. Only CONFIRMED_READY initially closes readiness; BASELINE_MASTERY is progress reporting only.","CONFIRM-1.0: A single valid P10 pass never closes an RS. Each RS readiness cycle uses two fresh unseen equivalent P10 forms: PRIMARY then CONFIRMATION. No coaching, hints, scored-result disclosure, or targeted practice may occur between a passing PRIMARY and its CONFIRMATION. Both valid forms must satisfy the same RS P10 readiness rule. If PRIMARY fails, stop the cycle and remediate before a new cycle. If PRIMARY passes but CONFIRMATION fails, mark DISCORDANT_NOT_YET and remediate before a new cycle. Technical-invalid forms are REASSESS_TECHNICAL and do not count as valid attempts. All valid forms remain in the audit record; the system may never cherry-pick the best historical pass.","EQUIV-2.1: exact 100 COUNT-100 words; World 1 one-word display; same RS/P10, scoring version, threshold version/status, comprehension blueprint class and safety/accessibility gates; fresh unseen content; non-compensatory global + RS-specific matching; candidate must pass all tolerances embedded in the canonical v0.22 Markdown specification.","ATTEMPT-1.0: A readiness cycle is PRIMARY→CONFIRMATION. A valid failure ends that cycle. A new cycle may begin only after an intervening targeted learning block for that RS. After two consecutive failed/discordant valid cycles, set DIAGNOSTIC_HOLD and require at least two targeted non-readiness practice passages plus a documented diagnostic review before another readiness cycle. There is no unlimited back-to-back retry loop. Genuine later learning may reopen assessment after the required learning block.",PRIMARY_PENDING; PRIMARY_PASS; CONFIRMATION_PENDING; CONFIRMED_READY; NOT_YET; DISCORDANT_NOT_YET; REASSESS_TECHNICAL; INSUFFICIENT_EVIDENCE; INVALID_FORM; DIAGNOSTIC_HOLD; REVALIDATION_DUE; REVALIDATION_PENDING; CURRENT_REVALIDATED; NOT_YET_AFTER_REVALIDATION; VERSION_INVALIDATED. Only CONFIRMED_READY initially closes readiness.,EQUIV-2.1,SpeedReader_W1_BandA_Form_Equivalence_v0.22.csv,EQUIV-2.1,PROVISIONAL_STRUCTURAL,PROVISIONAL_STRUCTURAL → EMPIRICAL_REVIEW → PRODUCTION_APPROVED; SUSPENDED_RECALIBRATE on material change.,COMP-P10-1.0,,RECENCY-1.0,,,EVIDENCE-MIN-1.2,,COMP-COVERAGE-1.0,,,,,MIRROR_ONLY,SpeedReader_W1_BandA_Spec_v0.25.md,SpeedReader_W1_BandA_Spec_v0.25.md is sole normative source; v0.25 CSVs are mirrors only.,FORM-SUPPLY-1.0,PRE_GENERATED_QA_APPROVED_BANK,PROHIBITED,,,,STATE-SEP-1.0,Progress descriptors report P1/current trajectory only and cannot close readiness. BASELINE_MASTERY is allowed here.,"Use readiness_state only: PRIMARY_PENDING → PRIMARY_PASS/CONFIRMATION_PENDING → CONFIRMED_READY, or cause-specific NOT_YET / DISCORDANT_NOT_YET / REASSESS_TECHNICAL / INSUFFICIENT_EVIDENCE / INVALID_FORM / DIAGNOSTIC_HOLD. Only CONFIRMED_READY initially closes readiness; BASELINE_MASTERY is progress reporting only.",NONE,"Even if P1 meets the eventual P10 target, final readiness requires fresh P10 PRIMARY + matched CONFIRMATION."
v0.25,RS15,Integrated one-word fluency,P8,Combine core World 1 one-word behaviours across the whole 100-word passage.,"The learner reads accurately, keeps sequence, avoids excessive hesitation/restarts and maintains a stable finish without being pushed to read multiple words at once.","Integrated bundle: final_accuracy, sequence_errors, long_hesitations_2s, full_restarts and pace_spread. Comprehension remains a separate score.",≥94%; sequence errors ≤3; restarts ≤2; long hesitations ≤5.,"At P10: final_accuracy ≥95%, sequence_errors ≤2, long hesitations ≤4, full restarts ≤1 and pace_spread ≤0.25. This is 100-word-band integration, not World 1→World 2 graduation.",PROVISIONAL_PILOT,Use same-RS valid P10 evidence under the canonical readiness specification.,"Use readiness_state only: PRIMARY_PENDING → PRIMARY_PASS/CONFIRMATION_PENDING → CONFIRMED_READY, or cause-specific NOT_YET / DISCORDANT_NOT_YET / REASSESS_TECHNICAL / INSUFFICIENT_EVIDENCE / INVALID_FORM / DIAGNOSTIC_HOLD. Only CONFIRMED_READY initially closes readiness; BASELINE_MASTERY is progress reporting only.","CONFIRM-1.0: A single valid P10 pass never closes an RS. Each RS readiness cycle uses two fresh unseen equivalent P10 forms: PRIMARY then CONFIRMATION. No coaching, hints, scored-result disclosure, or targeted practice may occur between a passing PRIMARY and its CONFIRMATION. Both valid forms must satisfy the same RS P10 readiness rule. If PRIMARY fails, stop the cycle and remediate before a new cycle. If PRIMARY passes but CONFIRMATION fails, mark DISCORDANT_NOT_YET and remediate before a new cycle. Technical-invalid forms are REASSESS_TECHNICAL and do not count as valid attempts. All valid forms remain in the audit record; the system may never cherry-pick the best historical pass.","EQUIV-2.1: exact 100 COUNT-100 words; World 1 one-word display; same RS/P10, scoring version, threshold version/status, comprehension blueprint class and safety/accessibility gates; fresh unseen content; non-compensatory global + RS-specific matching; candidate must pass all tolerances embedded in the canonical v0.22 Markdown specification.","ATTEMPT-1.0: A readiness cycle is PRIMARY→CONFIRMATION. A valid failure ends that cycle. A new cycle may begin only after an intervening targeted learning block for that RS. After two consecutive failed/discordant valid cycles, set DIAGNOSTIC_HOLD and require at least two targeted non-readiness practice passages plus a documented diagnostic review before another readiness cycle. There is no unlimited back-to-back retry loop. Genuine later learning may reopen assessment after the required learning block.",PRIMARY_PENDING; PRIMARY_PASS; CONFIRMATION_PENDING; CONFIRMED_READY; NOT_YET; DISCORDANT_NOT_YET; REASSESS_TECHNICAL; INSUFFICIENT_EVIDENCE; INVALID_FORM; DIAGNOSTIC_HOLD; REVALIDATION_DUE; REVALIDATION_PENDING; CURRENT_REVALIDATED; NOT_YET_AFTER_REVALIDATION; VERSION_INVALIDATED. Only CONFIRMED_READY initially closes readiness.,EQUIV-2.1,SpeedReader_W1_BandA_Form_Equivalence_v0.22.csv,EQUIV-2.1,PROVISIONAL_STRUCTURAL,PROVISIONAL_STRUCTURAL → EMPIRICAL_REVIEW → PRODUCTION_APPROVED; SUSPENDED_RECALIBRATE on material change.,COMP-P10-1.0,,RECENCY-1.0,,,EVIDENCE-MIN-1.2,,COMP-COVERAGE-1.0,,,,,MIRROR_ONLY,SpeedReader_W1_BandA_Spec_v0.25.md,SpeedReader_W1_BandA_Spec_v0.25.md is sole normative source; v0.25 CSVs are mirrors only.,FORM-SUPPLY-1.0,PRE_GENERATED_QA_APPROVED_BANK,PROHIBITED,,,,STATE-SEP-1.0,Progress descriptors report P1/current trajectory only and cannot close readiness. BASELINE_MASTERY is allowed here.,"Use readiness_state only: PRIMARY_PENDING → PRIMARY_PASS/CONFIRMATION_PENDING → CONFIRMED_READY, or cause-specific NOT_YET / DISCORDANT_NOT_YET / REASSESS_TECHNICAL / INSUFFICIENT_EVIDENCE / INVALID_FORM / DIAGNOSTIC_HOLD. Only CONFIRMED_READY initially closes readiness; BASELINE_MASTERY is progress reporting only.",NONE,"Even if P1 meets the eventual P10 target, final readiness requires fresh P10 PRIMARY + matched CONFIRMATION."
v0.25,RS15,Integrated one-word fluency,P9,Combine core World 1 one-word behaviours across the whole 100-word passage.,"The learner reads accurately, keeps sequence, avoids excessive hesitation/restarts and maintains a stable finish without being pushed to read multiple words at once.","Integrated bundle: final_accuracy, sequence_errors, long_hesitations_2s, full_restarts and pace_spread. Comprehension remains a separate score.",≥95%; sequence errors ≤3; restarts ≤1; long hesitations ≤5; pace_spread ≤0.30.,"At P10: final_accuracy ≥95%, sequence_errors ≤2, long hesitations ≤4, full restarts ≤1 and pace_spread ≤0.25. This is 100-word-band integration, not World 1→World 2 graduation.",PROVISIONAL_PILOT,Use same-RS valid P10 evidence under the canonical readiness specification.,"Use readiness_state only: PRIMARY_PENDING → PRIMARY_PASS/CONFIRMATION_PENDING → CONFIRMED_READY, or cause-specific NOT_YET / DISCORDANT_NOT_YET / REASSESS_TECHNICAL / INSUFFICIENT_EVIDENCE / INVALID_FORM / DIAGNOSTIC_HOLD. Only CONFIRMED_READY initially closes readiness; BASELINE_MASTERY is progress reporting only.","CONFIRM-1.0: A single valid P10 pass never closes an RS. Each RS readiness cycle uses two fresh unseen equivalent P10 forms: PRIMARY then CONFIRMATION. No coaching, hints, scored-result disclosure, or targeted practice may occur between a passing PRIMARY and its CONFIRMATION. Both valid forms must satisfy the same RS P10 readiness rule. If PRIMARY fails, stop the cycle and remediate before a new cycle. If PRIMARY passes but CONFIRMATION fails, mark DISCORDANT_NOT_YET and remediate before a new cycle. Technical-invalid forms are REASSESS_TECHNICAL and do not count as valid attempts. All valid forms remain in the audit record; the system may never cherry-pick the best historical pass.","EQUIV-2.1: exact 100 COUNT-100 words; World 1 one-word display; same RS/P10, scoring version, threshold version/status, comprehension blueprint class and safety/accessibility gates; fresh unseen content; non-compensatory global + RS-specific matching; candidate must pass all tolerances embedded in the canonical v0.22 Markdown specification.","ATTEMPT-1.0: A readiness cycle is PRIMARY→CONFIRMATION. A valid failure ends that cycle. A new cycle may begin only after an intervening targeted learning block for that RS. After two consecutive failed/discordant valid cycles, set DIAGNOSTIC_HOLD and require at least two targeted non-readiness practice passages plus a documented diagnostic review before another readiness cycle. There is no unlimited back-to-back retry loop. Genuine later learning may reopen assessment after the required learning block.",PRIMARY_PENDING; PRIMARY_PASS; CONFIRMATION_PENDING; CONFIRMED_READY; NOT_YET; DISCORDANT_NOT_YET; REASSESS_TECHNICAL; INSUFFICIENT_EVIDENCE; INVALID_FORM; DIAGNOSTIC_HOLD; REVALIDATION_DUE; REVALIDATION_PENDING; CURRENT_REVALIDATED; NOT_YET_AFTER_REVALIDATION; VERSION_INVALIDATED. Only CONFIRMED_READY initially closes readiness.,EQUIV-2.1,SpeedReader_W1_BandA_Form_Equivalence_v0.22.csv,EQUIV-2.1,PROVISIONAL_STRUCTURAL,PROVISIONAL_STRUCTURAL → EMPIRICAL_REVIEW → PRODUCTION_APPROVED; SUSPENDED_RECALIBRATE on material change.,COMP-P10-1.0,,RECENCY-1.0,,,EVIDENCE-MIN-1.2,,COMP-COVERAGE-1.0,,,,,MIRROR_ONLY,SpeedReader_W1_BandA_Spec_v0.25.md,SpeedReader_W1_BandA_Spec_v0.25.md is sole normative source; v0.25 CSVs are mirrors only.,FORM-SUPPLY-1.0,PRE_GENERATED_QA_APPROVED_BANK,PROHIBITED,,,,STATE-SEP-1.0,Progress descriptors report P1/current trajectory only and cannot close readiness. BASELINE_MASTERY is allowed here.,"Use readiness_state only: PRIMARY_PENDING → PRIMARY_PASS/CONFIRMATION_PENDING → CONFIRMED_READY, or cause-specific NOT_YET / DISCORDANT_NOT_YET / REASSESS_TECHNICAL / INSUFFICIENT_EVIDENCE / INVALID_FORM / DIAGNOSTIC_HOLD. Only CONFIRMED_READY initially closes readiness; BASELINE_MASTERY is progress reporting only.",NONE,"Even if P1 meets the eventual P10 target, final readiness requires fresh P10 PRIMARY + matched CONFIRMATION."
v0.25,RS15,Integrated one-word fluency,P10,Combine core World 1 one-word behaviours across the whole 100-word passage.,"The learner reads accurately, keeps sequence, avoids excessive hesitation/restarts and maintains a stable finish without being pushed to read multiple words at once.","Integrated bundle: final_accuracy, sequence_errors, long_hesitations_2s, full_restarts and pace_spread. Comprehension remains a separate score.",≥95%; sequence errors ≤2; restarts ≤1; long hesitations ≤4; pace_spread ≤0.25.,"At P10: final_accuracy ≥95%, sequence_errors ≤2, long hesitations ≤4, full restarts ≤1 and pace_spread ≤0.25. This is 100-word-band integration, not World 1→World 2 graduation.",PROVISIONAL_PILOT,Use same-RS valid P10 evidence under the canonical readiness specification.,"Use readiness_state only: PRIMARY_PENDING → PRIMARY_PASS/CONFIRMATION_PENDING → CONFIRMED_READY, or cause-specific NOT_YET / DISCORDANT_NOT_YET / REASSESS_TECHNICAL / INSUFFICIENT_EVIDENCE / INVALID_FORM / DIAGNOSTIC_HOLD. Only CONFIRMED_READY initially closes readiness; BASELINE_MASTERY is progress reporting only.","CONFIRM-1.0: A single valid P10 pass never closes an RS. Each RS readiness cycle uses two fresh unseen equivalent P10 forms: PRIMARY then CONFIRMATION. No coaching, hints, scored-result disclosure, or targeted practice may occur between a passing PRIMARY and its CONFIRMATION. Both valid forms must satisfy the same RS P10 readiness rule. If PRIMARY fails, stop the cycle and remediate before a new cycle. If PRIMARY passes but CONFIRMATION fails, mark DISCORDANT_NOT_YET and remediate before a new cycle. Technical-invalid forms are REASSESS_TECHNICAL and do not count as valid attempts. All valid forms remain in the audit record; the system may never cherry-pick the best historical pass.","EQUIV-2.1: exact 100 COUNT-100 words; World 1 one-word display; same RS/P10, scoring version, threshold version/status, comprehension blueprint class and safety/accessibility gates; fresh unseen content; non-compensatory global + RS-specific matching; candidate must pass all tolerances embedded in the canonical v0.22 Markdown specification.","ATTEMPT-1.0: A readiness cycle is PRIMARY→CONFIRMATION. A valid failure ends that cycle. A new cycle may begin only after an intervening targeted learning block for that RS. After two consecutive failed/discordant valid cycles, set DIAGNOSTIC_HOLD and require at least two targeted non-readiness practice passages plus a documented diagnostic review before another readiness cycle. There is no unlimited back-to-back retry loop. Genuine later learning may reopen assessment after the required learning block.",PRIMARY_PENDING; PRIMARY_PASS; CONFIRMATION_PENDING; CONFIRMED_READY; NOT_YET; DISCORDANT_NOT_YET; REASSESS_TECHNICAL; INSUFFICIENT_EVIDENCE; INVALID_FORM; DIAGNOSTIC_HOLD; REVALIDATION_DUE; REVALIDATION_PENDING; CURRENT_REVALIDATED; NOT_YET_AFTER_REVALIDATION; VERSION_INVALIDATED. Only CONFIRMED_READY initially closes readiness.,EQUIV-2.1,SpeedReader_W1_BandA_Form_Equivalence_v0.22.csv,EQUIV-2.1,PROVISIONAL_STRUCTURAL,PROVISIONAL_STRUCTURAL → EMPIRICAL_REVIEW → PRODUCTION_APPROVED; SUSPENDED_RECALIBRATE on material change.,COMP-P10-1.0,"First-attempt independent mastery = at least 3/4 correct AND the designated primary-skill item correct, before any hint, targeted reread, answer feedback, narrowing, worked example, or remediation. Comprehension readiness requires two independent first-attempt passes on fresh matched forms: COMP_PRIMARY_PASS then COMP_CONFIRMATION_PASS. No targeted comprehension coaching, hinting, answer explanation, or missed-item disclosure occurs between a passing PRIMARY and its CONFIRMATION. Both forms use the same P10 blueprint class but fresh passage evidence and fresh question wording. Only COMPREHENSION_CONFIRMED contributes to Band-A readiness.",RECENCY-1.0,Readiness evidence remains CURRENT until the first of: >56 calendar days since the latest passing same-RS confirmation/revalidation; >16 subsequent valid Band-A assessment/remediation sessions; or >28 consecutive calendar days with no SpeedReader learning session. Material scoring/threshold-version changes invalidate evidence immediately rather than merely making it stale. These numeric limits are PROVISIONAL_PILOT and require later calibration.,"When evidence is REVALIDATION_DUE only because of recency/inactivity, use one fresh unseen EQUIV-2.1 same-RS P10 revalidation form. Score oral and comprehension streams independently before any targeted feedback. A passing stream renews only that stream's freshness anchor. A valid failing stream becomes NOT_YET and requires targeted remediation followed by a new full PRIMARY→CONFIRMATION cycle for that stream. Technical invalidity does not count as failure and does not reset freshness until valid evidence is obtained.",EVIDENCE-MIN-1.2,At least 90 assessable words and at least 22 assessable words in each quartile; all component metrics must be scoreable.,COMP-COVERAGE-1.0,Q1 D2: Sequence | Q2 D8: Vocabulary-in-context | Q3 D3: Cause/effect | Q4 D9: Judgment/application,,,,MIRROR_ONLY,SpeedReader_W1_BandA_Spec_v0.25.md,SpeedReader_W1_BandA_Spec_v0.25.md is sole normative source; v0.25 CSVs are mirrors only.,FORM-SUPPLY-1.0,PRE_GENERATED_QA_APPROVED_BANK,PROHIBITED,,,,STATE-SEP-1.0,Progress descriptors report P1/current trajectory only and cannot close readiness. BASELINE_MASTERY is allowed here.,"Use readiness_state only: PRIMARY_PENDING → PRIMARY_PASS/CONFIRMATION_PENDING → CONFIRMED_READY, or cause-specific NOT_YET / DISCORDANT_NOT_YET / REASSESS_TECHNICAL / INSUFFICIENT_EVIDENCE / INVALID_FORM / DIAGNOSTIC_HOLD. Only CONFIRMED_READY initially closes readiness; BASELINE_MASTERY is progress reporting only.",NONE,"Even if P1 meets the eventual P10 target, final readiness requires fresh P10 PRIMARY + matched CONFIRMATION."
